Workbook
Name DRY: #REF!
Name DRY: #REF!
Name dryx: #REF!
Name WET: #REF!
Name WET: #REF!
Name WET: #REF!

Sheet Cal Certificate
C5: Calibration Certificate
R7: Certificate No.: | V7: =CONCATENATE("25-",DataSheet!L7,DataSheet!N7,DataSheet!O7,DataSheet!AN7," ","Rev.00") -> 25- Rev.00
C9: Customer : | O9: Location of Calibration :
D10: =DataSheet!H25 -> 0 | P10: =IF(DataSheet!AE25="x","SONJU ENGINEERING SERVICES",D10) -> SONJU ENGINEERING SERVICES
D11: =DataSheet!H27 -> 0 | P11: =IF(DataSheet!AE25="x",DataSheet!AG29,DataSheet!AG29) -> Electrical Calibration Area
C15: Manufacturer: | H15: =DataSheet!K11 -> Sanwa | O15: Description: | T15: =DataSheet!K9 -> Digital Multimeter
C16: Model No: | H16: =DataSheet!K13 -> CD800a | O16: Options Installed: | T16: =DataSheet!AL13 -> none
C17: Serial No: | H17: =DataSheet!K15 -> 0 | O17: Customer Asset No: | T17: =DataSheet!AL17 -> 0
C18: Calibration Date: | H18: =DataSheet!AL11 -> 0 | O18: Work Order No.: | T18: =DataSheet!L7 -> 0
C19: Received Date: | H19: =DataSheet!AL9 -> 0 | O19: Customer P.O.: | T19: =DataSheet!AL15 -> none
C20: Temperature: | H20: =IF(DataSheet!AE25="x","23 °C ± 5 °C",CONCATENATE(ROUND(AVERAGE(DataSheet!K41:L42),1)," ","°C")) -> 23 °C ± 5 °C | O20: Humidity: | T20: =IF(DataSheet!AE25="x","55 %rh ± 15 %rh",CONCATENATE(ROUND(AVERAGE(DataSheet!T41:U42),1)," ","%rh")) -> 55 %rh ± 15 %rh
C23: Cal Method / Procedure :
C24: =DataSheet!AB40 -> As per SONJU Engineering Services Work Instruction 7W-02-54 Digital Multimeter Calibration Procedure.
C26: This is to certify that the above Measuring and Test Equipment has been calibrated by SONJU Engineering Services in accordance with relevant calibration procedure defined for this instrument.
C29: Uncertainty:
C30: The expanded uncertainty of measurement for the results given in this certificate was estimated with a coverage factor of k = 2 at 95% level of confidence. The uncertainties of measurement were calculated using a budget worksheet based on JCGM 100:2008 Evaluation of measurement data - Guide to the Expression of Uncertainty in Measurement, 1st edition- 2008.
C34: Traceability:
C35: The instrument was calibrated using reference standard/s traceable to SI Units as maintained by NPL (United Kingdom), ITC-SCL (Hong Kong) and NML-ITDI (Philippines) through SONJU Engineering Services (Philippines).
C38: Reference Standard Used:
D40: Description | J40: Serial No. | P40: Cal Report Ref. | V40: Due Date
D42: =DataSheet!B33 -> Multiproduct Calibrator | J42: =DataSheet!Q33 -> 2181901 | P42: =DataSheet!AB33 -> 25-1604-01JSC Rev.00 | V42: =DataSheet!AO33 -> 46060
C44: Remarks:
C45: 1. The results were the average of the three (3) readings and were obtained during the time of calibration and refer only to the particular instrument submitted. Should the instrument be modified or damaged in any way, or develop inconsistent readings, the results may not be valid and the unit will require recalibration.
C48: 2. The user should determine the suitability of this instrument for its intended use.
C49: 3. Preliminary Inspection: Satisfactory.
C50: 4. A positve error is to subtracted to the UUT indication and negative error added to give true value.
C51: 5. As per customer request the next calibration due date is on: | O51: =EDATE(DataSheet!AL11,12) -> 366
E54: =DataSheet!B122 -> 0 | S54: Jennefer S. Ilas
E55: Calibration Officer | S55: Approved Signatory
D57: Issue Date :
C65: Measurement Results:
E67: =DataSheet!F52 -> DC Voltage Test
E68: Range | I68: Nominal Value | M68: Measured Value | Q68: Error | U68: Uncertainty
E70: =DataSheet!F55 -> 400 mV | I70: =CONCATENATE(DataSheet!L55," ",DataSheet!P55) -> 40 mV | M70: =CONCATENATE(TEXT(DataSheet!AM55,"0.0")," ",DataSheet!P55) -> #DIV/0! | Q70: =CONCATENATE(TEXT(DataSheet!AR55,"0.0")," ",DataSheet!P55) -> #DIV/0! | U70: =CONCATENATE(," ",TEXT(DataSheet!DD55,"0.000")," ",DataSheet!CZ55) -> #DIV/0!
I71: =CONCATENATE(DataSheet!L56," ",DataSheet!P56) -> 360 mV | M71: =CONCATENATE(TEXT(DataSheet!AM56,"0.0")," ",DataSheet!P56) -> #DIV/0! | Q71: =CONCATENATE(TEXT(DataSheet!AR56,"0.0")," ",DataSheet!P56) -> #DIV/0! | U71: =CONCATENATE(," ",TEXT(DataSheet!DD56,"0.000")," ",DataSheet!CZ56) -> #DIV/0!
I72: =CONCATENATE(DataSheet!L57," ",DataSheet!P57) -> -360 mV | M72: =CONCATENATE(TEXT(DataSheet!AM57,"0.0")," ",DataSheet!P57) -> #DIV/0! | Q72: =CONCATENATE(TEXT(DataSheet!AR57,"0.0")," ",DataSheet!P57) -> #DIV/0! | U72: =CONCATENATE(," ",TEXT(DataSheet!DD57,"0.000")," ",DataSheet!CZ57) -> #DIV/0!
E73: =DataSheet!F58 -> 4 V | I73: =CONCATENATE(DataSheet!L58," ",DataSheet!P58) -> 0.4 V | M73: =CONCATENATE(TEXT(DataSheet!AM58,"0.000")," ",DataSheet!P58) -> #DIV/0! | Q73: =CONCATENATE(TEXT(DataSheet!AR58,"0.000")," ",DataSheet!P58) -> #DIV/0! | U73: =CONCATENATE(" ",TEXT(DataSheet!DD58,"0.000 00")," ",DataSheet!CZ58) -> #DIV/0!
I74: =CONCATENATE(DataSheet!L59," ",DataSheet!P59) -> 3.6 V | M74: =CONCATENATE(TEXT(DataSheet!AM59,"0.000")," ",DataSheet!P59) -> #DIV/0! | Q74: =CONCATENATE(TEXT(DataSheet!AR59,"0.000")," ",DataSheet!P59) -> #DIV/0! | U74: =CONCATENATE(" ",TEXT(DataSheet!DD59,"0.000 00")," ",DataSheet!CZ59) -> #DIV/0!
I75: =CONCATENATE(DataSheet!L60," ",DataSheet!P60) -> -3.6 V | M75: =CONCATENATE(TEXT(DataSheet!AM60,"0.000")," ",DataSheet!P60) -> #DIV/0! | Q75: =CONCATENATE(TEXT(DataSheet!AR60,"0.000")," ",DataSheet!P60) -> #DIV/0! | U75: =CONCATENATE(" ",TEXT(DataSheet!DD60,"0.000 00")," ",DataSheet!CZ60) -> #DIV/0!
E76: =DataSheet!F61 -> 40 V | I76: =CONCATENATE(DataSheet!L61," ",DataSheet!P61) -> 4 V | M76: =CONCATENATE(TEXT(DataSheet!AM61,"0.00")," ",DataSheet!P61) -> #DIV/0! | Q76: =CONCATENATE(TEXT(DataSheet!AR61,"0.00")," ",DataSheet!P61) -> #DIV/0! | U76: =CONCATENATE(" ",TEXT(DataSheet!DD61,"0.000 0")," ",DataSheet!CZ61) -> #DIV/0!
I77: =CONCATENATE(DataSheet!L62," ",DataSheet!P62) -> 20 V | M77: =CONCATENATE(TEXT(DataSheet!AM62,"0.00")," ",DataSheet!P62) -> #DIV/0! | Q77: =CONCATENATE(TEXT(DataSheet!AR62,"0.00")," ",DataSheet!P62) -> #DIV/0! | U77: =CONCATENATE(" ",TEXT(DataSheet!DD62,"0.000 0")," ",DataSheet!CZ62) -> #DIV/0!
I78: =CONCATENATE(DataSheet!L63," ",DataSheet!P63) -> 36 V | M78: =CONCATENATE(TEXT(DataSheet!AM63,"0.00")," ",DataSheet!P63) -> #DIV/0! | Q78: =CONCATENATE(TEXT(DataSheet!AR63,"0.00")," ",DataSheet!P63) -> #DIV/0! | U78: =CONCATENATE(" ",TEXT(DataSheet!DD63,"0.000 0")," ",DataSheet!CZ63) -> #DIV/0!
I79: =CONCATENATE(DataSheet!L64," ",DataSheet!P64) -> -4 V | M79: =CONCATENATE(TEXT(DataSheet!AM64,"0.00")," ",DataSheet!P64) -> #DIV/0! | Q79: =CONCATENATE(TEXT(DataSheet!AR64,"0.00")," ",DataSheet!P64) -> #DIV/0! | U79: =CONCATENATE(" ",TEXT(DataSheet!DD64,"0.000 0")," ",DataSheet!CZ64) -> #DIV/0!
I80: =CONCATENATE(DataSheet!L65," ",DataSheet!P65) -> -36 V | M80: =CONCATENATE(TEXT(DataSheet!AM65,"0.00")," ",DataSheet!P65) -> #DIV/0! | Q80: =CONCATENATE(TEXT(DataSheet!AR65,"0.00")," ",DataSheet!P65) -> #DIV/0! | U80: =CONCATENATE(" ",TEXT(DataSheet!DD65,"0.000 0")," ",DataSheet!CZ65) -> #DIV/0!
E81: =DataSheet!F66 -> 400 V | I81: =CONCATENATE(DataSheet!L66," ",DataSheet!P66) -> 40 V | M81: =CONCATENATE(TEXT(DataSheet!AM66,"0.0")," ",DataSheet!P66) -> #DIV/0! | Q81: =CONCATENATE(TEXT(DataSheet!AR66,"0.0")," ",DataSheet!P66) -> #DIV/0! | U81: =CONCATENATE(" ",TEXT(DataSheet!DD66,"0.000")," ",DataSheet!CZ66) -> #DIV/0!
I82: =CONCATENATE(DataSheet!L67," ",DataSheet!P67) -> 360 V | M82: =CONCATENATE(TEXT(DataSheet!AM67,"0.0")," ",DataSheet!P67) -> #DIV/0! | Q82: =CONCATENATE(TEXT(DataSheet!AR67,"0.0")," ",DataSheet!P67) -> #DIV/0! | U82: =CONCATENATE(" ",TEXT(DataSheet!DD67,"0.000")," ",DataSheet!CZ67) -> #DIV/0!
I83: =CONCATENATE(DataSheet!L68," ",DataSheet!P68) -> -360 V | M83: =CONCATENATE(TEXT(DataSheet!AM68,"0.0")," ",DataSheet!P68) -> #DIV/0! | Q83: =CONCATENATE(TEXT(DataSheet!AR68,"0.0")," ",DataSheet!P68) -> #DIV/0! | U83: =CONCATENATE(" ",TEXT(DataSheet!DD68,"0.000")," ",DataSheet!CZ68) -> #DIV/0!
E84: =DataSheet!F69 -> 600 V | I84: =CONCATENATE(DataSheet!L69," ",DataSheet!P69) -> 60 V | M84: =CONCATENATE(TEXT(DataSheet!AM69,"0")," ",DataSheet!P69) -> #DIV/0! | Q84: =CONCATENATE(TEXT(DataSheet!AR69,"0")," ",DataSheet!P69) -> #DIV/0! | U84: =CONCATENATE(" ",TEXT(DataSheet!DD69,"0.00")," ",DataSheet!CZ69) -> #DIV/0!
I85: =CONCATENATE(DataSheet!L70," ",DataSheet!P70) -> 540 V | M85: =CONCATENATE(TEXT(DataSheet!AM70,"0")," ",DataSheet!P70) -> #DIV/0! | Q85: =CONCATENATE(TEXT(DataSheet!AR70,"0")," ",DataSheet!P70) -> #DIV/0! | U85: =CONCATENATE(" ",TEXT(DataSheet!DD70,"0.00")," ",DataSheet!CZ70) -> #DIV/0!
I86: =CONCATENATE(DataSheet!L71," ",DataSheet!P71) -> -540 V | M86: =CONCATENATE(TEXT(DataSheet!AM71,"0")," ",DataSheet!P71) -> #DIV/0! | Q86: =CONCATENATE(TEXT(DataSheet!AR71,"0")," ",DataSheet!P71) -> #DIV/0! | U86: =CONCATENATE(" ",TEXT(DataSheet!DD71,"0.00")," ",DataSheet!CZ71) -> #DIV/0!
E88: =DataSheet!F95 -> Resistance Test
E89: Range | I89: Nominal Value | M89: Measured Value | Q89: Error | U89: Uncertainty
E91: =DataSheet!F98 -> 400 Ω | I91: =CONCATENATE(DataSheet!L98," ",DataSheet!P98) -> 0 Ω | M91: =CONCATENATE(TEXT(DataSheet!AM98,"0.0")," ",DataSheet!P98) -> #DIV/0! | Q91: =CONCATENATE(TEXT(DataSheet!AR98,"0.0")," ",DataSheet!P98) -> #DIV/0! | U91: =CONCATENATE(" ",TEXT(DataSheet!DD98,"0.000")," ",DataSheet!CZ98) -> #DIV/0!
I92: =CONCATENATE(DataSheet!L99," ",DataSheet!P99) -> 360 Ω | M92: =CONCATENATE(TEXT(DataSheet!AM99,"0.0")," ",DataSheet!P99) -> #DIV/0! | Q92: =CONCATENATE(TEXT(DataSheet!AR99,"0.0")," ",DataSheet!P99) -> #DIV/0! | U92: =CONCATENATE(" ",TEXT(DataSheet!DD99,"0.000")," ",DataSheet!CZ99) -> #DIV/0!
E93: =DataSheet!F100 -> 4 kΩ | I93: =CONCATENATE(DataSheet!L100," ",DataSheet!P100) -> 3.6 kΩ | M93: =CONCATENATE(TEXT(DataSheet!AM100,"0.000")," ",DataSheet!P100) -> #DIV/0! | Q93: =CONCATENATE(TEXT(DataSheet!AR100,"0.000")," ",DataSheet!P100) -> #DIV/0! | U93: =CONCATENATE(" ",TEXT(DataSheet!DD100,"0.000 00")," ",DataSheet!CZ100) -> #DIV/0!
E94: =DataSheet!F101 -> 40 kΩ | I94: =CONCATENATE(DataSheet!L101," ",DataSheet!P101) -> 36 kΩ | M94: =CONCATENATE(TEXT(DataSheet!AM101,"0.00")," ",DataSheet!P101) -> #DIV/0! | Q94: =CONCATENATE(TEXT(DataSheet!AR101,"0.00")," ",DataSheet!P101) -> #DIV/0! | U94: =CONCATENATE(" ",TEXT(DataSheet!DD101,"0.000 0")," ",DataSheet!CZ101) -> #DIV/0!
E95: =DataSheet!F102 -> 400 kΩ | I95: =CONCATENATE(DataSheet!L102," ",DataSheet!P102) -> 360 kΩ | M95: =CONCATENATE(TEXT(DataSheet!AM102,"0.0")," ",DataSheet!P102) -> #DIV/0! | Q95: =CONCATENATE(TEXT(DataSheet!AR102,"0.0")," ",DataSheet!P102) -> #DIV/0! | U95: =CONCATENATE(" ",TEXT(DataSheet!DD102,"0.00")," ",DataSheet!CZ102) -> #DIV/0!
E96: =DataSheet!F103 -> 4 MΩ | I96: =CONCATENATE(DataSheet!L103," ",DataSheet!P103) -> 3.6 MΩ | M96: =CONCATENATE(TEXT(DataSheet!AM103,"0.000")," ",DataSheet!P103) -> #DIV/0! | Q96: =CONCATENATE(TEXT(DataSheet!AR103,"0.000")," ",DataSheet!P103) -> #DIV/0! | U96: =CONCATENATE(" ",TEXT(DataSheet!DD103,"0.000 00")," ",DataSheet!CZ103) -> #DIV/0!
E97: =DataSheet!F104 -> 40 MΩ | I97: =CONCATENATE(DataSheet!L104," ",DataSheet!P104) -> 36 MΩ | M97: =CONCATENATE(TEXT(DataSheet!AM104,"0.00")," ",DataSheet!P104) -> #DIV/0! | Q97: =CONCATENATE(TEXT(DataSheet!AR104,"0.00")," ",DataSheet!P104) -> #DIV/0! | U97: =CONCATENATE(" ",TEXT(DataSheet!DD104,"0.000")," ",DataSheet!CZ104) -> #DIV/0!
C107: =DataSheet!B122 -> 0
C108: Calibration Officer
C118: Measurement Results:
E120: =DataSheet!F73 -> AC Voltage Test
E121: Range | I121: Nominal Value | M121: Measured Value | Q121: Error | U121: Uncertainty
E123: =DataSheet!F76 -> 4 V | I123: =CONCATENATE(DataSheet!L76," ",DataSheet!P76," / ",DataSheet!S76) -> 0.4 V / 50 Hz | M123: =CONCATENATE(TEXT(DataSheet!AM76,"0.000")," ",DataSheet!P76) -> #DIV/0! | Q123: =CONCATENATE(TEXT(DataSheet!AR76,"0.000")," ",DataSheet!P76) -> #DIV/0! | U123: =CONCATENATE(" ",TEXT(DataSheet!DD76,"0.000 0")," ",DataSheet!CZ76) -> #DIV/0!
I124: =CONCATENATE(DataSheet!L77," ",DataSheet!P77," / ",DataSheet!S77) -> 0.4 V / 400 Hz | M124: =CONCATENATE(TEXT(DataSheet!AM77,"0.000")," ",DataSheet!P77) -> #DIV/0! | Q124: =CONCATENATE(TEXT(DataSheet!AR77,"0.000")," ",DataSheet!P77) -> #DIV/0! | U124: =CONCATENATE(" ",TEXT(DataSheet!DD77,"0.000 0")," ",DataSheet!CZ77) -> #DIV/0!
I125: =CONCATENATE(DataSheet!L78," ",DataSheet!P78," / ",DataSheet!S78) -> 3.6 V / 50 Hz | M125: =CONCATENATE(TEXT(DataSheet!AM78,"0.000")," ",DataSheet!P78) -> #DIV/0! | Q125: =CONCATENATE(TEXT(DataSheet!AR78,"0.000")," ",DataSheet!P78) -> #DIV/0! | U125: =CONCATENATE(" ",TEXT(DataSheet!DD78,"0.000 0")," ",DataSheet!CZ78) -> #DIV/0!
I126: =CONCATENATE(DataSheet!L79," ",DataSheet!P79," / ",DataSheet!S79) -> 3.6 V / 400 Hz | M126: =CONCATENATE(TEXT(DataSheet!AM79,"0.000")," ",DataSheet!P79) -> #DIV/0! | Q126: =CONCATENATE(TEXT(DataSheet!AR79,"0.000")," ",DataSheet!P79) -> #DIV/0! | U126: =CONCATENATE(" ",TEXT(DataSheet!DD79,"0.000 0")," ",DataSheet!CZ79) -> #DIV/0!
E127: =DataSheet!F80 -> 40 V | I127: =CONCATENATE(DataSheet!L80," ",DataSheet!P80," / ",DataSheet!S80) -> 4 V / 50 Hz | M127: =CONCATENATE(TEXT(DataSheet!AM80,"0.00")," ",DataSheet!P80) -> #DIV/0! | Q127: =CONCATENATE(TEXT(DataSheet!AR80,"0.00")," ",DataSheet!P80) -> #DIV/0! | U127: =CONCATENATE(" ",TEXT(DataSheet!DD80,"0.000 0")," ",DataSheet!CZ80) -> #DIV/0!
I128: =CONCATENATE(DataSheet!L81," ",DataSheet!P81," / ",DataSheet!S81) -> 4 V / 400 Hz | M128: =CONCATENATE(TEXT(DataSheet!AM81,"0.00")," ",DataSheet!P81) -> #DIV/0! | Q128: =CONCATENATE(TEXT(DataSheet!AR81,"0.00")," ",DataSheet!P81) -> #DIV/0! | U128: =CONCATENATE(" ",TEXT(DataSheet!DD81,"0.000 0")," ",DataSheet!CZ81) -> #DIV/0!
I129: =CONCATENATE(DataSheet!L82," ",DataSheet!P82," / ",DataSheet!S82) -> 20 V / 50 Hz | M129: =CONCATENATE(TEXT(DataSheet!AM82,"0.00")," ",DataSheet!P82) -> #DIV/0! | Q129: =CONCATENATE(TEXT(DataSheet!AR82,"0.00")," ",DataSheet!P82) -> #DIV/0! | U129: =CONCATENATE(" ",TEXT(DataSheet!DD82,"0.000 0")," ",DataSheet!CZ82) -> #DIV/0!
I130: =CONCATENATE(DataSheet!L83," ",DataSheet!P83," / ",DataSheet!S83) -> 20 V / 400 Hz | M130: =CONCATENATE(TEXT(DataSheet!AM83,"0.00")," ",DataSheet!P83) -> #DIV/0! | Q130: =CONCATENATE(TEXT(DataSheet!AR83,"0.00")," ",DataSheet!P83) -> #DIV/0! | U130: =CONCATENATE(" ",TEXT(DataSheet!DD83,"0.000 0")," ",DataSheet!CZ83) -> #DIV/0!
I131: =CONCATENATE(DataSheet!L84," ",DataSheet!P84," / ",DataSheet!S84) -> 36 V / 50 Hz | M131: =CONCATENATE(TEXT(DataSheet!AM84,"0.00")," ",DataSheet!P84) -> #DIV/0! | Q131: =CONCATENATE(TEXT(DataSheet!AR84,"0.00")," ",DataSheet!P84) -> #DIV/0! | U131: =CONCATENATE(" ",TEXT(DataSheet!DD84,"0.000")," ",DataSheet!CZ84) -> #DIV/0!
I132: =CONCATENATE(DataSheet!L85," ",DataSheet!P85," / ",DataSheet!S85) -> 36 V / 400 Hz | M132: =CONCATENATE(TEXT(DataSheet!AM85,"0.00")," ",DataSheet!P85) -> #DIV/0! | Q132: =CONCATENATE(TEXT(DataSheet!AR85,"0.00")," ",DataSheet!P85) -> #DIV/0! | U132: =CONCATENATE(" ",TEXT(DataSheet!DD85,"0.000")," ",DataSheet!CZ85) -> #DIV/0!
E133: =DataSheet!F86 -> 400 V | I133: =CONCATENATE(DataSheet!L86," ",DataSheet!P86," / ",DataSheet!S86) -> 40 V / 50 Hz | M133: =CONCATENATE(TEXT(DataSheet!AM86,"0.0")," ",DataSheet!P86) -> #DIV/0! | Q133: =CONCATENATE(TEXT(DataSheet!AR86,"0.0")," ",DataSheet!P86) -> #DIV/0! | U133: =CONCATENATE(" ",TEXT(DataSheet!DD86,"0.000")," ",DataSheet!CZ86) -> #DIV/0!
I134: =CONCATENATE(DataSheet!L87," ",DataSheet!P87," / ",DataSheet!S87) -> 40 V / 400 Hz | M134: =CONCATENATE(TEXT(DataSheet!AM87,"0.0")," ",DataSheet!P87) -> #DIV/0! | Q134: =CONCATENATE(TEXT(DataSheet!AR87,"0.0")," ",DataSheet!P87) -> #DIV/0! | U134: =CONCATENATE(" ",TEXT(DataSheet!DD87,"0.000")," ",DataSheet!CZ87) -> #DIV/0!
I135: =CONCATENATE(DataSheet!L88," ",DataSheet!P88," / ",DataSheet!S88) -> 360 V / 50 Hz | M135: =CONCATENATE(TEXT(DataSheet!AM88,"0.0")," ",DataSheet!P88) -> #DIV/0! | Q135: =CONCATENATE(TEXT(DataSheet!AR88,"0.0")," ",DataSheet!P88) -> #DIV/0! | U135: =CONCATENATE(" ",TEXT(DataSheet!DD88,"0.000")," ",DataSheet!CZ88) -> #DIV/0!
I136: =CONCATENATE(DataSheet!L89," ",DataSheet!P89," / ",DataSheet!S89) -> 360 V / 400 Hz | M136: =CONCATENATE(TEXT(DataSheet!AM89,"0.0")," ",DataSheet!P89) -> #DIV/0! | Q136: =CONCATENATE(TEXT(DataSheet!AR89,"0.0")," ",DataSheet!P89) -> #DIV/0! | U136: =CONCATENATE(" ",TEXT(DataSheet!DD89,"0.000")," ",DataSheet!CZ89) -> #DIV/0!
E137: =DataSheet!F90 -> 600 V | I137: =CONCATENATE(DataSheet!L90," ",DataSheet!P90," / ",DataSheet!S90) -> 60 V / 50 Hz | M137: =CONCATENATE(TEXT(DataSheet!AM90,"0")," ",DataSheet!P90) -> #DIV/0! | Q137: =CONCATENATE(TEXT(DataSheet!AR90,"0")," ",DataSheet!P90) -> #DIV/0! | U137: =CONCATENATE(" ",TEXT(DataSheet!DD90,"0.00")," ",DataSheet!CZ90) -> #DIV/0!
I138: =CONCATENATE(DataSheet!L91," ",DataSheet!P91," / ",DataSheet!S91) -> 60 V / 400 Hz | M138: =CONCATENATE(TEXT(DataSheet!AM91,"0")," ",DataSheet!P91) -> #DIV/0! | Q138: =CONCATENATE(TEXT(DataSheet!AR91,"0")," ",DataSheet!P91) -> #DIV/0! | U138: =CONCATENATE(" ",TEXT(DataSheet!DD91,"0.00")," ",DataSheet!CZ91) -> #DIV/0!
I139: =CONCATENATE(DataSheet!L92," ",DataSheet!P92," / ",DataSheet!S92) -> 540 V / 50 Hz | M139: =CONCATENATE(TEXT(DataSheet!AM92,"0")," ",DataSheet!P92) -> #DIV/0! | Q139: =CONCATENATE(TEXT(DataSheet!AR92,"0")," ",DataSheet!P92) -> #DIV/0! | U139: =CONCATENATE(" ",TEXT(DataSheet!DD92,"0.00")," ",DataSheet!CZ92) -> #DIV/0!
I140: =CONCATENATE(DataSheet!L93," ",DataSheet!P93," / ",DataSheet!S93) -> 540 V / 400 Hz | M140: =CONCATENATE(TEXT(DataSheet!AM93,"0")," ",DataSheet!P93) -> #DIV/0! | Q140: =CONCATENATE(TEXT(DataSheet!AR93,"0")," ",DataSheet!P93) -> #DIV/0! | U140: =CONCATENATE(" ",TEXT(DataSheet!DD93,"0.00")," ",DataSheet!CZ93) -> #DIV/0!
E142: =DataSheet!F106 -> DC Current Test
E143: Range | I143: Nominal Value | M143: Measured Value | Q143: Error | U143: Uncertainty
E145: =DataSheet!F109 -> 40 mA | I145: =CONCATENATE(DataSheet!L109," ",DataSheet!P109) -> 36 mA | M145: =CONCATENATE(TEXT(DataSheet!AM109,"0.00")," ",DataSheet!P109) -> #DIV/0! | Q145: =CONCATENATE(TEXT(DataSheet!AR109,"0.00")," ",DataSheet!P109) -> #DIV/0! | U145: =CONCATENATE(" ",TEXT(DataSheet!DD109,"0.000 0")," ",DataSheet!CZ109) -> #DIV/0!
I146: =CONCATENATE(DataSheet!L110," ",DataSheet!P110) -> -36 mA | M146: =CONCATENATE(TEXT(DataSheet!AM110,"0.00")," ",DataSheet!P110) -> #DIV/0! | Q146: =CONCATENATE(TEXT(DataSheet!AR110,"0.00")," ",DataSheet!P110) -> #DIV/0! | U146: =CONCATENATE(" ",TEXT(DataSheet!DD110,"0.000 0")," ",DataSheet!CZ110) -> #DIV/0!
E147: =DataSheet!F111 -> 400 mA | I147: =CONCATENATE(DataSheet!L111," ",DataSheet!P111) -> 360 mA | M147: =CONCATENATE(TEXT(DataSheet!AM111,"0.0")," ",DataSheet!P111) -> #DIV/0! | Q147: =CONCATENATE(TEXT(DataSheet!AR111,"0.0")," ",DataSheet!P111) -> #DIV/0! | U147: =CONCATENATE(" ",TEXT(DataSheet!DD111,"0.000")," ",DataSheet!CZ111) -> #DIV/0!
E149: =DataSheet!F113 -> AC Current Test
E150: Range | I150: Nominal Value | M150: Measured Value | Q150: Error | U150: Uncertainty
E152: =DataSheet!F116 -> 40 mA | I152: =CONCATENATE(DataSheet!L116," ",DataSheet!P116," / ",DataSheet!S116) -> 36 mA / 50 Hz | M152: =CONCATENATE(TEXT(DataSheet!AM116,"0.00")," ",DataSheet!P116) -> #DIV/0! | Q152: =CONCATENATE(TEXT(DataSheet!AR116,"0.00")," ",DataSheet!P116) -> #DIV/0! | U152: =CONCATENATE(" ",TEXT(DataSheet!DD116,"0.00")," ",DataSheet!CZ116) -> #DIV/0!
I153: =CONCATENATE(DataSheet!L117," ",DataSheet!P117," / ",DataSheet!S117) -> 36 mA / 400 Hz | M153: =CONCATENATE(TEXT(DataSheet!AM117,"0.00")," ",DataSheet!P117) -> #DIV/0! | Q153: =CONCATENATE(TEXT(DataSheet!AR117,"0.00")," ",DataSheet!P117) -> #DIV/0! | U153: =CONCATENATE(" ",TEXT(DataSheet!DD117,"0.00")," ",DataSheet!CZ117) -> #DIV/0!
E154: =DataSheet!F118 -> 400 mA | I154: =CONCATENATE(DataSheet!L118," ",DataSheet!P118," / ",DataSheet!S118) -> 360 mA / 50 Hz | M154: =CONCATENATE(TEXT(DataSheet!AM118,"0.0")," ",DataSheet!P118) -> #DIV/0! | Q154: =CONCATENATE(TEXT(DataSheet!AR118,"0.0")," ",DataSheet!P118) -> #DIV/0! | U154: =CONCATENATE(" ",TEXT(DataSheet!DD118,"0.0")," ",DataSheet!CZ118) -> #DIV/0!
I155: =CONCATENATE(DataSheet!L119," ",DataSheet!P119," / ",DataSheet!S119) -> 360 mA / 400 Hz | M155: =CONCATENATE(TEXT(DataSheet!AM119,"0.0")," ",DataSheet!P119) -> #DIV/0! | Q155: =CONCATENATE(TEXT(DataSheet!AR119,"0.0")," ",DataSheet!P119) -> #DIV/0! | U155: =CONCATENATE(" ",TEXT(DataSheet!DD119,"0.0")," ",DataSheet!CZ119) -> #DIV/0!
C160: =DataSheet!B122 -> 0
C161: Calibration Officer

Sheet DataSheet
B5: CALIBRATION DATASHEET
F7: Work Order No.: | AI7: Technical ID:
B8: Unit Under Calibration
B9: Description | J9: : | K9: Digital Multimeter | AB9: Received Date | AK9: :
B11: Manufacturer | J11: : | K11: Sanwa | AB11: Calibration Date | AK11: :
B13: Model | J13: : | K13: CD800a | AB13: Options Installed | AK13: : | AL13: none
B15: Serial Number | J15: : | AB15: Customer P.O. | AK15: : | AL15: none
B17: Range | J17: : | K17: see specification sheet | AB17: Asset Number | AK17: :
B19: Res/Readability | J19: : | K19: 4000 counts | AB19: Accuracy | AK19: : | AL19: see specification sheet
B21: Prev. SES Cal Cert: | J21: : | AB21: Previous Technician | AK21: :
B24: Customer Details | AB24: Calibration Location
B25: Company | G25: : | AE25: x | AG25: In-House (SONJU Laboratory)
B27: Address | G27: : | AG27: On-Site Calibration (Please Specify)
AG29: Electrical Calibration Area
B31: Reference Standard/s Used
B32: Description | Q32: Serial No. | AB32: Cal Report Ref. | AO32: Due Date
B33: Multiproduct Calibrator | Q33: 2181901 | AB33: 25-1604-01JSC Rev.00 | AO33: 46060
B35: Accessory Used
B36: Description | Q36: Serial No. | AB36: Brand | AO36: Model
B37: - | Q37: - | AB37: - | AO37: -
B39: Environmental Condition | AB39: Calibration Method
I40: Temperature | Q40: Relative Humidity | AB40: As per SONJU Engineering Services Work Instruction 7W-02-54 Digital Multimeter Calibration Procedure.
J41: Start: | M41: oC | S41: Start: | V41: %rh
J42: End: | M42: oC | S42: End: | V42: %rh
B44: Observations
AU45: Adjustment
AU46: Needed?
AX47: YES
AW48: x | AX48: NO
B50: Measurement Results
F52: DC Voltage Test | BB52: Based on Tolerance | BX52: Standard | CD52: Standard | CJ52: Unit Under Test | CP52: Unit Under Test | CV52: Expanded Uncertainty | DB52: MINIMUM CMC | DD52: FINAL UNCERTAINTY DECLARATION
F53: Range | L53: Nominal Value | S53: Frequency | X53: Measured Value | AM53: Average | AR53: Error | BB53: Tolerance | BG53: Upper Limit | BL53: Lower Limit | BQ53: Remarks | BX53: Source | BY53: Uncertainty | BZ53: Unit | CA53: Divisor | CB53: Ui | CD53: Source | CE53: Uncertainty | CF53: Unit | CG53: Divisor | CH53: Ui | CJ53: Source | CK53: Uncertainty | CL53: Unit | CM53: Divisor | CN53: Ui | CP53: Source | CQ53: Uncertainty | CR53: Unit | CS53: Divisor | CT53: Ui | CV53: COMBINED STANDARD | CW53: EFFECTIVE DEGREES | CX53: C. FACTOR, k = student's | CY53: EXPANDED UNCERTAINTY,
X54: 1 | AC54: 2 | AH54: 3 | CV54: UNCERTAINTY, Uc | CW54: OF FREEDOM, Veff | CX54: t for Veff and 95 % C.L. | CY54: U @ 95 % C.L. ±
F55: 400 mV | L55: 40 | P55: mV | S55: - | AM55: =AVERAGE(X55:AL55) -> #DIV/0! | AR55: =AM55-L55 -> #DIV/0! | BB55: =(AM55*0.7%)+(3*CK55) -> #DIV/0! | BG55: =L55+BB55 -> #DIV/0! | BL55: =L55-BB55 -> #DIV/0! | BQ55: =IF(AND(AM55<=BG55,AM55>=BL55),"PASS","FAIL") -> #DIV/0! | BX55: CoC | BY55: 0.00082 | BZ55: =P55 -> mV | CA55: 2 | CB55: =BY55/CA55 -> 0.00041 | CD55: Annual Drift | CE55: 0 | CF55: =BZ55 -> mV | CG55: =SQRT(3) -> 1.7320508 | CH55: =CE55/CG55 -> 0 | CJ55: Readability | CK55: 0.1 | CL55: =P55 -> mV | CM55: =SQRT(12) -> 3.4641016 | CN55: =CK55/CM55 -> 0.028867513 | CP55: Repeatability | CQ55: =STDEV(X55:AL55) -> #DIV/0! | CR55: =P55 -> mV | CS55: =SQRT(3) -> 1.7320508 | CT55: =CQ55/CS55 -> #DIV/0! | CV55: =SQRT(SUMSQ(CT55,CN55,CH55,CB55)) -> #DIV/0! | CW55: =(CV55^4)/(((CT55^4)/2)+((CN55^4)/200)+((CH55^4)/200)+((CB55^4)/200)) -> #DIV/0! | CX55: =ROUND(TINV(0.05,CW55),0) -> #DIV/0! | CY55: =(CV55*CX55) -> #DIV/0! | CZ55: =P55 -> mV | DB55: 0.0016 | DC55: =CZ55 -> mV | DD55: =MAX(DB55,CY55) -> #DIV/0! | DE55: =DC55 -> mV
L56: 360 | P56: mV | S56: - | AM56: =AVERAGE(X56:AL56) -> #DIV/0! | AR56: =AM56-L56 -> #DIV/0! | BB56: =(AM56*0.7%)+(3*CK56) -> #DIV/0! | BG56: =L56+BB56 -> #DIV/0! | BL56: =L56-BB56 -> #DIV/0! | BQ56: =IF(AND(AM56<=BG56,AM56>=BL56),"PASS","FAIL") -> #DIV/0! | BX56: CoC | BY56: 0.0024 | BZ56: =P56 -> mV | CA56: 2 | CB56: =BY56/CA56 -> 0.0012 | CD56: Annual Drift | CE56: 0 | CF56: =BZ56 -> mV | CG56: =SQRT(3) -> 1.7320508 | CH56: =CE56/CG56 -> 0 | CJ56: Readability | CK56: 0.1 | CL56: =P56 -> mV | CM56: =SQRT(12) -> 3.4641016 | CN56: =CK56/CM56 -> 0.028867513 | CP56: Repeatability | CQ56: =STDEV(X56:AL56) -> #DIV/0! | CR56: =P56 -> mV | CS56: =SQRT(3) -> 1.7320508 | CT56: =CQ56/CS56 -> #DIV/0! | CV56: =SQRT(SUMSQ(CT56,CN56,CH56,CB56)) -> #DIV/0! | CW56: =(CV56^4)/(((CT56^4)/2)+((CN56^4)/200)+((CH56^4)/200)+((CB56^4)/200)) -> #DIV/0! | CX56: =ROUND(TINV(0.05,CW56),0) -> #DIV/0! | CY56: =(CV56*CX56) -> #DIV/0! | CZ56: =P56 -> mV | DB56: 0.0018 | DC56: =CZ56 -> mV | DD56: =MAX(DB56,CY56) -> #DIV/0! | DE56: =DC56 -> mV
L57: -360 | P57: mV | S57: - | AM57: =AVERAGE(X57:AL57) -> #DIV/0! | AR57: =AM57-L57 -> #DIV/0! | BB57: =ABS(AM57*0.7%)+(3*CK57) -> #DIV/0! | BG57: =L57+BB57 -> #DIV/0! | BL57: =L57-BB57 -> #DIV/0! | BQ57: =IF(AND(AM57<=BG57,AM57>=BL57),"PASS","FAIL") -> #DIV/0! | BX57: CoC | BY57: 0.013 | BZ57: =P57 -> mV | CA57: 2 | CB57: =BY57/CA57 -> 0.0065 | CD57: Annual Drift | CE57: 0 | CF57: =BZ57 -> mV | CG57: =SQRT(3) -> 1.7320508 | CH57: =CE57/CG57 -> 0 | CJ57: Readability | CK57: 0.1 | CL57: =P57 -> mV | CM57: =SQRT(12) -> 3.4641016 | CN57: =CK57/CM57 -> 0.028867513 | CP57: Repeatability | CQ57: =STDEV(X57:AL57) -> #DIV/0! | CR57: =P57 -> mV | CS57: =SQRT(3) -> 1.7320508 | CT57: =CQ57/CS57 -> #DIV/0! | CV57: =SQRT(SUMSQ(CT57,CN57,CH57,CB57)) -> #DIV/0! | CW57: =(CV57^4)/(((CT57^4)/2)+((CN57^4)/200)+((CH57^4)/200)+((CB57^4)/200)) -> #DIV/0! | CX57: =ROUND(TINV(0.05,CW57),0) -> #DIV/0! | CY57: =(CV57*CX57) -> #DIV/0! | CZ57: =P57 -> mV | DB57: 0.0018 | DC57: =CZ57 -> mV | DD57: =MAX(DB57,CY57) -> #DIV/0! | DE57: =DC57 -> mV
F58: 4 V | L58: 0.4 | P58: V | S58: - | AM58: =AVERAGE(X58:AL58) -> #DIV/0! | AR58: =AM58-L58 -> #DIV/0! | BB58: =ABS(AM58*1.1%)+(3*CK58) -> #DIV/0! | BG58: =L58+BB58 -> #DIV/0! | BL58: =L58-BB58 -> #DIV/0! | BQ58: =IF(AND(AM58<=BG58,AM58>=BL58),"PASS","FAIL") -> #DIV/0! | BX58: CoC | BY58: 2.4e-06 | BZ58: =P58 -> V | CA58: 2 | CB58: =BY58/CA58 -> 1.2e-06 | CD58: Annual Drift | CE58: 0 | CF58: =BZ58 -> V | CG58: =SQRT(3) -> 1.7320508 | CH58: =CE58/CG58 -> 0 | CJ58: Readability | CK58: 0.001 | CL58: =P58 -> V | CM58: =SQRT(12) -> 3.4641016 | CN58: =CK58/CM58 -> 0.00028867513 | CP58: Repeatability | CQ58: =STDEV(X58:AL58) -> #DIV/0! | CR58: =P58 -> V | CS58: =SQRT(3) -> 1.7320508 | CT58: =CQ58/CS58 -> #DIV/0! | CV58: =SQRT(SUMSQ(CT58,CN58,CH58,CB58)) -> #DIV/0! | CW58: =(CV58^4)/(((CT58^4)/2)+((CN58^4)/200)+((CH58^4)/200)+((CB58^4)/200)) -> #DIV/0! | CX58: =ROUND(TINV(0.05,CW58),0) -> #DIV/0! | CY58: =(CV58*CX58) -> #DIV/0! | CZ58: =P58 -> V | DB58: 1.8e-06 | DC58: =CZ58 -> V | DD58: =MAX(DB58,CY58) -> #DIV/0! | DE58: =DC58 -> V
L59: 3.6 | P59: V | S59: - | AM59: =AVERAGE(X59:AL59) -> #DIV/0! | AR59: =AM59-L59 -> #DIV/0! | BB59: =ABS(AM59*1.1%)+(3*CK59) -> #DIV/0! | BG59: =L59+BB59 -> #DIV/0! | BL59: =L59-BB59 -> #DIV/0! | BQ59: =IF(AND(AM59<=BG59,AM59>=BL59),"PASS","FAIL") -> #DIV/0! | BX59: CoC | BY59: 2.1e-05 | BZ59: =P59 -> V | CA59: 2 | CB59: =BY59/CA59 -> 1.05e-05 | CD59: Annual Drift | CE59: 0 | CF59: =BZ59 -> V | CG59: =SQRT(3) -> 1.7320508 | CH59: =CE59/CG59 -> 0 | CJ59: Readability | CK59: 0.001 | CL59: =P59 -> V | CM59: =SQRT(12) -> 3.4641016 | CN59: =CK59/CM59 -> 0.00028867513 | CP59: Repeatability | CQ59: =STDEV(X59:AL59) -> #DIV/0! | CR59: =P59 -> V | CS59: =SQRT(3) -> 1.7320508 | CT59: =CQ59/CS59 -> #DIV/0! | CV59: =SQRT(SUMSQ(CT59,CN59,CH59,CB59)) -> #DIV/0! | CW59: =(CV59^4)/(((CT59^4)/2)+((CN59^4)/200)+((CH59^4)/200)+((CB59^4)/200)) -> #DIV/0! | CX59: =ROUND(TINV(0.05,CW59),0) -> #DIV/0! | CY59: =(CV59*CX59) -> #DIV/0! | CZ59: =P59 -> V | DB59: 1e-05 | DC59: =CZ59 -> V | DD59: =MAX(DB59,CY59) -> #DIV/0! | DE59: =DC59 -> V
L60: -3.6 | P60: V | S60: - | AM60: =AVERAGE(X60:AL60) -> #DIV/0! | AR60: =AM60-L60 -> #DIV/0! | BB60: =ABS(AM60*1.1%)+(3*CK60) -> #DIV/0! | BG60: =L60+BB60 -> #DIV/0! | BL60: =L60-BB60 -> #DIV/0! | BQ60: =IF(AND(AM60<=BG60,AM60>=BL60),"PASS","FAIL") -> #DIV/0! | BX60: CoC | BY60: 2.2e-05 | BZ60: =P60 -> V | CA60: 2 | CB60: =BY60/CA60 -> 1.1e-05 | CD60: Annual Drift | CE60: 0 | CF60: =BZ60 -> V | CG60: =SQRT(3) -> 1.7320508 | CH60: =CE60/CG60 -> 0 | CJ60: Readability | CK60: 0.001 | CL60: =P60 -> V | CM60: =SQRT(12) -> 3.4641016 | CN60: =CK60/CM60 -> 0.00028867513 | CP60: Repeatability | CQ60: =STDEV(X60:AL60) -> #DIV/0! | CR60: =P60 -> V | CS60: =SQRT(3) -> 1.7320508 | CT60: =CQ60/CS60 -> #DIV/0! | CV60: =SQRT(SUMSQ(CT60,CN60,CH60,CB60)) -> #DIV/0! | CW60: =(CV60^4)/(((CT60^4)/2)+((CN60^4)/200)+((CH60^4)/200)+((CB60^4)/200)) -> #DIV/0! | CX60: =ROUND(TINV(0.05,CW60),0) -> #DIV/0! | CY60: =(CV60*CX60) -> #DIV/0! | CZ60: =P60 -> V | DB60: 1e-05 | DC60: =CZ60 -> V | DD60: =MAX(DB60,CY60) -> #DIV/0! | DE60: =DC60 -> V
F61: 40 V | L61: 4 | P61: V | S61: - | AM61: =AVERAGE(X61:AL61) -> #DIV/0! | AR61: =AM61-L61 -> #DIV/0! | BB61: =ABS(AM61*1.1%)+(3*CK61) -> #DIV/0! | BG61: =L61+BB61 -> #DIV/0! | BL61: =L61-BB61 -> #DIV/0! | BQ61: =IF(AND(AM61<=BG61,AM61>=BL61),"PASS","FAIL") -> #DIV/0! | BX61: CoC | BY61: 2.1e-05 | BZ61: =P61 -> V | CA61: 2 | CB61: =BY61/CA61 -> 1.05e-05 | CD61: Annual Drift | CE61: 0 | CF61: =BZ61 -> V | CG61: =SQRT(3) -> 1.7320508 | CH61: =CE61/CG61 -> 0 | CJ61: Readability | CK61: 0.01 | CL61: =P61 -> V | CM61: =SQRT(12) -> 3.4641016 | CN61: =CK61/CM61 -> 0.0028867513 | CP61: Repeatability | CQ61: =STDEV(X61:AL61) -> #DIV/0! | CR61: =P61 -> V | CS61: =SQRT(3) -> 1.7320508 | CT61: =CQ61/CS61 -> #DIV/0! | CV61: =SQRT(SUMSQ(CT61,CN61,CH61,CB61)) -> #DIV/0! | CW61: =(CV61^4)/(((CT61^4)/2)+((CN61^4)/200)+((CH61^4)/200)+((CB61^4)/200)) -> #DIV/0! | CX61: =ROUND(TINV(0.05,CW61),0) -> #DIV/0! | CY61: =(CV61*CX61) -> #DIV/0! | CZ61: =P61 -> V | DB61: 1e-05 | DC61: =CZ61 -> V | DD61: =MAX(DB61,CY61) -> #DIV/0! | DE61: =DC61 -> V
L62: 20 | P62: V | S62: - | AM62: =AVERAGE(X62:AL62) -> #DIV/0! | AR62: =AM62-L62 -> #DIV/0! | BB62: =ABS(AM62*1.1%)+(3*CK62) -> #DIV/0! | BG62: =L62+BB62 -> #DIV/0! | BL62: =L62-BB62 -> #DIV/0! | BQ62: =IF(AND(AM62<=BG62,AM62>=BL62),"PASS","FAIL") -> #DIV/0! | BX62: CoC | BY62: 0.0004 | BZ62: =P62 -> V | CA62: 2 | CB62: =BY62/CA62 -> 0.0002 | CD62: Annual Drift | CE62: 0 | CF62: =BZ62 -> V | CG62: =SQRT(3) -> 1.7320508 | CH62: =CE62/CG62 -> 0 | CJ62: Readability | CK62: 0.01 | CL62: =P62 -> V | CM62: =SQRT(12) -> 3.4641016 | CN62: =CK62/CM62 -> 0.0028867513 | CP62: Repeatability | CQ62: =STDEV(X62:AL62) -> #DIV/0! | CR62: =P62 -> V | CS62: =SQRT(3) -> 1.7320508 | CT62: =CQ62/CS62 -> #DIV/0! | CV62: =SQRT(SUMSQ(CT62,CN62,CH62,CB62)) -> #DIV/0! | CW62: =(CV62^4)/(((CT62^4)/2)+((CN62^4)/200)+((CH62^4)/200)+((CB62^4)/200)) -> #DIV/0! | CX62: =ROUND(TINV(0.05,CW62),0) -> #DIV/0! | CY62: =(CV62*CX62) -> #DIV/0! | CZ62: =P62 -> V | DB62: 1e-05 | DC62: =CZ62 -> V | DD62: =MAX(DB62,CY62) -> #DIV/0! | DE62: =DC62 -> V
L63: 36 | P63: V | S63: - | AM63: =AVERAGE(X63:AL63) -> #DIV/0! | AR63: =AM63-L63 -> #DIV/0! | BB63: =ABS(AM63*1.1%)+(3*CK63) -> #DIV/0! | BG63: =L63+BB63 -> #DIV/0! | BL63: =L63-BB63 -> #DIV/0! | BQ63: =IF(AND(AM63<=BG63,AM63>=BL63),"PASS","FAIL") -> #DIV/0! | BX63: CoC | BY63: 0.0004 | BZ63: =P63 -> V | CA63: 2 | CB63: =BY63/CA63 -> 0.0002 | CD63: Annual Drift | CE63: 0 | CF63: =BZ63 -> V | CG63: =SQRT(3) -> 1.7320508 | CH63: =CE63/CG63 -> 0 | CJ63: Readability | CK63: 0.01 | CL63: =P63 -> V | CM63: =SQRT(12) -> 3.4641016 | CN63: =CK63/CM63 -> 0.0028867513 | CP63: Repeatability | CQ63: =STDEV(X63:AL63) -> #DIV/0! | CR63: =P63 -> V | CS63: =SQRT(3) -> 1.7320508 | CT63: =CQ63/CS63 -> #DIV/0! | CV63: =SQRT(SUMSQ(CT63,CN63,CH63,CB63)) -> #DIV/0! | CW63: =(CV63^4)/(((CT63^4)/2)+((CN63^4)/200)+((CH63^4)/200)+((CB63^4)/200)) -> #DIV/0! | CX63: =ROUND(TINV(0.05,CW63),0) -> #DIV/0! | CY63: =(CV63*CX63) -> #DIV/0! | CZ63: =P63 -> V | DB63: 0.00018 | DC63: =CZ63 -> V | DD63: =MAX(DB63,CY63) -> #DIV/0! | DE63: =DC63 -> V
L64: -4 | P64: V | S64: - | AM64: =AVERAGE(X64:AL64) -> #DIV/0! | AR64: =AM64-L64 -> #DIV/0! | BB64: =ABS(AM64*1.1%)+(3*CK64) -> #DIV/0! | BG64: =L64+BB64 -> #DIV/0! | BL64: =L64-BB64 -> #DIV/0! | BQ64: =IF(AND(AM64<=BG64,AM64>=BL64),"PASS","FAIL") -> #DIV/0! | BX64: CoC | BY64: 2.2e-05 | BZ64: =P64 -> V | CA64: 2 | CB64: =BY64/CA64 -> 1.1e-05 | CD64: Annual Drift | CE64: 0 | CF64: =BZ64 -> V | CG64: =SQRT(3) -> 1.7320508 | CH64: =CE64/CG64 -> 0 | CJ64: Readability | CK64: 0.01 | CL64: =P64 -> V | CM64: =SQRT(12) -> 3.4641016 | CN64: =CK64/CM64 -> 0.0028867513 | CP64: Repeatability | CQ64: =STDEV(X64:AL64) -> #DIV/0! | CR64: =P64 -> V | CS64: =SQRT(3) -> 1.7320508 | CT64: =CQ64/CS64 -> #DIV/0! | CV64: =SQRT(SUMSQ(CT64,CN64,CH64,CB64)) -> #DIV/0! | CW64: =(CV64^4)/(((CT64^4)/2)+((CN64^4)/200)+((CH64^4)/200)+((CB64^4)/200)) -> #DIV/0! | CX64: =ROUND(TINV(0.05,CW64),0) -> #DIV/0! | CY64: =(CV64*CX64) -> #DIV/0! | CZ64: =P64 -> V | DB64: 1e-05 | DC64: =CZ64 -> V | DD64: =MAX(DB64,CY64) -> #DIV/0! | DE64: =DC64 -> V
L65: -36 | P65: V | S65: - | AM65: =AVERAGE(X65:AL65) -> #DIV/0! | AR65: =AM65-L65 -> #DIV/0! | BB65: =ABS(AM65*1.1%)+(3*CK65) -> #DIV/0! | BG65: =L65+BB65 -> #DIV/0! | BL65: =L65-BB65 -> #DIV/0! | BQ65: =IF(AND(AM65<=BG65,AM65>=BL65),"PASS","FAIL") -> #DIV/0! | BX65: CoC | BY65: 0.0004 | BZ65: =P65 -> V | CA65: 2 | CB65: =BY65/CA65 -> 0.0002 | CD65: Annual Drift | CE65: 0 | CF65: =BZ65 -> V | CG65: =SQRT(3) -> 1.7320508 | CH65: =CE65/CG65 -> 0 | CJ65: Readability | CK65: 0.01 | CL65: =P65 -> V | CM65: =SQRT(12) -> 3.4641016 | CN65: =CK65/CM65 -> 0.0028867513 | CP65: Repeatability | CQ65: =STDEV(X65:AL65) -> #DIV/0! | CR65: =P65 -> V | CS65: =SQRT(3) -> 1.7320508 | CT65: =CQ65/CS65 -> #DIV/0! | CV65: =SQRT(SUMSQ(CT65,CN65,CH65,CB65)) -> #DIV/0! | CW65: =(CV65^4)/(((CT65^4)/2)+((CN65^4)/200)+((CH65^4)/200)+((CB65^4)/200)) -> #DIV/0! | CX65: =ROUND(TINV(0.05,CW65),0) -> #DIV/0! | CY65: =(CV65*CX65) -> #DIV/0! | CZ65: =P65 -> V | DB65: 0.00018 | DC65: =CZ65 -> V | DD65: =MAX(DB65,CY65) -> #DIV/0! | DE65: =DC65 -> V
F66: 400 V | L66: 40 | P66: V | S66: - | AM66: =AVERAGE(X66:AL66) -> #DIV/0! | AR66: =AM66-L66 -> #DIV/0! | BB66: =ABS(AM66*1.1%)+(3*CK66) -> #DIV/0! | BG66: =L66+BB66 -> #DIV/0! | BL66: =L66-BB66 -> #DIV/0! | BQ66: =IF(AND(AM66<=BG66,AM66>=BL66),"PASS","FAIL") -> #DIV/0! | BX66: CoC | BY66: 0.0004 | BZ66: =P66 -> V | CA66: 2 | CB66: =BY66/CA66 -> 0.0002 | CD66: Annual Drift | CE66: 0 | CF66: =BZ66 -> V | CG66: =SQRT(3) -> 1.7320508 | CH66: =CE66/CG66 -> 0 | CJ66: Readability | CK66: 0.1 | CL66: =P66 -> V | CM66: =SQRT(12) -> 3.4641016 | CN66: =CK66/CM66 -> 0.028867513 | CP66: Repeatability | CQ66: =STDEV(X66:AL66) -> #DIV/0! | CR66: =P66 -> V | CS66: =SQRT(3) -> 1.7320508 | CT66: =CQ66/CS66 -> #DIV/0! | CV66: =SQRT(SUMSQ(CT66,CN66,CH66,CB66)) -> #DIV/0! | CW66: =(CV66^4)/(((CT66^4)/2)+((CN66^4)/200)+((CH66^4)/200)+((CB66^4)/200)) -> #DIV/0! | CX66: =ROUND(TINV(0.05,CW66),0) -> #DIV/0! | CY66: =(CV66*CX66) -> #DIV/0! | CZ66: =P66 -> V | DB66: 0.00018 | DC66: =CZ66 -> V | DD66: =MAX(DB66,CY66) -> #DIV/0! | DE66: =DC66 -> V
L67: 360 | P67: V | S67: - | AM67: =AVERAGE(X67:AL67) -> #DIV/0! | AR67: =AM67-L67 -> #DIV/0! | BB67: =ABS(AM67*1.1%)+(3*CK67) -> #DIV/0! | BG67: =L67+BB67 -> #DIV/0! | BL67: =L67-BB67 -> #DIV/0! | BQ67: =IF(AND(AM67<=BG67,AM67>=BL67),"PASS","FAIL") -> #DIV/0! | BX67: CoC | BY67: 0.0047 | BZ67: =P67 -> V | CA67: 2 | CB67: =BY67/CA67 -> 0.00235 | CD67: Annual Drift | CE67: 0 | CF67: =BZ67 -> V | CG67: =SQRT(3) -> 1.7320508 | CH67: =CE67/CG67 -> 0 | CJ67: Readability | CK67: 0.1 | CL67: =P67 -> V | CM67: =SQRT(12) -> 3.4641016 | CN67: =CK67/CM67 -> 0.028867513 | CP67: Repeatability | CQ67: =STDEV(X67:AL67) -> #DIV/0! | CR67: =P67 -> V | CS67: =SQRT(3) -> 1.7320508 | CT67: =CQ67/CS67 -> #DIV/0! | CV67: =SQRT(SUMSQ(CT67,CN67,CH67,CB67)) -> #DIV/0! | CW67: =(CV67^4)/(((CT67^4)/2)+((CN67^4)/200)+((CH67^4)/200)+((CB67^4)/200)) -> #DIV/0! | CX67: =ROUND(TINV(0.05,CW67),0) -> #DIV/0! | CY67: =(CV67*CX67) -> #DIV/0! | CZ67: =P67 -> V | DB67: 0.0014 | DC67: =CZ67 -> V | DD67: =MAX(DB67,CY67) -> #DIV/0! | DE67: =DC67 -> V
L68: -360 | P68: V | S68: - | AM68: =AVERAGE(X68:AL68) -> #DIV/0! | AR68: =AM68-L68 -> #DIV/0! | BB68: =ABS(AM68*1.1%)+(3*CK68) -> #DIV/0! | BG68: =L68+BB68 -> #DIV/0! | BL68: =L68-BB68 -> #DIV/0! | BQ68: =IF(AND(AM68<=BG68,AM68>=BL68),"PASS","FAIL") -> #DIV/0! | BX68: CoC | BY68: 0.0047 | BZ68: =P68 -> V | CA68: 2 | CB68: =BY68/CA68 -> 0.00235 | CD68: Annual Drift | CE68: 0 | CF68: =BZ68 -> V | CG68: =SQRT(3) -> 1.7320508 | CH68: =CE68/CG68 -> 0 | CJ68: Readability | CK68: 0.1 | CL68: =P68 -> V | CM68: =SQRT(12) -> 3.4641016 | CN68: =CK68/CM68 -> 0.028867513 | CP68: Repeatability | CQ68: =STDEV(X68:AL68) -> #DIV/0! | CR68: =P68 -> V | CS68: =SQRT(3) -> 1.7320508 | CT68: =CQ68/CS68 -> #DIV/0! | CV68: =SQRT(SUMSQ(CT68,CN68,CH68,CB68)) -> #DIV/0! | CW68: =(CV68^4)/(((CT68^4)/2)+((CN68^4)/200)+((CH68^4)/200)+((CB68^4)/200)) -> #DIV/0! | CX68: =ROUND(TINV(0.05,CW68),0) -> #DIV/0! | CY68: =(CV68*CX68) -> #DIV/0! | CZ68: =P68 -> V | DB68: 0.0014 | DC68: =CZ68 -> V | DD68: =MAX(DB68,CY68) -> #DIV/0! | DE68: =DC68 -> V
F69: 600 V | L69: 60 | P69: V | S69: - | AM69: =AVERAGE(X69:AL69) -> #DIV/0! | AR69: =AM69-L69 -> #DIV/0! | BB69: =ABS(AM69*1.1%)+(3*CK69) -> #DIV/0! | BG69: =L69+BB69 -> #DIV/0! | BL69: =L69-BB69 -> #DIV/0! | BQ69: =IF(AND(AM69<=BG69,AM69>=BL69),"PASS","FAIL") -> #DIV/0! | BX69: CoC | BY69: 0.00041 | BZ69: =P69 -> V | CA69: 2 | CB69: =BY69/CA69 -> 0.000205 | CD69: Annual Drift | CE69: 0 | CF69: =BZ69 -> V | CG69: =SQRT(3) -> 1.7320508 | CH69: =CE69/CG69 -> 0 | CJ69: Readability | CK69: 1 | CL69: =P69 -> V | CM69: =SQRT(12) -> 3.4641016 | CN69: =CK69/CM69 -> 0.28867513 | CP69: Repeatability | CQ69: =STDEV(X69:AL69) -> #DIV/0! | CR69: =P69 -> V | CS69: =SQRT(3) -> 1.7320508 | CT69: =CQ69/CS69 -> #DIV/0! | CV69: =SQRT(SUMSQ(CT69,CN69,CH69,CB69)) -> #DIV/0! | CW69: =(CV69^4)/(((CT69^4)/2)+((CN69^4)/200)+((CH69^4)/200)+((CB69^4)/200)) -> #DIV/0! | CX69: =ROUND(TINV(0.05,CW69),0) -> #DIV/0! | CY69: =(CV69*CX69) -> #DIV/0! | CZ69: =P69 -> V | DB69: 0.00018 | DC69: =CZ69 -> V | DD69: =MAX(DB69,CY69) -> #DIV/0! | DE69: =DC69 -> V
L70: 540 | P70: V | S70: - | AM70: =AVERAGE(X70:AL70) -> #DIV/0! | AR70: =AM70-L70 -> #DIV/0! | BB70: =ABS(AM70*1.1%)+(3*CK70) -> #DIV/0! | BG70: =L70+BB70 -> #DIV/0! | BL70: =L70-BB70 -> #DIV/0! | BQ70: =IF(AND(AM70<=BG70,AM70>=BL70),"PASS","FAIL") -> #DIV/0! | BX70: CoC | BY70: 0.0047 | BZ70: =P70 -> V | CA70: 2 | CB70: =BY70/CA70 -> 0.00235 | CD70: Annual Drift | CE70: 0 | CF70: =BZ70 -> V | CG70: =SQRT(3) -> 1.7320508 | CH70: =CE70/CG70 -> 0 | CJ70: Readability | CK70: 1 | CL70: =P70 -> V | CM70: =SQRT(12) -> 3.4641016 | CN70: =CK70/CM70 -> 0.28867513 | CP70: Repeatability | CQ70: =STDEV(X70:AL70) -> #DIV/0! | CR70: =P70 -> V | CS70: =SQRT(3) -> 1.7320508 | CT70: =CQ70/CS70 -> #DIV/0! | CV70: =SQRT(SUMSQ(CT70,CN70,CH70,CB70)) -> #DIV/0! | CW70: =(CV70^4)/(((CT70^4)/2)+((CN70^4)/200)+((CH70^4)/200)+((CB70^4)/200)) -> #DIV/0! | CX70: =ROUND(TINV(0.05,CW70),0) -> #DIV/0! | CY70: =(CV70*CX70) -> #DIV/0! | CZ70: =P70 -> V | DB70: 0.0014 | DC70: =CZ70 -> V | DD70: =MAX(DB70,CY70) -> #DIV/0! | DE70: =DC70 -> V
L71: -540 | P71: V | S71: - | AM71: =AVERAGE(X71:AL71) -> #DIV/0! | AR71: =AM71-L71 -> #DIV/0! | BB71: =ABS(AM71*1.1%)+(3*CK71) -> #DIV/0! | BG71: =L71+BB71 -> #DIV/0! | BL71: =L71-BB71 -> #DIV/0! | BQ71: =IF(AND(AM71<=BG71,AM71>=BL71),"PASS","FAIL") -> #DIV/0! | BX71: CoC | BY71: 0.0047 | BZ71: =P71 -> V | CA71: 2 | CB71: =BY71/CA71 -> 0.00235 | CD71: Annual Drift | CE71: 0 | CF71: =BZ71 -> V | CG71: =SQRT(3) -> 1.7320508 | CH71: =CE71/CG71 -> 0 | CJ71: Readability | CK71: 1 | CL71: =P71 -> V | CM71: =SQRT(12) -> 3.4641016 | CN71: =CK71/CM71 -> 0.28867513 | CP71: Repeatability | CQ71: =STDEV(X71:AL71) -> #DIV/0! | CR71: =P71 -> V | CS71: =SQRT(3) -> 1.7320508 | CT71: =CQ71/CS71 -> #DIV/0! | CV71: =SQRT(SUMSQ(CT71,CN71,CH71,CB71)) -> #DIV/0! | CW71: =(CV71^4)/(((CT71^4)/2)+((CN71^4)/200)+((CH71^4)/200)+((CB71^4)/200)) -> #DIV/0! | CX71: =ROUND(TINV(0.05,CW71),0) -> #DIV/0! | CY71: =(CV71*CX71) -> #DIV/0! | CZ71: =P71 -> V | DB71: 0.0014 | DC71: =CZ71 -> V | DD71: =MAX(DB71,CY71) -> #DIV/0! | DE71: =DC71 -> V
F73: AC Voltage Test | BB73: Based on Tolerance | BX73: Standard | CD73: Standard | CJ73: Unit Under Test | CP73: Unit Under Test | CV73: Expanded Uncertainty | DB73: MINIMUM CMC | DD73: FINAL UNCERTAINTY DECLARATION
F74: Range | L74: Nominal Value | S74: Frequency | X74: Measured Value | AM74: Average | AR74: Error | BB74: Tolerance | BG74: Upper Limit | BL74: Lower Limit | BQ74: Remarks | BX74: Source | BY74: Uncertainty | BZ74: Unit | CA74: Divisor | CB74: Ui | CD74: Source | CE74: Uncertainty | CF74: Unit | CG74: Divisor | CH74: Ui | CJ74: Source | CK74: Uncertainty | CL74: Unit | CM74: Divisor | CN74: Ui | CP74: Source | CQ74: Uncertainty | CR74: Unit | CS74: Divisor | CT74: Ui | CV74: COMBINED STANDARD | CW74: EFFECTIVE DEGREES | CX74: C. FACTOR, k = student's | CY74: EXPANDED UNCERTAINTY,
X75: 1 | AC75: 2 | AH75: 3 | CV75: UNCERTAINTY, Uc | CW75: OF FREEDOM, Veff | CX75: t for Veff and 95 % C.L. | CY75: U @ 95 % C.L. ±
F76: 4 V | L76: 0.4 | P76: V | S76: 50 Hz | AM76: =AVERAGE(X76:AL76) -> #DIV/0! | AR76: =AM76-L76 -> #DIV/0! | BB76: =(AM76*1.6%)+(9*CK76) -> #DIV/0! | BG76: =L76+BB76 -> #DIV/0! | BL76: =L76-BB76 -> #DIV/0! | BQ76: =IF(AND(AM76<=BG76,AM76>=BL76),"PASS","FAIL") -> #DIV/0! | BX76: CoC | BY76: 0.00091 | BZ76: =P76 -> V | CA76: 2 | CB76: =BY76/CA76 -> 0.000455 | CD76: Annual Drift | CE76: 0 | CF76: =BZ76 -> V | CG76: =SQRT(3) -> 1.7320508 | CH76: =CE76/CG76 -> 0 | CJ76: Readability | CK76: 0.001 | CL76: =P76 -> V | CM76: =SQRT(12) -> 3.4641016 | CN76: =CK76/CM76 -> 0.00028867513 | CP76: Repeatability | CQ76: =STDEV(X76:AL76) -> #DIV/0! | CR76: =P76 -> V | CS76: =SQRT(3) -> 1.7320508 | CT76: =CQ76/CS76 -> #DIV/0! | CV76: =SQRT(SUMSQ(CT76,CN76,CH76,CB76)) -> #DIV/0! | CW76: =(CV76^4)/(((CT76^4)/2)+((CN76^4)/200)+((CH76^4)/200)+((CB76^4)/200)) -> #DIV/0! | CX76: =ROUND(TINV(0.05,CW76),0) -> #DIV/0! | CY76: =(CV76*CX76) -> #DIV/0! | CZ76: =P76 -> V | DB76: 8.5e-05 | DC76: =CZ76 -> V | DD76: =MAX(DB76,CY76) -> #DIV/0! | DE76: =DC76 -> V
L77: 0.4 | P77: V | S77: 400 Hz | AM77: =AVERAGE(X77:AL77) -> #DIV/0! | AR77: =AM77-L77 -> #DIV/0! | BB77: =(AM77*1.6%)+(9*CK77) -> #DIV/0! | BG77: =L77+BB77 -> #DIV/0! | BL77: =L77-BB77 -> #DIV/0! | BQ77: =IF(AND(AM77<=BG77,AM77>=BL77),"PASS","FAIL") -> #DIV/0! | BX77: CoC | BY77: 0.00091 | BZ77: =P77 -> V | CA77: 2 | CB77: =BY77/CA77 -> 0.000455 | CD77: Annual Drift | CE77: 0 | CF77: =BZ77 -> V | CG77: =SQRT(3) -> 1.7320508 | CH77: =CE77/CG77 -> 0 | CJ77: Readability | CK77: 0.001 | CL77: =P77 -> V | CM77: =SQRT(12) -> 3.4641016 | CN77: =CK77/CM77 -> 0.00028867513 | CP77: Repeatability | CQ77: =STDEV(X77:AL77) -> #DIV/0! | CR77: =P77 -> V | CS77: =SQRT(3) -> 1.7320508 | CT77: =CQ77/CS77 -> #DIV/0! | CV77: =SQRT(SUMSQ(CT77,CN77,CH77,CB77)) -> #DIV/0! | CW77: =(CV77^4)/(((CT77^4)/2)+((CN77^4)/200)+((CH77^4)/200)+((CB77^4)/200)) -> #DIV/0! | CX77: =ROUND(TINV(0.05,CW77),0) -> #DIV/0! | CY77: =(CV77*CX77) -> #DIV/0! | CZ77: =P77 -> V | DB77: 8.5e-05 | DC77: =CZ77 -> V | DD77: =MAX(DB77,CY77) -> #DIV/0! | DE77: =DC77 -> V
L78: 3.6 | P78: V | S78: 50 Hz | AM78: =AVERAGE(X78:AL78) -> #DIV/0! | AR78: =AM78-L78 -> #DIV/0! | BB78: =(AM78*1.6%)+(9*CK78) -> #DIV/0! | BG78: =L78+BB78 -> #DIV/0! | BL78: =L78-BB78 -> #DIV/0! | BQ78: =IF(AND(AM78<=BG78,AM78>=BL78),"PASS","FAIL") -> #DIV/0! | BX78: CoC | BY78: 0.0073 | BZ78: =P78 -> V | CA78: 2 | CB78: =BY78/CA78 -> 0.00365 | CD78: Annual Drift | CE78: 0 | CF78: =BZ78 -> V | CG78: =SQRT(3) -> 1.7320508 | CH78: =CE78/CG78 -> 0 | CJ78: Readability | CK78: 0.001 | CL78: =P78 -> V | CM78: =SQRT(12) -> 3.4641016 | CN78: =CK78/CM78 -> 0.00028867513 | CP78: Repeatability | CQ78: =STDEV(X78:AL78) -> #DIV/0! | CR78: =P78 -> V | CS78: =SQRT(3) -> 1.7320508 | CT78: =CQ78/CS78 -> #DIV/0! | CV78: =SQRT(SUMSQ(CT78,CN78,CH78,CB78)) -> #DIV/0! | CW78: =(CV78^4)/(((CT78^4)/2)+((CN78^4)/200)+((CH78^4)/200)+((CB78^4)/200)) -> #DIV/0! | CX78: =ROUND(TINV(0.05,CW78),0) -> #DIV/0! | CY78: =(CV78*CX78) -> #DIV/0! | CZ78: =P78 -> V | DB78: 0.00085 | DC78: =CZ78 -> V | DD78: =MAX(DB78,CY78) -> #DIV/0! | DE78: =DC78 -> V
L79: 3.6 | P79: V | S79: 400 Hz | AM79: =AVERAGE(X79:AL79) -> #DIV/0! | AR79: =AM79-L79 -> #DIV/0! | BB79: =(AM79*1.6%)+(9*CK79) -> #DIV/0! | BG79: =L79+BB79 -> #DIV/0! | BL79: =L79-BB79 -> #DIV/0! | BQ79: =IF(AND(AM79<=BG79,AM79>=BL79),"PASS","FAIL") -> #DIV/0! | BX79: CoC | BY79: 0.0073 | BZ79: =P79 -> V | CA79: 2 | CB79: =BY79/CA79 -> 0.00365 | CD79: Annual Drift | CE79: 0 | CF79: =BZ79 -> V | CG79: =SQRT(3) -> 1.7320508 | CH79: =CE79/CG79 -> 0 | CJ79: Readability | CK79: 0.001 | CL79: =P79 -> V | CM79: =SQRT(12) -> 3.4641016 | CN79: =CK79/CM79 -> 0.00028867513 | CP79: Repeatability | CQ79: =STDEV(X79:AL79) -> #DIV/0! | CR79: =P79 -> V | CS79: =SQRT(3) -> 1.7320508 | CT79: =CQ79/CS79 -> #DIV/0! | CV79: =SQRT(SUMSQ(CT79,CN79,CH79,CB79)) -> #DIV/0! | CW79: =(CV79^4)/(((CT79^4)/2)+((CN79^4)/200)+((CH79^4)/200)+((CB79^4)/200)) -> #DIV/0! | CX79: =ROUND(TINV(0.05,CW79),0) -> #DIV/0! | CY79: =(CV79*CX79) -> #DIV/0! | CZ79: =P79 -> V | DB79: 0.00085 | DC79: =CZ79 -> V | DD79: =MAX(DB79,CY79) -> #DIV/0! | DE79: =DC79 -> V
F80: 40 V | L80: 4 | P80: V | S80: 50 Hz | AM80: =AVERAGE(X80:AL80) -> #DIV/0! | AR80: =AM80-L80 -> #DIV/0! | BB80: =(AM80*1.6%)+(5*CK80) -> #DIV/0! | BG80: =L80+BB80 -> #DIV/0! | BL80: =L80-BB80 -> #DIV/0! | BQ80: =IF(AND(AM80<=BG80,AM80>=BL80),"PASS","FAIL") -> #DIV/0! | BX80: CoC | BY80: 0.0073 | BZ80: =P80 -> V | CA80: 2 | CB80: =BY80/CA80 -> 0.00365 | CD80: Annual Drift | CE80: 0 | CF80: =BZ80 -> V | CG80: =SQRT(3) -> 1.7320508 | CH80: =CE80/CG80 -> 0 | CJ80: Readability | CK80: 0.01 | CL80: =P80 -> V | CM80: =SQRT(12) -> 3.4641016 | CN80: =CK80/CM80 -> 0.0028867513 | CP80: Repeatability | CQ80: =STDEV(X80:AL80) -> #DIV/0! | CR80: =P80 -> V | CS80: =SQRT(3) -> 1.7320508 | CT80: =CQ80/CS80 -> #DIV/0! | CV80: =SQRT(SUMSQ(CT80,CN80,CH80,CB80)) -> #DIV/0! | CW80: =(CV80^4)/(((CT80^4)/2)+((CN80^4)/200)+((CH80^4)/200)+((CB80^4)/200)) -> #DIV/0! | CX80: =ROUND(TINV(0.05,CW80),0) -> #DIV/0! | CY80: =(CV80*CX80) -> #DIV/0! | CZ80: =P80 -> V | DB80: 0.00085 | DC80: =CZ80 -> V | DD80: =MAX(DB80,CY80) -> #DIV/0! | DE80: =DC80 -> V
L81: 4 | P81: V | S81: 400 Hz | AM81: =AVERAGE(X81:AL81) -> #DIV/0! | AR81: =AM81-L81 -> #DIV/0! | BB81: =(AM81*1.6%)+(5*CK81) -> #DIV/0! | BG81: =L81+BB81 -> #DIV/0! | BL81: =L81-BB81 -> #DIV/0! | BQ81: =IF(AND(AM81<=BG81,AM81>=BL81),"PASS","FAIL") -> #DIV/0! | BX81: CoC | BY81: 0.0073 | BZ81: =P81 -> V | CA81: 2 | CB81: =BY81/CA81 -> 0.00365 | CD81: Annual Drift | CE81: 0 | CF81: =BZ81 -> V | CG81: =SQRT(3) -> 1.7320508 | CH81: =CE81/CG81 -> 0 | CJ81: Readability | CK81: 0.01 | CL81: =P81 -> V | CM81: =SQRT(12) -> 3.4641016 | CN81: =CK81/CM81 -> 0.0028867513 | CP81: Repeatability | CQ81: =STDEV(X81:AL81) -> #DIV/0! | CR81: =P81 -> V | CS81: =SQRT(3) -> 1.7320508 | CT81: =CQ81/CS81 -> #DIV/0! | CV81: =SQRT(SUMSQ(CT81,CN81,CH81,CB81)) -> #DIV/0! | CW81: =(CV81^4)/(((CT81^4)/2)+((CN81^4)/200)+((CH81^4)/200)+((CB81^4)/200)) -> #DIV/0! | CX81: =ROUND(TINV(0.05,CW81),0) -> #DIV/0! | CY81: =(CV81*CX81) -> #DIV/0! | CZ81: =P81 -> V | DB81: 0.00085 | DC81: =CZ81 -> V | DD81: =MAX(DB81,CY81) -> #DIV/0! | DE81: =DC81 -> V
L82: 20 | P82: V | S82: 50 Hz | AM82: =AVERAGE(X82:AL82) -> #DIV/0! | AR82: =AM82-L82 -> #DIV/0! | BB82: =(AM82*1.6%)+(5*CK82) -> #DIV/0! | BG82: =L82+BB82 -> #DIV/0! | BL82: =L82-BB82 -> #DIV/0! | BQ82: =IF(AND(AM82<=BG82,AM82>=BL82),"PASS","FAIL") -> #DIV/0! | BX82: CoC | BY82: 0.0073 | BZ82: =P82 -> V | CA82: 2 | CB82: =BY82/CA82 -> 0.00365 | CD82: Annual Drift | CE82: 0 | CF82: =BZ82 -> V | CG82: =SQRT(3) -> 1.7320508 | CH82: =CE82/CG82 -> 0 | CJ82: Readability | CK82: 0.01 | CL82: =P82 -> V | CM82: =SQRT(12) -> 3.4641016 | CN82: =CK82/CM82 -> 0.0028867513 | CP82: Repeatability | CQ82: =STDEV(X82:AL82) -> #DIV/0! | CR82: =P82 -> V | CS82: =SQRT(3) -> 1.7320508 | CT82: =CQ82/CS82 -> #DIV/0! | CV82: =SQRT(SUMSQ(CT82,CN82,CH82,CB82)) -> #DIV/0! | CW82: =(CV82^4)/(((CT82^4)/2)+((CN82^4)/200)+((CH82^4)/200)+((CB82^4)/200)) -> #DIV/0! | CX82: =ROUND(TINV(0.05,CW82),0) -> #DIV/0! | CY82: =(CV82*CX82) -> #DIV/0! | CZ82: =P82 -> V | DB82: 0.00085 | DC82: =CZ82 -> V | DD82: =MAX(DB82,CY82) -> #DIV/0! | DE82: =DC82 -> V
L83: 20 | P83: V | S83: 400 Hz | AM83: =AVERAGE(X83:AL83) -> #DIV/0! | AR83: =AM83-L83 -> #DIV/0! | BB83: =(AM83*1.6%)+(5*CK83) -> #DIV/0! | BG83: =L83+BB83 -> #DIV/0! | BL83: =L83-BB83 -> #DIV/0! | BQ83: =IF(AND(AM83<=BG83,AM83>=BL83),"PASS","FAIL") -> #DIV/0! | BX83: CoC | BY83: 0.0073 | BZ83: =P83 -> V | CA83: 2 | CB83: =BY83/CA83 -> 0.00365 | CD83: Annual Drift | CE83: 0 | CF83: =BZ83 -> V | CG83: =SQRT(3) -> 1.7320508 | CH83: =CE83/CG83 -> 0 | CJ83: Readability | CK83: 0.01 | CL83: =P83 -> V | CM83: =SQRT(12) -> 3.4641016 | CN83: =CK83/CM83 -> 0.0028867513 | CP83: Repeatability | CQ83: =STDEV(X83:AL83) -> #DIV/0! | CR83: =P83 -> V | CS83: =SQRT(3) -> 1.7320508 | CT83: =CQ83/CS83 -> #DIV/0! | CV83: =SQRT(SUMSQ(CT83,CN83,CH83,CB83)) -> #DIV/0! | CW83: =(CV83^4)/(((CT83^4)/2)+((CN83^4)/200)+((CH83^4)/200)+((CB83^4)/200)) -> #DIV/0! | CX83: =ROUND(TINV(0.05,CW83),0) -> #DIV/0! | CY83: =(CV83*CX83) -> #DIV/0! | CZ83: =P83 -> V | DB83: 0.00085 | DC83: =CZ83 -> V | DD83: =MAX(DB83,CY83) -> #DIV/0! | DE83: =DC83 -> V
L84: 36 | P84: V | S84: 50 Hz | AM84: =AVERAGE(X84:AL84) -> #DIV/0! | AR84: =AM84-L84 -> #DIV/0! | BB84: =(AM84*1.6%)+(5*CK84) -> #DIV/0! | BG84: =L84+BB84 -> #DIV/0! | BL84: =L84-BB84 -> #DIV/0! | BQ84: =IF(AND(AM84<=BG84,AM84>=BL84),"PASS","FAIL") -> #DIV/0! | BX84: CoC | BY84: 0.071 | BZ84: =P84 -> V | CA84: 2 | CB84: =BY84/CA84 -> 0.0355 | CD84: Annual Drift | CE84: 0 | CF84: =BZ84 -> V | CG84: =SQRT(3) -> 1.7320508 | CH84: =CE84/CG84 -> 0 | CJ84: Readability | CK84: 0.01 | CL84: =P84 -> V | CM84: =SQRT(12) -> 3.4641016 | CN84: =CK84/CM84 -> 0.0028867513 | CP84: Repeatability | CQ84: =STDEV(X84:AL84) -> #DIV/0! | CR84: =P84 -> V | CS84: =SQRT(3) -> 1.7320508 | CT84: =CQ84/CS84 -> #DIV/0! | CV84: =SQRT(SUMSQ(CT84,CN84,CH84,CB84)) -> #DIV/0! | CW84: =(CV84^4)/(((CT84^4)/2)+((CN84^4)/200)+((CH84^4)/200)+((CB84^4)/200)) -> #DIV/0! | CX84: =ROUND(TINV(0.05,CW84),0) -> #DIV/0! | CY84: =(CV84*CX84) -> #DIV/0! | CZ84: =P84 -> V | DB84: 0.0064 | DC84: =CZ84 -> V | DD84: =MAX(DB84,CY84) -> #DIV/0! | DE84: =DC84 -> V
L85: 36 | P85: V | S85: 400 Hz | AM85: =AVERAGE(X85:AL85) -> #DIV/0! | AR85: =AM85-L85 -> #DIV/0! | BB85: =(AM85*1.6%)+(5*CK85) -> #DIV/0! | BG85: =L85+BB85 -> #DIV/0! | BL85: =L85-BB85 -> #DIV/0! | BQ85: =IF(AND(AM85<=BG85,AM85>=BL85),"PASS","FAIL") -> #DIV/0! | BX85: CoC | BY85: 0.071 | BZ85: =P85 -> V | CA85: 2 | CB85: =BY85/CA85 -> 0.0355 | CD85: Annual Drift | CE85: 0 | CF85: =BZ85 -> V | CG85: =SQRT(3) -> 1.7320508 | CH85: =CE85/CG85 -> 0 | CJ85: Readability | CK85: 0.01 | CL85: =P85 -> V | CM85: =SQRT(12) -> 3.4641016 | CN85: =CK85/CM85 -> 0.0028867513 | CP85: Repeatability | CQ85: =STDEV(X85:AL85) -> #DIV/0! | CR85: =P85 -> V | CS85: =SQRT(3) -> 1.7320508 | CT85: =CQ85/CS85 -> #DIV/0! | CV85: =SQRT(SUMSQ(CT85,CN85,CH85,CB85)) -> #DIV/0! | CW85: =(CV85^4)/(((CT85^4)/2)+((CN85^4)/200)+((CH85^4)/200)+((CB85^4)/200)) -> #DIV/0! | CX85: =ROUND(TINV(0.05,CW85),0) -> #DIV/0! | CY85: =(CV85*CX85) -> #DIV/0! | CZ85: =P85 -> V | DB85: 0.0064 | DC85: =CZ85 -> V | DD85: =MAX(DB85,CY85) -> #DIV/0! | DE85: =DC85 -> V
F86: 400 V | L86: 40 | P86: V | S86: 50 Hz | AM86: =AVERAGE(X86:AL86) -> #DIV/0! | AR86: =AM86-L86 -> #DIV/0! | BB86: =(AM86*1.6%)+(5*CK86) -> #DIV/0! | BG86: =L86+BB86 -> #DIV/0! | BL86: =L86-BB86 -> #DIV/0! | BQ86: =IF(AND(AM86<=BG86,AM86>=BL86),"PASS","FAIL") -> #DIV/0! | BX86: CoC | BY86: 0.071 | BZ86: =P86 -> V | CA86: 2 | CB86: =BY86/CA86 -> 0.0355 | CD86: Annual Drift | CE86: 0 | CF86: =BZ86 -> V | CG86: =SQRT(3) -> 1.7320508 | CH86: =CE86/CG86 -> 0 | CJ86: Readability | CK86: 0.1 | CL86: =P86 -> V | CM86: =SQRT(12) -> 3.4641016 | CN86: =CK86/CM86 -> 0.028867513 | CP86: Repeatability | CQ86: =STDEV(X86:AL86) -> #DIV/0! | CR86: =P86 -> V | CS86: =SQRT(3) -> 1.7320508 | CT86: =CQ86/CS86 -> #DIV/0! | CV86: =SQRT(SUMSQ(CT86,CN86,CH86,CB86)) -> #DIV/0! | CW86: =(CV86^4)/(((CT86^4)/2)+((CN86^4)/200)+((CH86^4)/200)+((CB86^4)/200)) -> #DIV/0! | CX86: =ROUND(TINV(0.05,CW86),0) -> #DIV/0! | CY86: =(CV86*CX86) -> #DIV/0! | CZ86: =P86 -> V | DB86: 0.0064 | DC86: =CZ86 -> V | DD86: =MAX(DB86,CY86) -> #DIV/0! | DE86: =DC86 -> V
L87: 40 | P87: V | S87: 400 Hz | AM87: =AVERAGE(X87:AL87) -> #DIV/0! | AR87: =AM87-L87 -> #DIV/0! | BB87: =(AM87*1.6%)+(5*CK87) -> #DIV/0! | BG87: =L87+BB87 -> #DIV/0! | BL87: =L87-BB87 -> #DIV/0! | BQ87: =IF(AND(AM87<=BG87,AM87>=BL87),"PASS","FAIL") -> #DIV/0! | BX87: CoC | BY87: 0.071 | BZ87: =P87 -> V | CA87: 2 | CB87: =BY87/CA87 -> 0.0355 | CD87: Annual Drift | CE87: 0 | CF87: =BZ87 -> V | CG87: =SQRT(3) -> 1.7320508 | CH87: =CE87/CG87 -> 0 | CJ87: Readability | CK87: 0.1 | CL87: =P87 -> V | CM87: =SQRT(12) -> 3.4641016 | CN87: =CK87/CM87 -> 0.028867513 | CP87: Repeatability | CQ87: =STDEV(X87:AL87) -> #DIV/0! | CR87: =P87 -> V | CS87: =SQRT(3) -> 1.7320508 | CT87: =CQ87/CS87 -> #DIV/0! | CV87: =SQRT(SUMSQ(CT87,CN87,CH87,CB87)) -> #DIV/0! | CW87: =(CV87^4)/(((CT87^4)/2)+((CN87^4)/200)+((CH87^4)/200)+((CB87^4)/200)) -> #DIV/0! | CX87: =ROUND(TINV(0.05,CW87),0) -> #DIV/0! | CY87: =(CV87*CX87) -> #DIV/0! | CZ87: =P87 -> V | DB87: 0.0064 | DC87: =CZ87 -> V | DD87: =MAX(DB87,CY87) -> #DIV/0! | DE87: =DC87 -> V
L88: 360 | P88: V | S88: 50 Hz | AM88: =AVERAGE(X88:AL88) -> #DIV/0! | AR88: =AM88-L88 -> #DIV/0! | BB88: =(AM88*1.6%)+(5*CK88) -> #DIV/0! | BG88: =L88+BB88 -> #DIV/0! | BL88: =L88-BB88 -> #DIV/0! | BQ88: =IF(AND(AM88<=BG88,AM88>=BL88),"PASS","FAIL") -> #DIV/0! | BX88: CoC | BY88: 0.071 | BZ88: =P88 -> V | CA88: 2 | CB88: =BY88/CA88 -> 0.0355 | CD88: Annual Drift | CE88: 0 | CF88: =BZ88 -> V | CG88: =SQRT(3) -> 1.7320508 | CH88: =CE88/CG88 -> 0 | CJ88: Readability | CK88: 0.1 | CL88: =P88 -> V | CM88: =SQRT(12) -> 3.4641016 | CN88: =CK88/CM88 -> 0.028867513 | CP88: Repeatability | CQ88: =STDEV(X88:AL88) -> #DIV/0! | CR88: =P88 -> V | CS88: =SQRT(3) -> 1.7320508 | CT88: =CQ88/CS88 -> #DIV/0! | CV88: =SQRT(SUMSQ(CT88,CN88,CH88,CB88)) -> #DIV/0! | CW88: =(CV88^4)/(((CT88^4)/2)+((CN88^4)/200)+((CH88^4)/200)+((CB88^4)/200)) -> #DIV/0! | CX88: =ROUND(TINV(0.05,CW88),0) -> #DIV/0! | CY88: =(CV88*CX88) -> #DIV/0! | CZ88: =P88 -> V | DB88: 0.084 | DC88: =CZ88 -> V | DD88: =MAX(DB88,CY88) -> #DIV/0! | DE88: =DC88 -> V
L89: 360 | P89: V | S89: 400 Hz | AM89: =AVERAGE(X89:AL89) -> #DIV/0! | AR89: =AM89-L89 -> #DIV/0! | BB89: =(AM89*1.6%)+(5*CK89) -> #DIV/0! | BG89: =L89+BB89 -> #DIV/0! | BL89: =L89-BB89 -> #DIV/0! | BQ89: =IF(AND(AM89<=BG89,AM89>=BL89),"PASS","FAIL") -> #DIV/0! | BX89: CoC | BY89: 0.071 | BZ89: =P89 -> V | CA89: 2 | CB89: =BY89/CA89 -> 0.0355 | CD89: Annual Drift | CE89: 0 | CF89: =BZ89 -> V | CG89: =SQRT(3) -> 1.7320508 | CH89: =CE89/CG89 -> 0 | CJ89: Readability | CK89: 0.1 | CL89: =P89 -> V | CM89: =SQRT(12) -> 3.4641016 | CN89: =CK89/CM89 -> 0.028867513 | CP89: Repeatability | CQ89: =STDEV(X89:AL89) -> #DIV/0! | CR89: =P89 -> V | CS89: =SQRT(3) -> 1.7320508 | CT89: =CQ89/CS89 -> #DIV/0! | CV89: =SQRT(SUMSQ(CT89,CN89,CH89,CB89)) -> #DIV/0! | CW89: =(CV89^4)/(((CT89^4)/2)+((CN89^4)/200)+((CH89^4)/200)+((CB89^4)/200)) -> #DIV/0! | CX89: =ROUND(TINV(0.05,CW89),0) -> #DIV/0! | CY89: =(CV89*CX89) -> #DIV/0! | CZ89: =P89 -> V | DB89: 0.084 | DC89: =CZ89 -> V | DD89: =MAX(DB89,CY89) -> #DIV/0! | DE89: =DC89 -> V
F90: 600 V | L90: 60 | P90: V | S90: 50 Hz | AM90: =AVERAGE(X90:AL90) -> #DIV/0! | AR90: =AM90-L90 -> #DIV/0! | BB90: =(AM90*1.6%)+(5*CK90) -> #DIV/0! | BG90: =L90+BB90 -> #DIV/0! | BL90: =L90-BB90 -> #DIV/0! | BQ90: =IF(AND(AM90<=BG90,AM90>=BL90),"PASS","FAIL") -> #DIV/0! | BX90: CoC | BY90: 0.071 | BZ90: =P90 -> V | CA90: 2 | CB90: =BY90/CA90 -> 0.0355 | CD90: Annual Drift | CE90: 0 | CF90: =BZ90 -> V | CG90: =SQRT(3) -> 1.7320508 | CH90: =CE90/CG90 -> 0 | CJ90: Readability | CK90: 1 | CL90: =P90 -> V | CM90: =SQRT(12) -> 3.4641016 | CN90: =CK90/CM90 -> 0.28867513 | CP90: Repeatability | CQ90: =STDEV(X90:AL90) -> #DIV/0! | CR90: =P90 -> V | CS90: =SQRT(3) -> 1.7320508 | CT90: =CQ90/CS90 -> #DIV/0! | CV90: =SQRT(SUMSQ(CT90,CN90,CH90,CB90)) -> #DIV/0! | CW90: =(CV90^4)/(((CT90^4)/2)+((CN90^4)/200)+((CH90^4)/200)+((CB90^4)/200)) -> #DIV/0! | CX90: =ROUND(TINV(0.05,CW90),0) -> #DIV/0! | CY90: =(CV90*CX90) -> #DIV/0! | CZ90: =P90 -> V | DB90: 0.0064 | DC90: =CZ90 -> V | DD90: =MAX(DB90,CY90) -> #DIV/0! | DE90: =DC90 -> V
L91: 60 | P91: V | S91: 400 Hz | AM91: =AVERAGE(X91:AL91) -> #DIV/0! | AR91: =AM91-L91 -> #DIV/0! | BB91: =(AM91*1.6%)+(5*CK91) -> #DIV/0! | BG91: =L91+BB91 -> #DIV/0! | BL91: =L91-BB91 -> #DIV/0! | BQ91: =IF(AND(AM91<=BG91,AM91>=BL91),"PASS","FAIL") -> #DIV/0! | BX91: CoC | BY91: 0.071 | BZ91: =P91 -> V | CA91: 2 | CB91: =BY91/CA91 -> 0.0355 | CD91: Annual Drift | CE91: 0 | CF91: =BZ91 -> V | CG91: =SQRT(3) -> 1.7320508 | CH91: =CE91/CG91 -> 0 | CJ91: Readability | CK91: 1 | CL91: =P91 -> V | CM91: =SQRT(12) -> 3.4641016 | CN91: =CK91/CM91 -> 0.28867513 | CP91: Repeatability | CQ91: =STDEV(X91:AL91) -> #DIV/0! | CR91: =P91 -> V | CS91: =SQRT(3) -> 1.7320508 | CT91: =CQ91/CS91 -> #DIV/0! | CV91: =SQRT(SUMSQ(CT91,CN91,CH91,CB91)) -> #DIV/0! | CW91: =(CV91^4)/(((CT91^4)/2)+((CN91^4)/200)+((CH91^4)/200)+((CB91^4)/200)) -> #DIV/0! | CX91: =ROUND(TINV(0.05,CW91),0) -> #DIV/0! | CY91: =(CV91*CX91) -> #DIV/0! | CZ91: =P91 -> V | DB91: 0.0064 | DC91: =CZ91 -> V | DD91: =MAX(DB91,CY91) -> #DIV/0! | DE91: =DC91 -> V
L92: 540 | P92: V | S92: 50 Hz | AM92: =AVERAGE(X92:AL92) -> #DIV/0! | AR92: =AM92-L92 -> #DIV/0! | BB92: =(AM92*1.6%)+(5*CK92) -> #DIV/0! | BG92: =L92+BB92 -> #DIV/0! | BL92: =L92-BB92 -> #DIV/0! | BQ92: =IF(AND(AM92<=BG92,AM92>=BL92),"PASS","FAIL") -> #DIV/0! | BX92: CoC | BY92: 0.071 | BZ92: =P92 -> V | CA92: 2 | CB92: =BY92/CA92 -> 0.0355 | CD92: Annual Drift | CE92: 0 | CF92: =BZ92 -> V | CG92: =SQRT(3) -> 1.7320508 | CH92: =CE92/CG92 -> 0 | CJ92: Readability | CK92: 1 | CL92: =P92 -> V | CM92: =SQRT(12) -> 3.4641016 | CN92: =CK92/CM92 -> 0.28867513 | CP92: Repeatability | CQ92: =STDEV(X92:AL92) -> #DIV/0! | CR92: =P92 -> V | CS92: =SQRT(3) -> 1.7320508 | CT92: =CQ92/CS92 -> #DIV/0! | CV92: =SQRT(SUMSQ(CT92,CN92,CH92,CB92)) -> #DIV/0! | CW92: =(CV92^4)/(((CT92^4)/2)+((CN92^4)/200)+((CH92^4)/200)+((CB92^4)/200)) -> #DIV/0! | CX92: =ROUND(TINV(0.05,CW92),0) -> #DIV/0! | CY92: =(CV92*CX92) -> #DIV/0! | CZ92: =P92 -> V | DB92: 0.084 | DC92: =CZ92 -> V | DD92: =MAX(DB92,CY92) -> #DIV/0! | DE92: =DC92 -> V
L93: 540 | P93: V | S93: 400 Hz | AM93: =AVERAGE(X93:AL93) -> #DIV/0! | AR93: =AM93-L93 -> #DIV/0! | BB93: =(AM93*1.6%)+(5*CK93) -> #DIV/0! | BG93: =L93+BB93 -> #DIV/0! | BL93: =L93-BB93 -> #DIV/0! | BQ93: =IF(AND(AM93<=BG93,AM93>=BL93),"PASS","FAIL") -> #DIV/0! | BX93: CoC | BY93: 0.071 | BZ93: =P93 -> V | CA93: 2 | CB93: =BY93/CA93 -> 0.0355 | CD93: Annual Drift | CE93: 0 | CF93: =BZ93 -> V | CG93: =SQRT(3) -> 1.7320508 | CH93: =CE93/CG93 -> 0 | CJ93: Readability | CK93: 1 | CL93: =P93 -> V | CM93: =SQRT(12) -> 3.4641016 | CN93: =CK93/CM93 -> 0.28867513 | CP93: Repeatability | CQ93: =STDEV(X93:AL93) -> #DIV/0! | CR93: =P93 -> V | CS93: =SQRT(3) -> 1.7320508 | CT93: =CQ93/CS93 -> #DIV/0! | CV93: =SQRT(SUMSQ(CT93,CN93,CH93,CB93)) -> #DIV/0! | CW93: =(CV93^4)/(((CT93^4)/2)+((CN93^4)/200)+((CH93^4)/200)+((CB93^4)/200)) -> #DIV/0! | CX93: =ROUND(TINV(0.05,CW93),0) -> #DIV/0! | CY93: =(CV93*CX93) -> #DIV/0! | CZ93: =P93 -> V | DB93: 0.084 | DC93: =CZ93 -> V | DD93: =MAX(DB93,CY93) -> #DIV/0! | DE93: =DC93 -> V
F95: Resistance Test | BB95: Based on Tolerance | BX95: Standard | CD95: Standard | CJ95: Unit Under Test | CP95: Unit Under Test | CV95: Expanded Uncertainty | DB95: MINIMUM CMC | DD95: FINAL UNCERTAINTY DECLARATION
F96: Range | L96: Nominal Value | S96: Frequency | X96: Measured Value | AM96: Average | AR96: Error | BB96: Tolerance | BG96: Upper Limit | BL96: Lower Limit | BQ96: Remarks | BX96: Source | BY96: Uncertainty | BZ96: Unit | CA96: Divisor | CB96: Ui | CD96: Source | CE96: Uncertainty | CF96: Unit | CG96: Divisor | CH96: Ui | CJ96: Source | CK96: Uncertainty | CL96: Unit | CM96: Divisor | CN96: Ui | CP96: Source | CQ96: Uncertainty | CR96: Unit | CS96: Divisor | CT96: Ui | CV96: COMBINED STANDARD | CW96: EFFECTIVE DEGREES | CX96: C. FACTOR, k = student's | CY96: EXPANDED UNCERTAINTY,
X97: 1 | AC97: 2 | AH97: 3 | CV97: UNCERTAINTY, Uc | CW97: OF FREEDOM, Veff | CX97: t for Veff and 95 % C.L. | CY97: U @ 95 % C.L. ±
F98: 400 Ω | L98: 0 | P98: Ω | S98: - | AM98: =AVERAGE(X98:AL98) -> #DIV/0! | AR98: =AM98-L98 -> #DIV/0! | BB98: =(AM98*1.5%)+(5*CK98) -> #DIV/0! | BG98: =L98+BB98 -> #DIV/0! | BL98: =L98-BB98 -> #DIV/0! | BQ98: =IF(AND(AM98<=BG98,AM98>=BL98),"PASS","FAIL") -> #DIV/0! | BX98: CoC | BY98: 5.8e-05 | BZ98: =P98 -> Ω | CA98: 2 | CB98: =BY98/CA98 -> 2.9e-05 | CD98: Annual Drift | CE98: 0 | CF98: =BZ98 -> Ω | CG98: =SQRT(3) -> 1.7320508 | CH98: =CE98/CG98 -> 0 | CJ98: Readability | CK98: 0.1 | CL98: =P98 -> Ω | CM98: =SQRT(12) -> 3.4641016 | CN98: =CK98/CM98 -> 0.028867513 | CP98: Repeatability | CQ98: =STDEV(X98:AL98) -> #DIV/0! | CR98: =P98 -> Ω | CS98: =SQRT(3) -> 1.7320508 | CT98: =CQ98/CS98 -> #DIV/0! | CV98: =SQRT(SUMSQ(CT98,CN98,CH98,CB98)) -> #DIV/0! | CW98: =(CV98^4)/(((CT98^4)/2)+((CN98^4)/200)+((CH98^4)/200)+((CB98^4)/200)) -> #DIV/0! | CX98: =ROUND(TINV(0.05,CW98),0) -> #DIV/0! | CY98: =(CV98*CX98) -> #DIV/0! | CZ98: =P98 -> Ω | DB98: 0.0078 | DC98: =CZ98 -> Ω | DD98: =MAX(DB98,CY98) -> #DIV/0! | DE98: =DC98 -> Ω
L99: 360 | P99: Ω | S99: - | AM99: =AVERAGE(X99:AL99) -> #DIV/0! | AR99: =AM99-L99 -> #DIV/0! | BB99: =(AM99*1.5%)+(5*CK99) -> #DIV/0! | BG99: =L99+BB99 -> #DIV/0! | BL99: =L99-BB99 -> #DIV/0! | BQ99: =IF(AND(AM99<=BG99,AM99>=BL99),"PASS","FAIL") -> #DIV/0! | BX99: CoC | BY99: 0.0013 | BZ99: =P99 -> Ω | CA99: 2 | CB99: =BY99/CA99 -> 0.00065 | CD99: Annual Drift | CE99: 0 | CF99: =BZ99 -> Ω | CG99: =SQRT(3) -> 1.7320508 | CH99: =CE99/CG99 -> 0 | CJ99: Readability | CK99: 0.1 | CL99: =P99 -> Ω | CM99: =SQRT(12) -> 3.4641016 | CN99: =CK99/CM99 -> 0.028867513 | CP99: Repeatability | CQ99: =STDEV(X99:AL99) -> #DIV/0! | CR99: =P99 -> Ω | CS99: =SQRT(3) -> 1.7320508 | CT99: =CQ99/CS99 -> #DIV/0! | CV99: =SQRT(SUMSQ(CT99,CN99,CH99,CB99)) -> #DIV/0! | CW99: =(CV99^4)/(((CT99^4)/2)+((CN99^4)/200)+((CH99^4)/200)+((CB99^4)/200)) -> #DIV/0! | CX99: =ROUND(TINV(0.05,CW99),0) -> #DIV/0! | CY99: =(CV99*CX99) -> #DIV/0! | CZ99: =P99 -> Ω | DB99: 0.023 | DC99: =CZ99 -> Ω | DD99: =MAX(DB99,CY99) -> #DIV/0! | DE99: =DC99 -> Ω
F100: 4 kΩ | L100: 3.6 | P100: kΩ | S100: - | AM100: =AVERAGE(X100:AL100) -> #DIV/0! | AR100: =AM100-L100 -> #DIV/0! | BB100: =(AM100*1.2%)+(5*CK100) -> #DIV/0! | BG100: =L100+BB100 -> #DIV/0! | BL100: =L100-BB100 -> #DIV/0! | BQ100: =IF(AND(AM100<=BG100,AM100>=BL100),"PASS","FAIL") -> #DIV/0! | BX100: CoC | BY100: 9.4e-06 | BZ100: =P100 -> kΩ | CA100: 2 | CB100: =BY100/CA100 -> 4.7e-06 | CD100: Annual Drift | CE100: 0 | CF100: =BZ100 -> kΩ | CG100: =SQRT(3) -> 1.7320508 | CH100: =CE100/CG100 -> 0 | CJ100: Readability | CK100: 0.001 | CL100: =P100 -> kΩ | CM100: =SQRT(12) -> 3.4641016 | CN100: =CK100/CM100 -> 0.00028867513 | CP100: Repeatability | CQ100: =STDEV(X100:AL100) -> #DIV/0! | CR100: =P100 -> kΩ | CS100: =SQRT(3) -> 1.7320508 | CT100: =CQ100/CS100 -> #DIV/0! | CV100: =SQRT(SUMSQ(CT100,CN100,CH100,CB100)) -> #DIV/0! | CW100: =(CV100^4)/(((CT100^4)/2)+((CN100^4)/200)+((CH100^4)/200)+((CB100^4)/200)) -> #DIV/0! | CX100: =ROUND(TINV(0.05,CW100),0) -> #DIV/0! | CY100: =(CV100*CX100) -> #DIV/0! | CZ100: =P100 -> kΩ | DB100: 0.00023 | DC100: =CZ100 -> kΩ | DD100: =MAX(DB100,CY100) -> #DIV/0! | DE100: =DC100 -> kΩ
F101: 40 kΩ | L101: 36 | P101: kΩ | S101: - | AM101: =AVERAGE(X101:AL101) -> #DIV/0! | AR101: =AM101-L101 -> #DIV/0! | BB101: =(AM101*1.2%)+(5*CK101) -> #DIV/0! | BG101: =L101+BB101 -> #DIV/0! | BL101: =L101-BB101 -> #DIV/0! | BQ101: =IF(AND(AM101<=BG101,AM101>=BL101),"PASS","FAIL") -> #DIV/0! | BX101: CoC | BY101: 0.00044 | BZ101: =P101 -> kΩ | CA101: 2 | CB101: =BY101/CA101 -> 0.00022 | CD101: Annual Drift | CE101: 0 | CF101: =BZ101 -> kΩ | CG101: =SQRT(3) -> 1.7320508 | CH101: =CE101/CG101 -> 0 | CJ101: Readability | CK101: 0.01 | CL101: =P101 -> kΩ | CM101: =SQRT(12) -> 3.4641016 | CN101: =CK101/CM101 -> 0.0028867513 | CP101: Repeatability | CQ101: =STDEV(X101:AL101) -> #DIV/0! | CR101: =P101 -> kΩ | CS101: =SQRT(3) -> 1.7320508 | CT101: =CQ101/CS101 -> #DIV/0! | CV101: =SQRT(SUMSQ(CT101,CN101,CH101,CB101)) -> #DIV/0! | CW101: =(CV101^4)/(((CT101^4)/2)+((CN101^4)/200)+((CH101^4)/200)+((CB101^4)/200)) -> #DIV/0! | CX101: =ROUND(TINV(0.05,CW101),0) -> #DIV/0! | CY101: =(CV101*CX101) -> #DIV/0! | CZ101: =P101 -> kΩ | DB101: 0.0015 | DC101: =CZ101 -> kΩ | DD101: =MAX(DB101,CY101) -> #DIV/0! | DE101: =DC101 -> kΩ
F102: 400 kΩ | L102: 360 | P102: kΩ | S102: - | AM102: =AVERAGE(X102:AL102) -> #DIV/0! | AR102: =AM102-L102 -> #DIV/0! | BB102: =(AM102*1.2%)+(5*CK102) -> #DIV/0! | BG102: =L102+BB102 -> #DIV/0! | BL102: =L102-BB102 -> #DIV/0! | BQ102: =IF(AND(AM102<=BG102,AM102>=BL102),"PASS","FAIL") -> #DIV/0! | BX102: CoC | BY102: 0.11 | BZ102: =P102 -> kΩ | CA102: 2 | CB102: =BY102/CA102 -> 0.055 | CD102: Annual Drift | CE102: 0 | CF102: =BZ102 -> kΩ | CG102: =SQRT(3) -> 1.7320508 | CH102: =CE102/CG102 -> 0 | CJ102: Readability | CK102: 0.1 | CL102: =P102 -> kΩ | CM102: =SQRT(12) -> 3.4641016 | CN102: =CK102/CM102 -> 0.028867513 | CP102: Repeatability | CQ102: =STDEV(X102:AL102) -> #DIV/0! | CR102: =P102 -> kΩ | CS102: =SQRT(3) -> 1.7320508 | CT102: =CQ102/CS102 -> #DIV/0! | CV102: =SQRT(SUMSQ(CT102,CN102,CH102,CB102)) -> #DIV/0! | CW102: =(CV102^4)/(((CT102^4)/2)+((CN102^4)/200)+((CH102^4)/200)+((CB102^4)/200)) -> #DIV/0! | CX102: =ROUND(TINV(0.05,CW102),0) -> #DIV/0! | CY102: =(CV102*CX102) -> #DIV/0! | CZ102: =P102 -> kΩ | DB102: 0.016 | DC102: =CZ102 -> kΩ | DD102: =MAX(DB102,CY102) -> #DIV/0! | DE102: =DC102 -> kΩ
F103: 4 MΩ | L103: 3.6 | P103: MΩ | S103: - | AM103: =AVERAGE(X103:AL103) -> #DIV/0! | AR103: =AM103-L103 -> #DIV/0! | BB103: =(AM103*2%)+(3*CK103) -> #DIV/0! | BG103: =L103+BB103 -> #DIV/0! | BL103: =L103-BB103 -> #DIV/0! | BQ103: =IF(AND(AM103<=BG103,AM103>=BL103),"PASS","FAIL") -> #DIV/0! | BX103: CoC | BY103: 0.00011 | BZ103: =P103 -> MΩ | CA103: 2 | CB103: =BY103/CA103 -> 5.5e-05 | CD103: Annual Drift | CE103: 0 | CF103: =BZ103 -> MΩ | CG103: =SQRT(3) -> 1.7320508 | CH103: =CE103/CG103 -> 0 | CJ103: Readability | CK103: 0.001 | CL103: =P103 -> MΩ | CM103: =SQRT(12) -> 3.4641016 | CN103: =CK103/CM103 -> 0.00028867513 | CP103: Repeatability | CQ103: =STDEV(X103:AL103) -> #DIV/0! | CR103: =P103 -> MΩ | CS103: =SQRT(3) -> 1.7320508 | CT103: =CQ103/CS103 -> #DIV/0! | CV103: =SQRT(SUMSQ(CT103,CN103,CH103,CB103)) -> #DIV/0! | CW103: =(CV103^4)/(((CT103^4)/2)+((CN103^4)/200)+((CH103^4)/200)+((CB103^4)/200)) -> #DIV/0! | CX103: =ROUND(TINV(0.05,CW103),0) -> #DIV/0! | CY103: =(CV103*CX103) -> #DIV/0! | CZ103: =P103 -> MΩ | DB103: 0.00053 | DC103: =CZ103 -> MΩ | DD103: =MAX(DB103,CY103) -> #DIV/0! | DE103: =DC103 -> MΩ
F104: 40 MΩ | L104: 36 | P104: MΩ | S104: - | AM104: =AVERAGE(X104:AL104) -> #DIV/0! | AR104: =AM104-L104 -> #DIV/0! | BB104: =(AM104*4%)+(3*CK104) -> #DIV/0! | BG104: =L104+BB104 -> #DIV/0! | BL104: =L104-BB104 -> #DIV/0! | BQ104: =IF(AND(AM104<=BG104,AM104>=BL104),"PASS","FAIL") -> #DIV/0! | BX104: CoC | BY104: 0.0034 | BZ104: =P104 -> MΩ | CA104: 2 | CB104: =BY104/CA104 -> 0.0017 | CD104: Annual Drift | CE104: 0 | CF104: =BZ104 -> MΩ | CG104: =SQRT(3) -> 1.7320508 | CH104: =CE104/CG104 -> 0 | CJ104: Readability | CK104: 0.01 | CL104: =P104 -> MΩ | CM104: =SQRT(12) -> 3.4641016 | CN104: =CK104/CM104 -> 0.0028867513 | CP104: Repeatability | CQ104: =STDEV(X104:AL104) -> #DIV/0! | CR104: =P104 -> MΩ | CS104: =SQRT(3) -> 1.7320508 | CT104: =CQ104/CS104 -> #DIV/0! | CV104: =SQRT(SUMSQ(CT104,CN104,CH104,CB104)) -> #DIV/0! | CW104: =(CV104^4)/(((CT104^4)/2)+((CN104^4)/200)+((CH104^4)/200)+((CB104^4)/200)) -> #DIV/0! | CX104: =ROUND(TINV(0.05,CW104),0) -> #DIV/0! | CY104: =(CV104*CX104) -> #DIV/0! | CZ104: =P104 -> MΩ | DB104: 0.015 | DC104: =CZ104 -> MΩ | DD104: =MAX(DB104,CY104) -> #DIV/0! | DE104: =DC104 -> MΩ
F106: DC Current Test | BB106: Based on Tolerance | BX106: Standard | CD106: Standard | CJ106: Unit Under Test | CP106: Unit Under Test | CV106: Expanded Uncertainty | DB106: MINIMUM CMC | DD106: FINAL UNCERTAINTY DECLARATION
F107: Range | L107: Nominal Value | S107: Frequency | X107: Measured Value | AM107: Average | AR107: Error | BB107: Tolerance | BG107: Upper Limit | BL107: Lower Limit | BQ107: Remarks | BX107: Source | BY107: Uncertainty | BZ107: Unit | CA107: Divisor | CB107: Ui | CD107: Source | CE107: Uncertainty | CF107: Unit | CG107: Divisor | CH107: Ui | CJ107: Source | CK107: Uncertainty | CL107: Unit | CM107: Divisor | CN107: Ui | CP107: Source | CQ107: Uncertainty | CR107: Unit | CS107: Divisor | CT107: Ui | CV107: COMBINED STANDARD | CW107: EFFECTIVE DEGREES | CX107: C. FACTOR, k = student's | CY107: EXPANDED UNCERTAINTY,
X108: 1 | AC108: 2 | AH108: 3 | CV108: UNCERTAINTY, Uc | CW108: OF FREEDOM, Veff | CX108: t for Veff and 95 % C.L. | CY108: U @ 95 % C.L. ±
F109: 40 mA | L109: 36 | P109: mA | S109: - | AM109: =AVERAGE(X109:AL109) -> #DIV/0! | AR109: =AM109-L109 -> #DIV/0! | BB109: =(AM109*2.2%)+(5*CK109) -> #DIV/0! | BG109: =L109+BB109 -> #DIV/0! | BL109: =L109-BB109 -> #DIV/0! | BQ109: =IF(AND(AM109<=BG109,AM109>=BL109),"PASS","FAIL") -> #DIV/0! | BX109: CoC | BY109: 0.00083 | BZ109: =P109 -> mA | CA109: 2 | CB109: =BY109/CA109 -> 0.000415 | CD109: Annual Drift | CE109: 0 | CF109: =BZ109 -> mA | CG109: =SQRT(3) -> 1.7320508 | CH109: =CE109/CG109 -> 0 | CJ109: Readability | CK109: 0.01 | CL109: =P109 -> mA | CM109: =SQRT(12) -> 3.4641016 | CN109: =CK109/CM109 -> 0.0028867513 | CP109: Repeatability | CQ109: =STDEV(X109:AL109) -> #DIV/0! | CR109: =P109 -> mA | CS109: =SQRT(3) -> 1.7320508 | CT109: =CQ109/CS109 -> #DIV/0! | CV109: =SQRT(SUMSQ(CT109,CN109,CH109,CB109)) -> #DIV/0! | CW109: =(CV109^4)/(((CT109^4)/2)+((CN109^4)/200)+((CH109^4)/200)+((CB109^4)/200)) -> #DIV/0! | CX109: =ROUND(TINV(0.05,CW109),0) -> #DIV/0! | CY109: =(CV109*CX109) -> #DIV/0! | CZ109: =P109 -> mA | DB109: 0.0043 | DC109: =CZ109 -> mA | DD109: =MAX(DB109,CY109) -> #DIV/0! | DE109: =DC109 -> mA
L110: -36 | P110: mA | S110: - | AM110: =AVERAGE(X110:AL110) -> #DIV/0! | AR110: =AM110-L110 -> #DIV/0! | BB110: =ABS(AM110*2.2%)+(5*CK110) -> #DIV/0! | BG110: =L110+BB110 -> #DIV/0! | BL110: =L110-BB110 -> #DIV/0! | BQ110: =IF(AND(AM110<=BG110,AM110>=BL110),"PASS","FAIL") -> #DIV/0! | BX110: CoC | BY110: 0.00083 | BZ110: =P110 -> mA | CA110: 2 | CB110: =BY110/CA110 -> 0.000415 | CD110: Annual Drift | CE110: 0 | CF110: =BZ110 -> mA | CG110: =SQRT(3) -> 1.7320508 | CH110: =CE110/CG110 -> 0 | CJ110: Readability | CK110: 0.01 | CL110: =P110 -> mA | CM110: =SQRT(12) -> 3.4641016 | CN110: =CK110/CM110 -> 0.0028867513 | CP110: Repeatability | CQ110: =STDEV(X110:AL110) -> #DIV/0! | CR110: =P110 -> mA | CS110: =SQRT(3) -> 1.7320508 | CT110: =CQ110/CS110 -> #DIV/0! | CV110: =SQRT(SUMSQ(CT110,CN110,CH110,CB110)) -> #DIV/0! | CW110: =(CV110^4)/(((CT110^4)/2)+((CN110^4)/200)+((CH110^4)/200)+((CB110^4)/200)) -> #DIV/0! | CX110: =ROUND(TINV(0.05,CW110),0) -> #DIV/0! | CY110: =(CV110*CX110) -> #DIV/0! | CZ110: =P110 -> mA | DB110: 0.0043 | DC110: =CZ110 -> mA | DD110: =MAX(DB110,CY110) -> #DIV/0! | DE110: =DC110 -> mA
F111: 400 mA | L111: 360 | P111: mA | S111: - | AM111: =AVERAGE(X111:AL111) -> #DIV/0! | AR111: =AM111-L111 -> #DIV/0! | BB111: =(AM111*2.2%)+(5*CK111) -> #DIV/0! | BG111: =L111+BB111 -> #DIV/0! | BL111: =L111-BB111 -> #DIV/0! | BQ111: =IF(AND(AM111<=BG111,AM111>=BL111),"PASS","FAIL") -> #DIV/0! | BX111: CoC | BY111: 0.014 | BZ111: =P111 -> mA | CA111: 2 | CB111: =BY111/CA111 -> 0.007 | CD111: Annual Drift | CE111: 0 | CF111: =BZ111 -> mA | CG111: =SQRT(3) -> 1.7320508 | CH111: =CE111/CG111 -> 0 | CJ111: Readability | CK111: 0.1 | CL111: =P111 -> mA | CM111: =SQRT(12) -> 3.4641016 | CN111: =CK111/CM111 -> 0.028867513 | CP111: Repeatability | CQ111: =STDEV(X111:AL111) -> #DIV/0! | CR111: =P111 -> mA | CS111: =SQRT(3) -> 1.7320508 | CT111: =CQ111/CS111 -> #DIV/0! | CV111: =SQRT(SUMSQ(CT111,CN111,CH111,CB111)) -> #DIV/0! | CW111: =(CV111^4)/(((CT111^4)/2)+((CN111^4)/200)+((CH111^4)/200)+((CB111^4)/200)) -> #DIV/0! | CX111: =ROUND(TINV(0.05,CW111),0) -> #DIV/0! | CY111: =(CV111*CX111) -> #DIV/0! | CZ111: =P111 -> mA | DB111: 0.082 | DC111: =CZ111 -> mA | DD111: =MAX(DB111,CY111) -> #DIV/0! | DE111: =DC111 -> mA
F113: AC Current Test | BB113: Based on Tolerance | BX113: Standard | CD113: Standard | CJ113: Unit Under Test | CP113: Unit Under Test | CV113: Expanded Uncertainty | DB113: MINIMUM CMC | DD113: FINAL UNCERTAINTY DECLARATION
F114: Range | L114: Nominal Value | S114: Frequency | X114: Measured Value | AM114: Average | AR114: Error | BB114: Tolerance | BG114: Upper Limit | BL114: Lower Limit | BQ114: Remarks | BX114: Source | BY114: Uncertainty | BZ114: Unit | CA114: Divisor | CB114: Ui | CD114: Source | CE114: Uncertainty | CF114: Unit | CG114: Divisor | CH114: Ui | CJ114: Source | CK114: Uncertainty | CL114: Unit | CM114: Divisor | CN114: Ui | CP114: Source | CQ114: Uncertainty | CR114: Unit | CS114: Divisor | CT114: Ui | CV114: COMBINED STANDARD | CW114: EFFECTIVE DEGREES | CX114: C. FACTOR, k = student's | CY114: EXPANDED UNCERTAINTY,
X115: 1 | AC115: 2 | AH115: 3 | CV115: UNCERTAINTY, Uc | CW115: OF FREEDOM, Veff | CX115: t for Veff and 95 % C.L. | CY115: U @ 95 % C.L. ±
F116: 40 mA | L116: 36 | P116: mA | S116: 50 Hz | AM116: =AVERAGE(X116:AL116) -> #DIV/0! | AR116: =AM116-L116 -> #DIV/0! | BB116: =(AM116*2.8%)+(5*CK116) -> #DIV/0! | BG116: =L116+BB116 -> #DIV/0! | BL116: =L116-BB116 -> #DIV/0! | BQ116: =IF(AND(AM116<=BG116,AM116>=BL116),"PASS","FAIL") -> #DIV/0! | BX116: CoC | BY116: 0.22 | BZ116: =P116 -> mA | CA116: 2 | CB116: =BY116/CA116 -> 0.11 | CD116: Annual Drift | CE116: 0 | CF116: =BZ116 -> mA | CG116: =SQRT(3) -> 1.7320508 | CH116: =CE116/CG116 -> 0 | CJ116: Readability | CK116: 0.01 | CL116: =P116 -> mA | CM116: =SQRT(12) -> 3.4641016 | CN116: =CK116/CM116 -> 0.0028867513 | CP116: Repeatability | CQ116: =STDEV(X116:AL116) -> #DIV/0! | CR116: =P116 -> mA | CS116: =SQRT(3) -> 1.7320508 | CT116: =CQ116/CS116 -> #DIV/0! | CV116: =SQRT(SUMSQ(CT116,CN116,CH116,CB116)) -> #DIV/0! | CW116: =(CV116^4)/(((CT116^4)/2)+((CN116^4)/200)+((CH116^4)/200)+((CB116^4)/200)) -> #DIV/0! | CX116: =ROUND(TINV(0.05,CW116),0) -> #DIV/0! | CY116: =(CV116*CX116) -> #DIV/0! | CZ116: =P116 -> mA | DB116: 0.026 | DC116: =CZ116 -> mA | DD116: =MAX(DB116,CY116) -> #DIV/0! | DE116: =DC116 -> mA
L117: 36 | P117: mA | S117: 400 Hz | AM117: =AVERAGE(X117:AL117) -> #DIV/0! | AR117: =AM117-L117 -> #DIV/0! | BB117: =(AM117*2.8%)+(5*CK117) -> #DIV/0! | BG117: =L117+BB117 -> #DIV/0! | BL117: =L117-BB117 -> #DIV/0! | BQ117: =IF(AND(AM117<=BG117,AM117>=BL117),"PASS","FAIL") -> #DIV/0! | BX117: CoC | BY117: 0.22 | BZ117: =P117 -> mA | CA117: 2 | CB117: =BY117/CA117 -> 0.11 | CD117: Annual Drift | CE117: 0 | CF117: =BZ117 -> mA | CG117: =SQRT(3) -> 1.7320508 | CH117: =CE117/CG117 -> 0 | CJ117: Readability | CK117: 0.01 | CL117: =P117 -> mA | CM117: =SQRT(12) -> 3.4641016 | CN117: =CK117/CM117 -> 0.0028867513 | CP117: Repeatability | CQ117: =STDEV(X117:AL117) -> #DIV/0! | CR117: =P117 -> mA | CS117: =SQRT(3) -> 1.7320508 | CT117: =CQ117/CS117 -> #DIV/0! | CV117: =SQRT(SUMSQ(CT117,CN117,CH117,CB117)) -> #DIV/0! | CW117: =(CV117^4)/(((CT117^4)/2)+((CN117^4)/200)+((CH117^4)/200)+((CB117^4)/200)) -> #DIV/0! | CX117: =ROUND(TINV(0.05,CW117),0) -> #DIV/0! | CY117: =(CV117*CX117) -> #DIV/0! | CZ117: =P117 -> mA | DB117: 0.026 | DC117: =CZ117 -> mA | DD117: =MAX(DB117,CY117) -> #DIV/0! | DE117: =DC117 -> mA
F118: 400 mA | L118: 360 | P118: mA | S118: 50 Hz | AM118: =AVERAGE(X118:AL118) -> #DIV/0! | AR118: =AM118-L118 -> #DIV/0! | BB118: =(AM118*2.8%)+(5*CK118) -> #DIV/0! | BG118: =L118+BB118 -> #DIV/0! | BL118: =L118-BB118 -> #DIV/0! | BQ118: =IF(AND(AM118<=BG118,AM118>=BL118),"PASS","FAIL") -> #DIV/0! | BX118: CoC | BY118: 2 | BZ118: =P118 -> mA | CA118: 2 | CB118: =BY118/CA118 -> 1 | CD118: Annual Drift | CE118: 0 | CF118: =BZ118 -> mA | CG118: =SQRT(3) -> 1.7320508 | CH118: =CE118/CG118 -> 0 | CJ118: Readability | CK118: 0.1 | CL118: =P118 -> mA | CM118: =SQRT(12) -> 3.4641016 | CN118: =CK118/CM118 -> 0.028867513 | CP118: Repeatability | CQ118: =STDEV(X118:AL118) -> #DIV/0! | CR118: =P118 -> mA | CS118: =SQRT(3) -> 1.7320508 | CT118: =CQ118/CS118 -> #DIV/0! | CV118: =SQRT(SUMSQ(CT118,CN118,CH118,CB118)) -> #DIV/0! | CW118: =(CV118^4)/(((CT118^4)/2)+((CN118^4)/200)+((CH118^4)/200)+((CB118^4)/200)) -> #DIV/0! | CX118: =ROUND(TINV(0.05,CW118),0) -> #DIV/0! | CY118: =(CV118*CX118) -> #DIV/0! | CZ118: =P118 -> mA | DB118: 0.21 | DC118: =CZ118 -> mA | DD118: =MAX(DB118,CY118) -> #DIV/0! | DE118: =DC118 -> mA
L119: 360 | P119: mA | S119: 400 Hz | AM119: =AVERAGE(X119:AL119) -> #DIV/0! | AR119: =AM119-L119 -> #DIV/0! | BB119: =(AM119*2.8%)+(5*CK119) -> #DIV/0! | BG119: =L119+BB119 -> #DIV/0! | BL119: =L119-BB119 -> #DIV/0! | BQ119: =IF(AND(AM119<=BG119,AM119>=BL119),"PASS","FAIL") -> #DIV/0! | BX119: CoC | BY119: 2 | BZ119: =P119 -> mA | CA119: 2 | CB119: =BY119/CA119 -> 1 | CD119: Annual Drift | CE119: 0 | CF119: =BZ119 -> mA | CG119: =SQRT(3) -> 1.7320508 | CH119: =CE119/CG119 -> 0 | CJ119: Readability | CK119: 0.1 | CL119: =P119 -> mA | CM119: =SQRT(12) -> 3.4641016 | CN119: =CK119/CM119 -> 0.028867513 | CP119: Repeatability | CQ119: =STDEV(X119:AL119) -> #DIV/0! | CR119: =P119 -> mA | CS119: =SQRT(3) -> 1.7320508 | CT119: =CQ119/CS119 -> #DIV/0! | CV119: =SQRT(SUMSQ(CT119,CN119,CH119,CB119)) -> #DIV/0! | CW119: =(CV119^4)/(((CT119^4)/2)+((CN119^4)/200)+((CH119^4)/200)+((CB119^4)/200)) -> #DIV/0! | CX119: =ROUND(TINV(0.05,CW119),0) -> #DIV/0! | CY119: =(CV119*CX119) -> #DIV/0! | CZ119: =P119 -> mA | DB119: 0.21 | DC119: =CZ119 -> mA | DD119: =MAX(DB119,CY119) -> #DIV/0! | DE119: =DC119 -> mA
B121: Calibrated By
AK122: =AL11 -> 0
B123: Calibration Officer's Name | U123: Signature | AK123: Date
B124: Checked By
B126: Interim Manager (Electrical) | U126: Signature | AK126: Date
B127: Encoded By
...

Sheet PASSFAIL
B2: PASS/FAIL ANALYSIS
B3: Measurement Results | H3: Based on Tolerance | N3: Based on +/- Uncertainty Applied | X3: FINAL REMARKS
B5: =DataSheet!F52 -> DC Voltage Test
B7: Measured Value | D7: Tolerance | F7: Uncertainty | H7: Upper Limit | J7: Lower Limit | L7: Remarks | N7: Measured Value + Uncertainty | P7: Upper Limit | R7: Remarks | T7: Measured Value - Uncertainty | V7: Remarks
B10: =DataSheet!AM55 -> #DIV/0! | C10: =DataSheet!P55 -> mV | D10: =ABS((B10*0.7%)+(3*DataSheet!CK55)) -> #DIV/0! | E10: =C10 -> mV | F10: =DataSheet!DD55 -> #DIV/0! | G10: =E10 -> mV | H10: =DataSheet!L55+D10 -> #DIV/0! | I10: =G10 -> mV | J10: =DataSheet!L55-D10 -> #DIV/0! | K10: =I10 -> mV | L10: =IF(AND(B10<=H10,B10>=J10),"PASSED","FAILED") -> #DIV/0! | N10: =F10+B10 -> #DIV/0! | O10: =G10 -> mV | P10: =H10 -> #DIV/0! | Q10: =O10 -> mV | R10: =IF(AND(N10<=H10,N10>=J10),"PASSED","FAILED") -> #DIV/0! | T10: =-F10+B10 -> #DIV/0! | U10: =O10 -> mV | V10: =IF(AND(T10<=H10,T10>=J10),"PASSED","FAILED") -> #DIV/0! | X10: =IF(AND(L10="PASSED",R10="PASSED",V10="PASSED"),"PASSED",IF(L10="FAILED","FAILED","UNDETERMINED")) -> #DIV/0!
B11: =DataSheet!AM56 -> #DIV/0! | C11: =DataSheet!P56 -> mV | D11: =ABS((B11*0.7%)+(3*DataSheet!CK56)) -> #DIV/0! | E11: =C11 -> mV | F11: =DataSheet!DD56 -> #DIV/0! | G11: =E11 -> mV | H11: =DataSheet!L56+D11 -> #DIV/0! | I11: =G11 -> mV | J11: =DataSheet!L56-D11 -> #DIV/0! | K11: =I11 -> mV | L11: =IF(AND(B11<=H11,B11>=J11),"PASSED","FAILED") -> #DIV/0! | N11: =F11+B11 -> #DIV/0! | O11: =G11 -> mV | P11: =H11 -> #DIV/0! | Q11: =O11 -> mV | R11: =IF(AND(N11<=H11,N11>=J11),"PASSED","FAILED") -> #DIV/0! | T11: =-F11+B11 -> #DIV/0! | U11: =O11 -> mV | V11: =IF(AND(T11<=H11,T11>=J11),"PASSED","FAILED") -> #DIV/0! | X11: =IF(AND(L11="PASSED",R11="PASSED",V11="PASSED"),"PASSED",IF(L11="FAILED","FAILED","UNDETERMINED")) -> #DIV/0!
B12: =DataSheet!AM57 -> #DIV/0! | C12: =DataSheet!P57 -> mV | D12: =ABS((B12*0.7%)-(3*DataSheet!CK57)) -> #DIV/0! | E12: =C12 -> mV | F12: =DataSheet!DD57 -> #DIV/0! | G12: =E12 -> mV | H12: =DataSheet!L57+D12 -> #DIV/0! | I12: =G12 -> mV | J12: =DataSheet!L57-D12 -> #DIV/0! | K12: =I12 -> mV | L12: =IF(AND(B12<=H12,B12>=J12),"PASSED","FAILED") -> #DIV/0! | N12: =F12+B12 -> #DIV/0! | O12: =G12 -> mV | P12: =H12 -> #DIV/0! | Q12: =O12 -> mV | R12: =IF(AND(N12<=H12,N12>=J12),"PASSED","FAILED") -> #DIV/0! | T12: =-F12+B12 -> #DIV/0! | U12: =O12 -> mV | V12: =IF(AND(T12<=H12,T12>=J12),"PASSED","FAILED") -> #DIV/0! | X12: =IF(AND(L12="PASSED",R12="PASSED",V12="PASSED"),"PASSED",IF(L12="FAILED","FAILED","UNDETERMINED")) -> #DIV/0!
B13: =DataSheet!AM58 -> #DIV/0! | C13: =DataSheet!P58 -> V | D13: =ABS((B13*0.7%)+(3*DataSheet!CK58)) -> #DIV/0! | E13: =C13 -> V | F13: =DataSheet!DD58 -> #DIV/0! | G13: =E13 -> V | H13: =DataSheet!L58+D13 -> #DIV/0! | I13: =G13 -> V | J13: =DataSheet!L58-D13 -> #DIV/0! | K13: =I13 -> V | L13: =IF(AND(B13<=H13,B13>=J13),"PASSED","FAILED") -> #DIV/0! | N13: =F13+B13 -> #DIV/0! | O13: =G13 -> V | P13: =H13 -> #DIV/0! | Q13: =O13 -> V | R13: =IF(AND(N13<=H13,N13>=J13),"PASSED","FAILED") -> #DIV/0! | T13: =-F13+B13 -> #DIV/0! | U13: =O13 -> V | V13: =IF(AND(T13<=H13,T13>=J13),"PASSED","FAILED") -> #DIV/0! | X13: =IF(AND(L13="PASSED",R13="PASSED",V13="PASSED"),"PASSED",IF(L13="FAILED","FAILED","UNDETERMINED")) -> #DIV/0!
B14: =DataSheet!AM59 -> #DIV/0! | C14: =DataSheet!P59 -> V | D14: =ABS((B14*0.7%)+(3*DataSheet!CK59)) -> #DIV/0! | E14: =C14 -> V | F14: =DataSheet!DD59 -> #DIV/0! | G14: =E14 -> V | H14: =DataSheet!L59+D14 -> #DIV/0! | I14: =G14 -> V | J14: =DataSheet!L59-D14 -> #DIV/0! | K14: =I14 -> V | L14: =IF(AND(B14<=H14,B14>=J14),"PASSED","FAILED") -> #DIV/0! | N14: =F14+B14 -> #DIV/0! | O14: =G14 -> V | P14: =H14 -> #DIV/0! | Q14: =O14 -> V | R14: =IF(AND(N14<=H14,N14>=J14),"PASSED","FAILED") -> #DIV/0! | T14: =-DataSheet!DD59+B14 -> #DIV/0! | U14: =O14 -> V | V14: =IF(AND(T14<=H14,T14>=J14),"PASSED","FAILED") -> #DIV/0! | X14: =IF(AND(L14="PASSED",R14="PASSED",V14="PASSED"),"PASSED",IF(L14="FAILED","FAILED","UNDETERMINED")) -> #DIV/0!
B15: =DataSheet!AM60 -> #DIV/0! | C15: =DataSheet!P60 -> V | D15: =ABS((B15*0.7%)-(3*DataSheet!CK60)) -> #DIV/0! | E15: =C15 -> V | F15: =DataSheet!DD60 -> #DIV/0! | G15: =E15 -> V | H15: =DataSheet!L60+D15 -> #DIV/0! | I15: =G15 -> V | J15: =DataSheet!L60-D15 -> #DIV/0! | K15: =I15 -> V | L15: =IF(AND(B15<=H15,B15>=J15),"PASSED","FAILED") -> #DIV/0! | N15: =F15+B15 -> #DIV/0! | O15: =G15 -> V | P15: =H15 -> #DIV/0! | Q15: =O15 -> V | R15: =IF(AND(N15<=H15,N15>=J15),"PASSED","FAILED") -> #DIV/0! | T15: =-DataSheet!DD60+B15 -> #DIV/0! | U15: =O15 -> V | V15: =IF(AND(T15<=H15,T15>=J15),"PASSED","FAILED") -> #DIV/0! | X15: =IF(AND(L15="PASSED",R15="PASSED",V15="PASSED"),"PASSED",IF(L15="FAILED","FAILED","UNDETERMINED")) -> #DIV/0!
B16: =DataSheet!AM61 -> #DIV/0! | C16: =DataSheet!P61 -> V | D16: =ABS((B16*0.7%)+(3*DataSheet!CK61)) -> #DIV/0! | E16: =C16 -> V | F16: =DataSheet!DD61 -> #DIV/0! | G16: =E16 -> V | H16: =DataSheet!L61+D16 -> #DIV/0! | I16: =G16 -> V | J16: =DataSheet!L61-D16 -> #DIV/0! | K16: =I16 -> V | L16: =IF(AND(B16<=H16,B16>=J16),"PASSED","FAILED") -> #DIV/0! | N16: =F16+B16 -> #DIV/0! | O16: =G16 -> V | P16: =H16 -> #DIV/0! | Q16: =O16 -> V | R16: =IF(AND(N16<=H16,N16>=J16),"PASSED","FAILED") -> #DIV/0! | T16: =-F16+B16 -> #DIV/0! | U16: =O16 -> V | V16: =IF(AND(T16<=H16,T16>=J16),"PASSED","FAILED") -> #DIV/0! | X16: =IF(AND(L16="PASSED",R16="PASSED",V16="PASSED"),"PASSED",IF(L16="FAILED","FAILED","UNDETERMINED")) -> #DIV/0!
B17: =DataSheet!AM62 -> #DIV/0! | C17: =DataSheet!P62 -> V | D17: =ABS((B17*0.7%)+(3*DataSheet!CK62)) -> #DIV/0! | E17: =C17 -> V | F17: =DataSheet!DD62 -> #DIV/0! | G17: =E17 -> V | H17: =DataSheet!L62+D17 -> #DIV/0! | I17: =G17 -> V | J17: =DataSheet!L62-D17 -> #DIV/0! | K17: =I17 -> V | L17: =IF(AND(B17<=H17,B17>=J17),"PASSED","FAILED") -> #DIV/0! | N17: =F17+B17 -> #DIV/0! | O17: =G17 -> V | P17: =H17 -> #DIV/0! | Q17: =O17 -> V | R17: =IF(AND(N17<=H17,N17>=J17),"PASSED","FAILED") -> #DIV/0! | T17: =-F17+B17 -> #DIV/0! | U17: =O17 -> V | V17: =IF(AND(T17<=H17,T17>=J17),"PASSED","FAILED") -> #DIV/0! | X17: =IF(AND(L17="PASSED",R17="PASSED",V17="PASSED"),"PASSED",IF(L17="FAILED","FAILED","UNDETERMINED")) -> #DIV/0!
B18: =DataSheet!AM63 -> #DIV/0! | C18: =DataSheet!P63 -> V | D18: =ABS((B18*0.7%)+(3*DataSheet!CK63)) -> #DIV/0! | E18: =C18 -> V | F18: =DataSheet!DD63 -> #DIV/0! | G18: =E18 -> V | H18: =DataSheet!L63+D18 -> #DIV/0! | I18: =G18 -> V | J18: =DataSheet!L63-D18 -> #DIV/0! | K18: =I18 -> V | L18: =IF(AND(B18<=H18,B18>=J18),"PASSED","FAILED") -> #DIV/0! | N18: =F18+B18 -> #DIV/0! | O18: =G18 -> V | P18: =H18 -> #DIV/0! | Q18: =O18 -> V | R18: =IF(AND(N18<=H18,N18>=J18),"PASSED","FAILED") -> #DIV/0! | T18: =-F18+B18 -> #DIV/0! | U18: =O18 -> V | V18: =IF(AND(T18<=H18,T18>=J18),"PASSED","FAILED") -> #DIV/0! | X18: =IF(AND(L18="PASSED",R18="PASSED",V18="PASSED"),"PASSED",IF(L18="FAILED","FAILED","UNDETERMINED")) -> #DIV/0!
B19: =DataSheet!AM64 -> #DIV/0! | C19: =DataSheet!P64 -> V | D19: =ABS((B19*0.7%)-(3*DataSheet!CK64)) -> #DIV/0! | E19: =C19 -> V | F19: =DataSheet!DD64 -> #DIV/0! | G19: =E19 -> V | H19: =DataSheet!L64+D19 -> #DIV/0! | I19: =G19 -> V | J19: =DataSheet!L64-D19 -> #DIV/0! | K19: =I19 -> V | L19: =IF(AND(B19<=H19,B19>=J19),"PASSED","FAILED") -> #DIV/0! | N19: =F19+B19 -> #DIV/0! | O19: =G19 -> V | P19: =H19 -> #DIV/0! | Q19: =O19 -> V | R19: =IF(AND(N19<=H19,N19>=J19),"PASSED","FAILED") -> #DIV/0! | T19: =-F19+B19 -> #DIV/0! | U19: =O19 -> V | V19: =IF(AND(T19<=H19,T19>=J19),"PASSED","FAILED") -> #DIV/0! | X19: =IF(AND(L19="PASSED",R19="PASSED",V19="PASSED"),"PASSED",IF(L19="FAILED","FAILED","UNDETERMINED")) -> #DIV/0!
B20: =DataSheet!AM65 -> #DIV/0! | C20: =DataSheet!P65 -> V | D20: =ABS((B20*0.7%)-(3*DataSheet!CK65)) -> #DIV/0! | E20: =C20 -> V | F20: =DataSheet!DD65 -> #DIV/0! | G20: =E20 -> V | H20: =DataSheet!L65+D20 -> #DIV/0! | I20: =G20 -> V | J20: =DataSheet!L65-D20 -> #DIV/0! | K20: =I20 -> V | L20: =IF(AND(B20<=H20,B20>=J20),"PASSED","FAILED") -> #DIV/0! | N20: =F20+B20 -> #DIV/0! | O20: =G20 -> V | P20: =H20 -> #DIV/0! | Q20: =O20 -> V | R20: =IF(AND(N20<=H20,N20>=J20),"PASSED","FAILED") -> #DIV/0! | T20: =-F20+B20 -> #DIV/0! | U20: =O20 -> V | V20: =IF(AND(T20<=H20,T20>=J20),"PASSED","FAILED") -> #DIV/0! | X20: =IF(AND(L20="PASSED",R20="PASSED",V20="PASSED"),"PASSED",IF(L20="FAILED","FAILED","UNDETERMINED")) -> #DIV/0!
B21: =DataSheet!AM66 -> #DIV/0! | C21: =DataSheet!P66 -> V | D21: =ABS((DataSheet!AM66*0.7%)+(3*DataSheet!CK66)) -> #DIV/0! | E21: =C21 -> V | F21: =DataSheet!DD66 -> #DIV/0! | G21: =E21 -> V | H21: =DataSheet!L66+D21 -> #DIV/0! | I21: =G21 -> V | J21: =DataSheet!L66-D21 -> #DIV/0! | K21: =I21 -> V | L21: =IF(AND(B21<=H21,B21>=J21),"PASSED","FAILED") -> #DIV/0! | N21: =F21+B21 -> #DIV/0! | O21: =G21 -> V | P21: =H21 -> #DIV/0! | Q21: =O21 -> V | R21: =IF(AND(N21<=H21,N21>=J21),"PASSED","FAILED") -> #DIV/0! | T21: =-F21+B21 -> #DIV/0! | U21: =O21 -> V | V21: =IF(AND(T21<=H21,T21>=J21),"PASSED","FAILED") -> #DIV/0! | X21: =IF(AND(L21="PASSED",R21="PASSED",V21="PASSED"),"PASSED",IF(L21="FAILED","FAILED","UNDETERMINED")) -> #DIV/0!
B22: =DataSheet!AM67 -> #DIV/0! | C22: =DataSheet!P67 -> V | D22: =ABS((DataSheet!AM67*0.7%)+(3*DataSheet!CK67)) -> #DIV/0! | E22: =C22 -> V | F22: =DataSheet!DD67 -> #DIV/0! | G22: =E22 -> V | H22: =DataSheet!L67+D22 -> #DIV/0! | I22: =G22 -> V | J22: =DataSheet!L67-D22 -> #DIV/0! | K22: =I22 -> V | L22: =IF(AND(B22<=H22,B22>=J22),"PASSED","FAILED") -> #DIV/0! | N22: =F22+B22 -> #DIV/0! | O22: =G22 -> V | P22: =H22 -> #DIV/0! | Q22: =O22 -> V | R22: =IF(AND(N22<=H22,N22>=J22),"PASSED","FAILED") -> #DIV/0! | T22: =-F22+B22 -> #DIV/0! | U22: =O22 -> V | V22: =IF(AND(T22<=H22,T22>=J22),"PASSED","FAILED") -> #DIV/0! | X22: =IF(AND(L22="PASSED",R22="PASSED",V22="PASSED"),"PASSED",IF(L22="FAILED","FAILED","UNDETERMINED")) -> #DIV/0!
B23: =DataSheet!AM68 -> #DIV/0! | C23: =DataSheet!P68 -> V | D23: =ABS((DataSheet!AM68*0.7%)-(3*DataSheet!CK68)) -> #DIV/0! | E23: =C23 -> V | F23: =DataSheet!DD68 -> #DIV/0! | G23: =E23 -> V | H23: =DataSheet!L68+D23 -> #DIV/0! | I23: =G23 -> V | J23: =DataSheet!L68-D23 -> #DIV/0! | K23: =I23 -> V | L23: =IF(AND(B23<=H23,B23>=J23),"PASSED","FAILED") -> #DIV/0! | N23: =F23+B23 -> #DIV/0! | O23: =G23 -> V | P23: =H23 -> #DIV/0! | Q23: =O23 -> V | R23: =IF(AND(N23<=H23,N23>=J23),"PASSED","FAILED") -> #DIV/0! | T23: =-F23+B23 -> #DIV/0! | U23: =O23 -> V | V23: =IF(AND(T23<=H23,T23>=J23),"PASSED","FAILED") -> #DIV/0! | X23: =IF(AND(L23="PASSED",R23="PASSED",V23="PASSED"),"PASSED",IF(L23="FAILED","FAILED","UNDETERMINED")) -> #DIV/0!
B24: =DataSheet!AM69 -> #DIV/0! | C24: =DataSheet!P69 -> V | D24: =ABS((DataSheet!AM69*0.7%)+(3*DataSheet!CK69)) -> #DIV/0! | E24: =C24 -> V | F24: =DataSheet!DD69 -> #DIV/0! | G24: =E24 -> V | H24: =DataSheet!L69+D24 -> #DIV/0! | I24: =G24 -> V | J24: =DataSheet!L69-D24 -> #DIV/0! | K24: =I24 -> V | L24: =IF(AND(B24<=H24,B24>=J24),"PASSED","FAILED") -> #DIV/0! | N24: =F24+B24 -> #DIV/0! | O24: =G24 -> V | P24: =H24 -> #DIV/0! | Q24: =O24 -> V | R24: =IF(AND(N24<=H24,N24>=J24),"PASSED","FAILED") -> #DIV/0! | T24: =-F24+B24 -> #DIV/0! | U24: =O24 -> V | V24: =IF(AND(T24<=H24,T24>=J24),"PASSED","FAILED") -> #DIV/0! | X24: =IF(AND(L24="PASSED",R24="PASSED",V24="PASSED"),"PASSED",IF(L24="FAILED","FAILED","UNDETERMINED")) -> #DIV/0!
B25: =DataSheet!AM70 -> #DIV/0! | C25: =DataSheet!P70 -> V | D25: =ABS((DataSheet!AM70*0.7%)+(3*DataSheet!CK70)) -> #DIV/0! | E25: =C25 -> V | F25: =DataSheet!DD70 -> #DIV/0! | G25: =E25 -> V | H25: =DataSheet!L70+D25 -> #DIV/0! | I25: =G25 -> V | J25: =DataSheet!L70-D25 -> #DIV/0! | K25: =I25 -> V | L25: =IF(AND(B25<=H25,B25>=J25),"PASSED","FAILED") -> #DIV/0! | N25: =F25+B25 -> #DIV/0! | O25: =G25 -> V | P25: =H25 -> #DIV/0! | Q25: =O25 -> V | R25: =IF(AND(N25<=H25,N25>=J25),"PASSED","FAILED") -> #DIV/0! | T25: =-F25+B25 -> #DIV/0! | U25: =O25 -> V | V25: =IF(AND(T25<=H25,T25>=J25),"PASSED","FAILED") -> #DIV/0! | X25: =IF(AND(L25="PASSED",R25="PASSED",V25="PASSED"),"PASSED",IF(L25="FAILED","FAILED","UNDETERMINED")) -> #DIV/0!
B26: =DataSheet!AM71 -> #DIV/0! | C26: =DataSheet!P71 -> V | D26: =ABS((DataSheet!AM71*0.7%)-(3*DataSheet!CK71)) -> #DIV/0! | E26: =C26 -> V | F26: =DataSheet!DD71 -> #DIV/0! | G26: =E26 -> V | H26: =DataSheet!L71+D26 -> #DIV/0! | I26: =G26 -> V | J26: =DataSheet!L71-D26 -> #DIV/0! | K26: =I26 -> V | L26: =IF(AND(B26<=H26,B26>=J26),"PASSED","FAILED") -> #DIV/0! | N26: =F26+B26 -> #DIV/0! | O26: =G26 -> V | P26: =H26 -> #DIV/0! | Q26: =O26 -> V | R26: =IF(AND(N26<=H26,N26>=J26),"PASSED","FAILED") -> #DIV/0! | T26: =-F26+B26 -> #DIV/0! | U26: =O26 -> V | V26: =IF(AND(T26<=H26,T26>=J26),"PASSED","FAILED") -> #DIV/0! | X26: =IF(AND(L26="PASSED",R26="PASSED",V26="PASSED"),"PASSED",IF(L26="FAILED","FAILED","UNDETERMINED")) -> #DIV/0!
B27: =DataSheet!F73 -> AC Voltage Test | X27: FINAL REMARKS
B29: Measured Value | D29: Tolerance | F29: Uncertainty | H29: Upper Limit | J29: Lower Limit | L29: Remarks | N29: Measured + Upper UNC | P29: Upper Limit | R29: Remarks | T29: Measured + Lower UNC | V29: Remarks
B31: =DataSheet!AM76 -> #DIV/0! | C31: =DataSheet!P76 -> V | D31: =ABS((DataSheet!AM76*1.6%)+(9*DataSheet!CK76)) -> #DIV/0! | E31: =C31 -> V | F31: =DataSheet!DD76 -> #DIV/0! | G31: =E31 -> V | H31: =DataSheet!L76+D31 -> #DIV/0! | J31: =DataSheet!L76-D31 -> #DIV/0! | L31: =IF(AND(B31<=H31,B31>=J31),"PASSED","FAILED") -> #DIV/0! | N31: =DataSheet!DD76+B31 -> #DIV/0! | O31: =G31 -> V | P31: =H31 -> #DIV/0! | Q31: =O31 -> V | R31: =IF(AND(N31<=H31,N31>=J31),"PASSED","FAILED") -> #DIV/0! | T31: =-DataSheet!DD76+B31 -> #DIV/0! | U31: =O31 -> V | V31: =IF(AND(T31<=H31,T31>=J31),"PASSED","FAILED") -> #DIV/0! | X31: =IF(AND(L31="PASSED",R31="PASSED",V31="PASSED"),"PASSED",IF(L31="FAILED","FAILED","UNDETERMINED")) -> #DIV/0!
B32: =DataSheet!AM77 -> #DIV/0! | C32: =DataSheet!P77 -> V | D32: =ABS((DataSheet!AM77*1.6%)+(9*DataSheet!CK77)) -> #DIV/0! | E32: =C32 -> V | F32: =DataSheet!DD77 -> #DIV/0! | G32: =E32 -> V | H32: =DataSheet!L77+D32 -> #DIV/0! | J32: =DataSheet!L77-D32 -> #DIV/0! | L32: =IF(AND(B32<=H32,B32>=J32),"PASSED","FAILED") -> #DIV/0! | N32: =DataSheet!DD77+B32 -> #DIV/0! | O32: =G32 -> V | P32: =H32 -> #DIV/0! | Q32: =O32 -> V | R32: =IF(AND(N32<=H32,N32>=J32),"PASSED","FAILED") -> #DIV/0! | T32: =-DataSheet!DD77+B32 -> #DIV/0! | U32: =O32 -> V | V32: =IF(AND(T32<=H32,T32>=J32),"PASSED","FAILED") -> #DIV/0! | X32: =IF(AND(L32="PASSED",R32="PASSED",V32="PASSED"),"PASSED",IF(L32="FAILED","FAILED","UNDETERMINED")) -> #DIV/0!
B33: =DataSheet!AM78 -> #DIV/0! | C33: =DataSheet!P78 -> V | D33: =ABS((DataSheet!AM78*1.6%)+(9*DataSheet!CK78)) -> #DIV/0! | E33: =C33 -> V | F33: =DataSheet!DD78 -> #DIV/0! | G33: =E33 -> V | H33: =DataSheet!L78+D33 -> #DIV/0! | J33: =DataSheet!L78-D33 -> #DIV/0! | L33: =IF(AND(B33<=H33,B33>=J33),"PASSED","FAILED") -> #DIV/0! | N33: =DataSheet!DD78+B33 -> #DIV/0! | O33: =G33 -> V | P33: =H33 -> #DIV/0! | Q33: =O33 -> V | R33: =IF(AND(N33<=H33,N33>=J33),"PASSED","FAILED") -> #DIV/0! | T33: =-DataSheet!DD78+B33 -> #DIV/0! | U33: =O33 -> V | V33: =IF(AND(T33<=H33,T33>=J33),"PASSED","FAILED") -> #DIV/0! | X33: =IF(AND(L33="PASSED",R33="PASSED",V33="PASSED"),"PASSED",IF(L33="FAILED","FAILED","UNDETERMINED")) -> #DIV/0!
B34: =DataSheet!AM79 -> #DIV/0! | C34: =DataSheet!P79 -> V | D34: =ABS((DataSheet!AM79*1.6%)+(9*DataSheet!CK79)) -> #DIV/0! | E34: =C34 -> V | F34: =DataSheet!DD79 -> #DIV/0! | G34: =E34 -> V | H34: =DataSheet!L79+D34 -> #DIV/0! | J34: =DataSheet!L79-D34 -> #DIV/0! | L34: =IF(AND(B34<=H34,B34>=J34),"PASSED","FAILED") -> #DIV/0! | N34: =DataSheet!DD79+B34 -> #DIV/0! | O34: =G34 -> V | P34: =H34 -> #DIV/0! | Q34: =O34 -> V | R34: =IF(AND(N34<=H34,N34>=J34),"PASSED","FAILED") -> #DIV/0! | T34: =-DataSheet!DD79+B34 -> #DIV/0! | U34: =O34 -> V | V34: =IF(AND(T34<=H34,T34>=J34),"PASSED","FAILED") -> #DIV/0! | X34: =IF(AND(L34="PASSED",R34="PASSED",V34="PASSED"),"PASSED",IF(L34="FAILED","FAILED","UNDETERMINED")) -> #DIV/0!
B35: =DataSheet!AM80 -> #DIV/0! | C35: =DataSheet!P80 -> V | D35: =ABS((DataSheet!AM80*1.6%)+(9*DataSheet!CK80)) -> #DIV/0! | E35: =C35 -> V | F35: =DataSheet!DD80 -> #DIV/0! | G35: =E35 -> V | H35: =DataSheet!L80+D35 -> #DIV/0! | J35: =DataSheet!L80-D35 -> #DIV/0! | L35: =IF(AND(B35<=H35,B35>=J35),"PASSED","FAILED") -> #DIV/0! | N35: =DataSheet!DD80+B35 -> #DIV/0! | O35: =G35 -> V | P35: =H35 -> #DIV/0! | Q35: =O35 -> V | R35: =IF(AND(N35<=H35,N35>=J35),"PASSED","FAILED") -> #DIV/0! | T35: =-F35+B35 -> #DIV/0! | U35: =O35 -> V | V35: =IF(AND(T35<=H35,T35>=J35),"PASSED","FAILED") -> #DIV/0! | X35: =IF(AND(L35="PASSED",R35="PASSED",V35="PASSED"),"PASSED",IF(L35="FAILED","FAILED","UNDETERMINED")) -> #DIV/0!
B36: =DataSheet!AM81 -> #DIV/0! | C36: =DataSheet!P81 -> V | D36: =ABS((DataSheet!AM81*1.6%)+(9*DataSheet!CK81)) -> #DIV/0! | E36: =C36 -> V | F36: =DataSheet!DD81 -> #DIV/0! | G36: =E36 -> V | H36: =DataSheet!L81+D36 -> #DIV/0! | J36: =DataSheet!L81-D36 -> #DIV/0! | L36: =IF(AND(B36<=H36,B36>=J36),"PASSED","FAILED") -> #DIV/0! | N36: =DataSheet!DD81+B36 -> #DIV/0! | O36: =G36 -> V | P36: =H36 -> #DIV/0! | Q36: =O36 -> V | R36: =IF(AND(N36<=H36,N36>=J36),"PASSED","FAILED") -> #DIV/0! | T36: =-F36+B36 -> #DIV/0! | U36: =O36 -> V | V36: =IF(AND(T36<=H36,T36>=J36),"PASSED","FAILED") -> #DIV/0! | X36: =IF(AND(L36="PASSED",R36="PASSED",V36="PASSED"),"PASSED",IF(L36="FAILED","FAILED","UNDETERMINED")) -> #DIV/0!
B37: =DataSheet!AM82 -> #DIV/0! | C37: =DataSheet!P82 -> V | D37: =ABS((DataSheet!AM82*1.6%)+(9*DataSheet!CK82)) -> #DIV/0! | E37: =C37 -> V | F37: =DataSheet!DD82 -> #DIV/0! | G37: =E37 -> V | H37: =DataSheet!L82+D37 -> #DIV/0! | J37: =DataSheet!L82-D37 -> #DIV/0! | L37: =IF(AND(B37<=H37,B37>=J37),"PASSED","FAILED") -> #DIV/0! | N37: =DataSheet!DD82+B37 -> #DIV/0! | O37: =G37 -> V | P37: =H37 -> #DIV/0! | Q37: =O37 -> V | R37: =IF(AND(N37<=H37,N37>=J37),"PASSED","FAILED") -> #DIV/0! | T37: =-F37+B37 -> #DIV/0! | U37: =O37 -> V | V37: =IF(AND(T37<=H37,T37>=J37),"PASSED","FAILED") -> #DIV/0! | X37: =IF(AND(L37="PASSED",R37="PASSED",V37="PASSED"),"PASSED",IF(L37="FAILED","FAILED","UNDETERMINED")) -> #DIV/0!
B38: =DataSheet!AM83 -> #DIV/0! | C38: =DataSheet!P83 -> V | D38: =ABS((DataSheet!AM83*1.6%)+(9*DataSheet!CK83)) -> #DIV/0! | E38: =C38 -> V | F38: =DataSheet!DD83 -> #DIV/0! | G38: =E38 -> V | H38: =DataSheet!L83+D38 -> #DIV/0! | J38: =DataSheet!L83-D38 -> #DIV/0! | L38: =IF(AND(B38<=H38,B38>=J38),"PASSED","FAILED") -> #DIV/0! | N38: =DataSheet!DD83+B38 -> #DIV/0! | O38: =G38 -> V | P38: =H38 -> #DIV/0! | Q38: =O38 -> V | R38: =IF(AND(N38<=H38,N38>=J38),"PASSED","FAILED") -> #DIV/0! | T38: =-F38+B38 -> #DIV/0! | U38: =O38 -> V | V38: =IF(AND(T38<=H38,T38>=J38),"PASSED","FAILED") -> #DIV/0! | X38: =IF(AND(L38="PASSED",R38="PASSED",V38="PASSED"),"PASSED",IF(L38="FAILED","FAILED","UNDETERMINED")) -> #DIV/0!
B39: =DataSheet!AM84 -> #DIV/0! | C39: =DataSheet!P84 -> V | D39: =ABS((DataSheet!AM84*1.6%)+(9*DataSheet!CK84)) -> #DIV/0! | E39: =C39 -> V | F39: =DataSheet!DD84 -> #DIV/0! | G39: =E39 -> V | H39: =DataSheet!L84+D39 -> #DIV/0! | J39: =DataSheet!L84-D39 -> #DIV/0! | L39: =IF(AND(B39<=H39,B39>=J39),"PASSED","FAILED") -> #DIV/0! | N39: =DataSheet!DD84+B39 -> #DIV/0! | O39: =G39 -> V | P39: =H39 -> #DIV/0! | Q39: =O39 -> V | R39: =IF(AND(N39<=H39,N39>=J39),"PASSED","FAILED") -> #DIV/0! | T39: =-F39+B39 -> #DIV/0! | U39: =O39 -> V | V39: =IF(AND(T39<=H39,T39>=J39),"PASSED","FAILED") -> #DIV/0! | X39: =IF(AND(L39="PASSED",R39="PASSED",V39="PASSED"),"PASSED",IF(L39="FAILED","FAILED","UNDETERMINED")) -> #DIV/0!
B40: =DataSheet!AM85 -> #DIV/0! | C40: =DataSheet!P85 -> V | D40: =ABS((DataSheet!AM85*1.6%)+(9*DataSheet!CK85)) -> #DIV/0! | E40: =C40 -> V | F40: =DataSheet!DD85 -> #DIV/0! | G40: =E40 -> V | H40: =DataSheet!L85+D40 -> #DIV/0! | J40: =DataSheet!L85-D40 -> #DIV/0! | L40: =IF(AND(B40<=H40,B40>=J40),"PASSED","FAILED") -> #DIV/0! | N40: =DataSheet!DD85+B40 -> #DIV/0! | O40: =G40 -> V | P40: =H40 -> #DIV/0! | Q40: =O40 -> V | R40: =IF(AND(N40<=H40,N40>=J40),"PASSED","FAILED") -> #DIV/0! | T40: =-F40+B40 -> #DIV/0! | U40: =O40 -> V | V40: =IF(AND(T40<=H40,T40>=J40),"PASSED","FAILED") -> #DIV/0! | X40: =IF(AND(L40="PASSED",R40="PASSED",V40="PASSED"),"PASSED",IF(L40="FAILED","FAILED","UNDETERMINED")) -> #DIV/0!
B41: =DataSheet!AM86 -> #DIV/0! | C41: =DataSheet!P86 -> V | D41: =ABS((DataSheet!AM86*1.6%)+(9*DataSheet!CK86)) -> #DIV/0! | E41: =C41 -> V | F41: =DataSheet!DD86 -> #DIV/0! | G41: =E41 -> V | H41: =DataSheet!L86+D41 -> #DIV/0! | J41: =DataSheet!L86-D41 -> #DIV/0! | L41: =IF(AND(B41<=H41,B41>=J41),"PASSED","FAILED") -> #DIV/0! | N41: =DataSheet!DD86+B41 -> #DIV/0! | O41: =G41 -> V | P41: =H41 -> #DIV/0! | Q41: =O41 -> V | R41: =IF(AND(N41<=H41,N41>=J41),"PASSED","FAILED") -> #DIV/0! | T41: =-F41+B41 -> #DIV/0! | U41: =O41 -> V | V41: =IF(AND(T41<=H41,T41>=J41),"PASSED","FAILED") -> #DIV/0! | X41: =IF(AND(L41="PASSED",R41="PASSED",V41="PASSED"),"PASSED",IF(L41="FAILED","FAILED","UNDETERMINED")) -> #DIV/0!
B42: =DataSheet!AM87 -> #DIV/0! | C42: =DataSheet!P87 -> V | D42: =ABS((DataSheet!AM87*1.6%)+(9*DataSheet!CK87)) -> #DIV/0! | E42: =C42 -> V | F42: =DataSheet!DD87 -> #DIV/0! | G42: =E42 -> V | H42: =DataSheet!L87+D42 -> #DIV/0! | J42: =DataSheet!L87-D42 -> #DIV/0! | L42: =IF(AND(B42<=H42,B42>=J42),"PASSED","FAILED") -> #DIV/0! | N42: =DataSheet!DD87+B42 -> #DIV/0! | O42: =G42 -> V | P42: =H42 -> #DIV/0! | Q42: =O42 -> V | R42: =IF(AND(N42<=H42,N42>=J42),"PASSED","FAILED") -> #DIV/0! | T42: =-F42+B42 -> #DIV/0! | U42: =O42 -> V | V42: =IF(AND(T42<=H42,T42>=J42),"PASSED","FAILED") -> #DIV/0! | X42: =IF(AND(L42="PASSED",R42="PASSED",V42="PASSED"),"PASSED",IF(L42="FAILED","FAILED","UNDETERMINED")) -> #DIV/0!
B43: =DataSheet!AM88 -> #DIV/0! | C43: =DataSheet!P88 -> V | D43: =ABS((DataSheet!AM88*1.6%)+(9*DataSheet!CK88)) -> #DIV/0! | E43: =C43 -> V | F43: =DataSheet!DD88 -> #DIV/0! | G43: =E43 -> V | H43: =DataSheet!L88+D43 -> #DIV/0! | J43: =DataSheet!L88-D43 -> #DIV/0! | L43: =IF(AND(B43<=H43,B43>=J43),"PASSED","FAILED") -> #DIV/0! | N43: =DataSheet!DD88+B43 -> #DIV/0! | O43: =G43 -> V | P43: =H43 -> #DIV/0! | Q43: =O43 -> V | R43: =IF(AND(N43<=H43,N43>=J43),"PASSED","FAILED") -> #DIV/0! | T43: =-F43+B43 -> #DIV/0! | U43: =O43 -> V | V43: =IF(AND(T43<=H43,T43>=J43),"PASSED","FAILED") -> #DIV/0! | X43: =IF(AND(L43="PASSED",R43="PASSED",V43="PASSED"),"PASSED",IF(L43="FAILED","FAILED","UNDETERMINED")) -> #DIV/0!
B44: =DataSheet!AM89 -> #DIV/0! | C44: =DataSheet!P89 -> V | D44: =ABS((DataSheet!AM89*1.6%)+(9*DataSheet!CK89)) -> #DIV/0! | E44: =C44 -> V | F44: =DataSheet!DD89 -> #DIV/0! | G44: =E44 -> V | H44: =DataSheet!L89+D44 -> #DIV/0! | J44: =DataSheet!L89-D44 -> #DIV/0! | L44: =IF(AND(B44<=H44,B44>=J44),"PASSED","FAILED") -> #DIV/0! | N44: =DataSheet!DD89+B44 -> #DIV/0! | O44: =G44 -> V | P44: =H44 -> #DIV/0! | Q44: =O44 -> V | R44: =IF(AND(N44<=H44,N44>=J44),"PASSED","FAILED") -> #DIV/0! | T44: =-F44+B44 -> #DIV/0! | U44: =O44 -> V | V44: =IF(AND(T44<=H44,T44>=J44),"PASSED","FAILED") -> #DIV/0! | X44: =IF(AND(L44="PASSED",R44="PASSED",V44="PASSED"),"PASSED",IF(L44="FAILED","FAILED","UNDETERMINED")) -> #DIV/0!
B45: =DataSheet!AM90 -> #DIV/0! | C45: =DataSheet!P90 -> V | D45: =ABS((DataSheet!AM90*1.6%)+(9*DataSheet!CK90)) -> #DIV/0! | E45: =C45 -> V | F45: =DataSheet!DD90 -> #DIV/0! | G45: =E45 -> V | H45: =DataSheet!L90+D45 -> #DIV/0! | J45: =DataSheet!L90-D45 -> #DIV/0! | L45: =IF(AND(B45<=H45,B45>=J45),"PASSED","FAILED") -> #DIV/0! | N45: =DataSheet!DD90+B45 -> #DIV/0! | O45: =G45 -> V | P45: =H45 -> #DIV/0! | Q45: =O45 -> V | R45: =IF(AND(N45<=H45,N45>=J45),"PASSED","FAILED") -> #DIV/0! | T45: =-F45+B45 -> #DIV/0! | U45: =O45 -> V | V45: =IF(AND(T45<=H45,T45>=J45),"PASSED","FAILED") -> #DIV/0! | X45: =IF(AND(L45="PASSED",R45="PASSED",V45="PASSED"),"PASSED",IF(L45="FAILED","FAILED","UNDETERMINED")) -> #DIV/0!
B46: =DataSheet!AM91 -> #DIV/0! | C46: =DataSheet!P91 -> V | D46: =ABS((DataSheet!AM91*1.6%)+(9*DataSheet!CK91)) -> #DIV/0! | E46: =C46 -> V | F46: =DataSheet!DD91 -> #DIV/0! | G46: =E46 -> V | H46: =DataSheet!L91+D46 -> #DIV/0! | J46: =DataSheet!L91-D46 -> #DIV/0! | L46: =IF(AND(B46<=H46,B46>=J46),"PASSED","FAILED") -> #DIV/0! | N46: =DataSheet!DD91+B46 -> #DIV/0! | O46: =G46 -> V | P46: =H46 -> #DIV/0! | Q46: =O46 -> V | R46: =IF(AND(N46<=H46,N46>=J46),"PASSED","FAILED") -> #DIV/0! | T46: =-F46+B46 -> #DIV/0! | U46: =O46 -> V | V46: =IF(AND(T46<=H46,T46>=J46),"PASSED","FAILED") -> #DIV/0! | X46: =IF(AND(L46="PASSED",R46="PASSED",V46="PASSED"),"PASSED",IF(L46="FAILED","FAILED","UNDETERMINED")) -> #DIV/0!
... B48: =DataSheet!AM93 -> #DIV/0! | C48: =DataSheet!P93 -> V | D48: =ABS((DataSheet!AM93*1.6%)+(9*DataSheet!CK93)) -> #DIV/0! | E48: =C48 -> V | F48: =DataSheet!DD93 -> #DIV/0! | G48: =E48 -> V | H48: =DataSheet!L93+D48 -> #DIV/0! | J48: =DataSheet!L93-D48 -> #DIV/0! | L48: =IF(AND(B48<=H48,B48>=J48),"PASSED","FAILED") -> #DIV/0! | N48: =DataSheet!DD93+B48 -> #DIV/0! | O48: =G48 -> V | P48: =H48 -> #DIV/0! | Q48: =O48 -> V | R48: =IF(AND(N48<=H48,N48>=J48),"PASSED","FAILED") -> #DIV/0! | T48: =-F48+B48 -> #DIV/0! | U48: =O48 -> V | V48: =IF(AND(T48<=H48,T48>=J48),"PASSED","FAILED") -> #DIV/0! | X48: =IF(AND(L48="PASSED",R48="PASSED",V48="PASSED"),"PASSED",IF(L48="FAILED","FAILED","UNDETERMINED")) -> #DIV/0!
B49: =DataSheet!F95 -> Resistance Test | X49: FINAL REMARKS
B51: Measured Value | D51: Tolerance | F51: Uncertainty | H51: Upper Limit | J51: Lower Limit | L51: Remarks | N51: Measured + Upper UNC | P51: Upper Limit | R51: Remarks | T51: Measured + Lower UNC | V51: Remarks
B53: =DataSheet!AM98 -> #DIV/0! | C53: =DataSheet!P98 -> Ω | D53: =ABS((DataSheet!AM98*1.5%)+(5*DataSheet!CK98)) -> #DIV/0! | E53: =C53 -> Ω | F53: =DataSheet!DD98 -> #DIV/0! | G53: =C53 -> Ω | H53: =DataSheet!L98+D53 -> #DIV/0! | J53: =DataSheet!L98-D53 -> #DIV/0! | L53: =IF(AND(B53<=H53,B53>=J53),"PASSED","FAILED") -> #DIV/0! | N53: =DataSheet!DD98+B53 -> #DIV/0! | O53: =G53 -> Ω | P53: =H53 -> #DIV/0! | Q53: =O53 -> Ω | R53: =IF(AND(N53<=H53,N53>=J53),"PASSED","FAILED") -> #DIV/0! | T53: =-F53+B53 -> #DIV/0! | U53: =O53 -> Ω | V53: =IF(AND(T53<=H53,T53>=J53),"PASSED","FAILED") -> #DIV/0! | X53: =IF(AND(L53="PASSED",R53="PASSED",V53="PASSED"),"PASSED",IF(L53="FAILED","FAILED","UNDETERMINED")) -> #DIV/0!
B54: =DataSheet!AM99 -> #DIV/0! | C54: =DataSheet!P99 -> Ω | D54: =ABS((DataSheet!AM99*1.5%)+(5*DataSheet!CK99)) -> #DIV/0! | E54: =C54 -> Ω | F54: =DataSheet!DD99 -> #DIV/0! | G54: =C54 -> Ω | H54: =DataSheet!L99+D54 -> #DIV/0! | J54: =DataSheet!L99-D54 -> #DIV/0! | L54: =IF(AND(B54<=H54,B54>=J54),"PASSED","FAILED") -> #DIV/0! | N54: =DataSheet!DD99+B54 -> #DIV/0! | O54: =G54 -> Ω | P54: =H54 -> #DIV/0! | Q54: =O54 -> Ω | R54: =IF(AND(N54<=H54,N54>=J54),"PASSED","FAILED") -> #DIV/0! | T54: =-F54+B54 -> #DIV/0! | U54: =O54 -> Ω | V54: =IF(AND(T54<=H54,T54>=J54),"PASSED","FAILED") -> #DIV/0! | X54: =IF(AND(L54="PASSED",R54="PASSED",V54="PASSED"),"PASSED",IF(L54="FAILED","FAILED","UNDETERMINED")) -> #DIV/0!
B55: =DataSheet!AM100 -> #DIV/0! | C55: =DataSheet!P100 -> kΩ | D55: =ABS((DataSheet!AM100*1.5%)+(5*DataSheet!CK100)) -> #DIV/0! | E55: =C55 -> kΩ | F55: =DataSheet!DD100 -> #DIV/0! | G55: =C55 -> kΩ | H55: =DataSheet!L100+D55 -> #DIV/0! | J55: =DataSheet!L100-D55 -> #DIV/0! | L55: =IF(AND(B55<=H55,B55>=J55),"PASSED","FAILED") -> #DIV/0! | N55: =DataSheet!DD100+B55 -> #DIV/0! | O55: =G55 -> kΩ | P55: =H55 -> #DIV/0! | Q55: =O55 -> kΩ | R55: =IF(AND(N55<=H55,N55>=J55),"PASSED","FAILED") -> #DIV/0! | T55: =-DataSheet!DD100+B55 -> #DIV/0! | U55: =O55 -> kΩ | V55: =IF(AND(T55<=H55,T55>=J55),"PASSED","FAILED") -> #DIV/0! | X55: =IF(AND(L55="PASSED",R55="PASSED",V55="PASSED"),"PASSED",IF(L55="FAILED","FAILED","UNDETERMINED")) -> #DIV/0!
B56: =DataSheet!AM101 -> #DIV/0! | C56: =DataSheet!P101 -> kΩ | D56: =ABS((DataSheet!AM101*1.5%)+(5*DataSheet!CK101)) -> #DIV/0! | E56: =C56 -> kΩ | F56: =DataSheet!DD101 -> #DIV/0! | G56: =C56 -> kΩ | H56: =DataSheet!L101+D56 -> #DIV/0! | J56: =DataSheet!L101-D56 -> #DIV/0! | L56: =IF(AND(B56<=H56,B56>=J56),"PASSED","FAILED") -> #DIV/0! | N56: =DataSheet!DD101+B56 -> #DIV/0! | O56: =G56 -> kΩ | P56: =H56 -> #DIV/0! | Q56: =O56 -> kΩ | R56: =IF(AND(N56<=H56,N56>=J56),"PASSED","FAILED") -> #DIV/0! | T56: =-F56+B56 -> #DIV/0! | U56: =O56 -> kΩ | V56: =IF(AND(T56<=H56,T56>=J56),"PASSED","FAILED") -> #DIV/0! | X56: =IF(AND(L56="PASSED",R56="PASSED",V56="PASSED"),"PASSED",IF(L56="FAILED","FAILED","UNDETERMINED")) -> #DIV/0!
B57: =DataSheet!AM102 -> #DIV/0! | C57: =DataSheet!P102 -> kΩ | D57: =ABS((DataSheet!AM102*1.5%)+(5*DataSheet!CK102)) -> #DIV/0! | E57: =C57 -> kΩ | F57: =DataSheet!DD102 -> #DIV/0! | G57: =C57 -> kΩ | H57: =DataSheet!L102+D57 -> #DIV/0! | J57: =DataSheet!L102-D57 -> #DIV/0! | L57: =IF(AND(B57<=H57,B57>=J57),"PASSED","FAILED") -> #DIV/0! | N57: =DataSheet!DD102+B57 -> #DIV/0! | O57: =G57 -> kΩ | P57: =H57 -> #DIV/0! | Q57: =O57 -> kΩ | R57: =IF(AND(N57<=H57,N57>=J57),"PASSED","FAILED") -> #DIV/0! | T57: =-F57+B57 -> #DIV/0! | U57: =O57 -> kΩ | V57: =IF(AND(T57<=H57,T57>=J57),"PASSED","FAILED") -> #DIV/0! | X57: =IF(AND(L57="PASSED",R57="PASSED",V57="PASSED"),"PASSED",IF(L57="FAILED","FAILED","UNDETERMINED")) -> #DIV/0!
B58: =DataSheet!AM103 -> #DIV/0! | C58: =DataSheet!P103 -> MΩ | D58: =ABS((DataSheet!AM103*1.5%)+(5*DataSheet!CK103)) -> #DIV/0! | E58: =C58 -> MΩ | F58: =DataSheet!DD103 -> #DIV/0! | G58: =C58 -> MΩ | H58: =DataSheet!L103+D58 -> #DIV/0! | J58: =DataSheet!L103-D58 -> #DIV/0! | L58: =IF(AND(B58<=H58,B58>=J58),"PASSED","FAILED") -> #DIV/0! | N58: =DataSheet!DD103+B58 -> #DIV/0! | O58: =G58 -> MΩ | P58: =H58 -> #DIV/0! | Q58: =O58 -> MΩ | R58: =IF(AND(N58<=H58,N58>=J58),"PASSED","FAILED") -> #DIV/0! | T58: =-DataSheet!DD103+B58 -> #DIV/0! | U58: =O58 -> MΩ | V58: =IF(AND(T58<=H58,T58>=J58),"PASSED","FAILED") -> #DIV/0! | X58: =IF(AND(L58="PASSED",R58="PASSED",V58="PASSED"),"PASSED",IF(L58="FAILED","FAILED","UNDETERMINED")) -> #DIV/0!
B59: =DataSheet!AM104 -> #DIV/0! | C59: =DataSheet!P104 -> MΩ | D59: =ABS((DataSheet!AM104*1.5%)+(5*DataSheet!CK104)) -> #DIV/0! | E59: =C59 -> MΩ | F59: =DataSheet!DD104 -> #DIV/0! | G59: =C59 -> MΩ | H59: =DataSheet!L104+D59 -> #DIV/0! | J59: =DataSheet!L104-D59 -> #DIV/0! | L59: =IF(AND(B59<=H59,B59>=J59),"PASSED","FAILED") -> #DIV/0! | N59: =DataSheet!DD104+B59 -> #DIV/0! | O59: =G59 -> MΩ | P59: =H59 -> #DIV/0! | Q59: =O59 -> MΩ | R59: =IF(AND(N59<=H59,N59>=J59),"PASSED","FAILED") -> #DIV/0! | T59: =-F59+B59 -> #DIV/0! | U59: =O59 -> MΩ | V59: =IF(AND(T59<=H59,T59>=J59),"PASSED","FAILED") -> #DIV/0! | X59: =IF(AND(L59="PASSED",R59="PASSED",V59="PASSED"),"PASSED",IF(L59="FAILED","FAILED","UNDETERMINED")) -> #DIV/0!
B60: =DataSheet!F106 -> DC Current Test | X60: FINAL REMARKS
B62: Measured Value | D62: Tolerance | F62: Uncertainty | H62: Upper Limit | J62: Lower Limit | L62: Remarks | N62: Measured + Upper UNC | P62: Upper Limit | R62: Remarks | T62: Measured + Lower UNC | V62: Remarks
B64: =DataSheet!AM109 -> #DIV/0! | C64: =DataSheet!P109 -> mA | D64: =ABS((DataSheet!AM109*2.2%)+(5*DataSheet!CK109)) -> #DIV/0! | E64: =C64 -> mA | F64: =DataSheet!DD109 -> #DIV/0! | G64: =C64 -> mA | H64: =DataSheet!L109+D64 -> #DIV/0! | J64: =DataSheet!L109-D64 -> #DIV/0! | L64: =IF(AND(B64<=H64,B64>=J64),"PASSED","FAILED") -> #DIV/0! | N64: =DataSheet!DD109+B64 -> #DIV/0! | O64: =G64 -> mA | P64: =H64 -> #DIV/0! | Q64: =O64 -> mA | R64: =IF(AND(N64<=H64,N64>=J64),"PASSED","FAILED") -> #DIV/0! | T64: =-F64+B64 -> #DIV/0! | U64: =O64 -> mA | V64: =IF(AND(T64<=H64,T64>=J64),"PASSED","FAILED") -> #DIV/0! | X64: =IF(AND(L64="PASSED",R64="PASSED",V64="PASSED"),"PASSED",IF(L64="FAILED","FAILED","UNDETERMINED")) -> #DIV/0!
B65: =DataSheet!AM110 -> #DIV/0! | C65: =DataSheet!P110 -> mA | D65: =ABS((DataSheet!AM110*2.2%)-(5*DataSheet!CK110)) -> #DIV/0! | E65: =C65 -> mA | F65: =DataSheet!DD110 -> #DIV/0! | G65: =C65 -> mA | H65: =DataSheet!L110+D65 -> #DIV/0! | J65: =DataSheet!L110-D65 -> #DIV/0! | L65: =IF(AND(B65<=H65,B65>=J65),"PASSED","FAILED") -> #DIV/0! | N65: =DataSheet!DD110+B65 -> #DIV/0! | O65: =G65 -> mA | P65: =H65 -> #DIV/0! | Q65: =O65 -> mA | R65: =IF(AND(N65<=H65,N65>=J65),"PASSED","FAILED") -> #DIV/0! | T65: =-F65+B65 -> #DIV/0! | U65: =O65 -> mA | V65: =IF(AND(T65<=H65,T65>=J65),"PASSED","FAILED") -> #DIV/0! | X65: =IF(AND(L65="PASSED",R65="PASSED",V65="PASSED"),"PASSED",IF(L65="FAILED","FAILED","UNDETERMINED")) -> #DIV/0!
B66: =DataSheet!AM111 -> #DIV/0! | C66: =DataSheet!P111 -> mA | D66: =ABS((DataSheet!AM111*2.2%)+(5*DataSheet!CK111)) -> #DIV/0! | E66: =C66 -> mA | F66: =DataSheet!DD111 -> #DIV/0! | G66: =C66 -> mA | H66: =DataSheet!L111+D66 -> #DIV/0! | J66: =DataSheet!L111-D66 -> #DIV/0! | L66: =IF(AND(B66<=H66,B66>=J66),"PASSED","FAILED") -> #DIV/0! | N66: =DataSheet!DD111+B66 -> #DIV/0! | O66: =G66 -> mA | P66: =H66 -> #DIV/0! | Q66: =O66 -> mA | R66: =IF(AND(N66<=H66,N66>=J66),"PASSED","FAILED") -> #DIV/0! | T66: =-F66+B66 -> #DIV/0! | U66: =O66 -> mA | V66: =IF(AND(T66<=H66,T66>=J66),"PASSED","FAILED") -> #DIV/0! | X66: =IF(AND(L66="PASSED",R66="PASSED",V66="PASSED"),"PASSED",IF(L66="FAILED","FAILED","UNDETERMINED")) -> #DIV/0!
B67: =DataSheet!F113 -> AC Current Test | X67: FINAL REMARKS
B69: Measured Value | D69: Tolerance | F69: Uncertainty | H69: Upper Limit | J69: Lower Limit | L69: Remarks | N69: Measured + Upper UNC | P69: Upper Limit | R69: Remarks | T69: Measured + Lower UNC | V69: Remarks
B71: =DataSheet!AM116 -> #DIV/0! | C71: =DataSheet!P116 -> mA | D71: =ABS((DataSheet!AM116*2.8%)+(5*DataSheet!CK116)) -> #DIV/0! | E71: =C71 -> mA | F71: =DataSheet!DD116 -> #DIV/0! | G71: =C71 -> mA | H71: =DataSheet!L116+D71 -> #DIV/0! | J71: =DataSheet!L116-D71 -> #DIV/0! | L71: =IF(AND(B71<=H71,B71>=J71),"PASSED","FAILED") -> #DIV/0! | N71: =DataSheet!DD116+B71 -> #DIV/0! | O71: =G71 -> mA | P71: =H71 -> #DIV/0! | Q71: =O71 -> mA | R71: =IF(AND(N71<=H71,N71>=J71),"PASSED","FAILED") -> #DIV/0! | T71: =-F71+B71 -> #DIV/0! | U71: =O71 -> mA | V71: =IF(AND(T71<=H71,T71>=J71),"PASSED","FAILED") -> #DIV/0! | X71: =IF(AND(L71="PASSED",R71="PASSED",V71="PASSED"),"PASSED",IF(L71="FAILED","FAILED","UNDETERMINED")) -> #DIV/0!
B72: =DataSheet!AM117 -> #DIV/0! | C72: =DataSheet!P117 -> mA | D72: =ABS((DataSheet!AM117*2.8%)+(5*DataSheet!CK117)) -> #DIV/0! | E72: =C72 -> mA | F72: =DataSheet!DD117 -> #DIV/0! | G72: =C72 -> mA | H72: =DataSheet!L117+D72 -> #DIV/0! | J72: =DataSheet!L117-D72 -> #DIV/0! | L72: =IF(AND(B72<=H72,B72>=J72),"PASSED","FAILED") -> #DIV/0! | N72: =DataSheet!DD117+B72 -> #DIV/0! | O72: =G72 -> mA | P72: =H72 -> #DIV/0! | Q72: =O72 -> mA | R72: =IF(AND(N72<=H72,N72>=J72),"PASSED","FAILED") -> #DIV/0! | T72: =-F72+B72 -> #DIV/0! | U72: =O72 -> mA | V72: =IF(AND(T72<=H72,T72>=J72),"PASSED","FAILED") -> #DIV/0! | X72: =IF(AND(L72="PASSED",R72="PASSED",V72="PASSED"),"PASSED",IF(L72="FAILED","FAILED","UNDETERMINED")) -> #DIV/0!
B73: =DataSheet!AM118 -> #DIV/0! | C73: =DataSheet!P118 -> mA | D73: =ABS((DataSheet!AM118*2.8%)+(5*DataSheet!CK118)) -> #DIV/0! | E73: =C73 -> mA | F73: =DataSheet!DD118 -> #DIV/0! | G73: =C73 -> mA | H73: =DataSheet!L118+D73 -> #DIV/0! | J73: =DataSheet!L118-D73 -> #DIV/0! | L73: =IF(AND(B73<=H73,B73>=J73),"PASSED","FAILED") -> #DIV/0! | N73: =DataSheet!DD118+B73 -> #DIV/0! | O73: =G73 -> mA | P73: =H73 -> #DIV/0! | Q73: =O73 -> mA | R73: =IF(AND(N73<=H73,N73>=J73),"PASSED","FAILED") -> #DIV/0! | T73: =-F73+B73 -> #DIV/0! | U73: =O73 -> mA | V73: =IF(AND(T73<=H73,T73>=J73),"PASSED","FAILED") -> #DIV/0! | X73: =IF(AND(L73="PASSED",R73="PASSED",V73="PASSED"),"PASSED",IF(L73="FAILED","FAILED","UNDETERMINED")) -> #DIV/0!
B74: =DataSheet!AM119 -> #DIV/0! | C74: =DataSheet!P119 -> mA | D74: =ABS((DataSheet!AM119*2.8%)+(5*DataSheet!CK119)) -> #DIV/0! | E74: =C74 -> mA | F74: =DataSheet!DD119 -> #DIV/0! | G74: =C74 -> mA | H74: =DataSheet!L119+D74 -> #DIV/0! | J74: =DataSheet!L119-D74 -> #DIV/0! | L74: =IF(AND(B74<=H74,B74>=J74),"PASSED","FAILED") -> #DIV/0! | N74: =DataSheet!DD119+B74 -> #DIV/0! | O74: =G74 -> mA | P74: =H74 -> #DIV/0! | Q74: =O74 -> mA | R74: =IF(AND(N74<=H74,N74>=J74),"PASSED","FAILED") -> #DIV/0! | T74: =-F74+B74 -> #DIV/0! | U74: =O74 -> mA | V74: =IF(AND(T74<=H74,T74>=J74),"PASSED","FAILED") -> #DIV/0! | X74: =IF(AND(L74="PASSED",R74="PASSED",V74="PASSED"),"PASSED",IF(L74="FAILED","FAILED","UNDETERMINED")) -> #DIV/0!

Sheet Specification
