Workbook
Name DRY: #REF!
Name DRY: #REF!
Name dryx: #REF!
Name WET: #REF!
Name WET: #REF!
Name WET: #REF!

Sheet Cal Certificate
N2: `
C5: Calibration Certificate
R7: Certificate No.: | V7: =CONCATENATE("25-",DataSheet!L5,DataSheet!N5,DataSheet!O5,DataSheet!AN5," ","Rev.00") -> 25- Rev.00
C9: Customer : | O9: Location of Calibration :
D10: =DataSheet!H23 -> 0 | P10: =IF(DataSheet!AE23="x","SONJU ENGINEERING SERVICES",D10) -> SONJU ENGINEERING SERVICES
D11: =DataSheet!H25 -> 0 | P11: =DataSheet!AE27 -> Electrical Calibration Area
C14: Manufacturer: | H14: =DataSheet!K9 -> Fluke | O14: Description: | T14: =DataSheet!K7 -> True RMS Digital Multimeter
C15: Model No: | H15: =DataSheet!K11 -> 289 | O15: Options Installed: | T15: =DataSheet!AL11 -> none
C16: Serial No: | H16: =DataSheet!K13 -> 0 | O16: Customer Asset No: | T16: =DataSheet!AL15 -> 0
C17: Calibration Date: | H17: =DataSheet!AL9 -> 0 | O17: Work Order No.: | T17: =DataSheet!L5 -> 0
C18: Received Date: | H18: =DataSheet!AL7 -> 0 | O18: Customer P.O.: | T18: =DataSheet!AL13 -> none
C19: Temperature: | H19: =IF(DataSheet!AE23="x","23 °C ± 5 °C",CONCATENATE(ROUND(AVERAGE(DataSheet!I39:J40),1)," ","°C")) -> 23 °C ± 5 °C | O19: Humidity: | T19: =IF(DataSheet!AE23="x","55 %rh ± 15 %rh",CONCATENATE(ROUND(AVERAGE(DataSheet!R39:S40),1)," ","%rh")) -> 55 %rh ± 15 %rh
C22: Cal Method / Procedure :
C23: =DataSheet!AB38 -> As per Manufacturer's recommended performance tests procedure for Fluke 287/289 True RMS Digital Multimeter Calibration Manual, February 2008, Rev. 1, 3/09.
C26: This is to certify that the above Measuring and Test Equipment has been calibrated by SONJU Engineering Services in accordance with relevant calibration procedure defined for this instrument.
C29: Uncertainty:
C30: The expanded uncertainty of measurement for the results given in this certificate was estimated with a coverage factor of k = 2 at 95% level of confidence. The uncertainties of measurement were calculated using a Budget Worksheet based on JCGM 100:2008 Evaluation of measurement data - Guide to the Expression of Uncertainty in Measurement, 1st edition- 2008.
C34: Traceability:
C35: The instrument was calibrated using reference standard/s traceable to SI Units as maintained by NML-ITDI (Philippines) through SONJU Engineering Services (Philippines).
C38: Reference Standard Used:
D40: Description | J40: Serial No. | P40: Cal Report Ref. | V40: Due Date
D42: =DataSheet!B31 -> Multiproduct Calibrator | J42: =DataSheet!Q31 -> 8100021 | P42: =DataSheet!AB31 -> 24-9973-01ALT Rev.00 | V42: =DataSheet!AO31 -> 45851
C44: Remarks:
C45: 1. The results were the average of three (3) readings and were obtained during the time of calibration and refer only to the particular instrument submitted. Should the instrument be modified or damaged in any way, or develop inconsistent readings, the results may not be valid and the unit will require recalibration.
C48: 2. The user should determine the suitability of this instrument for its intended use.
C49: 3. Preliminary Inspection: No response at low current function.
C50: 4. Nominal values marked with " * " are outside scope of accreditation.
C51: 5. A positive error is to be subtracted to UUT indication and a negative error added to give true value.
C52: 6. As per customer request the next calibration due date is on: | O52: =EDATE(DataSheet!AL9,12) -> 366
E55: =DataSheet!B175 -> 0 | R55: =DataSheet!B178 -> 0
E56: Calibration Officer | R56: Approved Signatory
D58: Issue Date :
C66: Measurement Results:
E68: =DataSheet!F50 -> DC Voltage Test
E69: Range | I69: Nominal Value | M69: Measured Value | Q69: Error | U69: Uncertainty
E71: =DataSheet!F53 -> 50 mV | I71: =CONCATENATE(DataSheet!L53," ",DataSheet!P53) -> 0 mV | M71: =CONCATENATE(DataSheet!AM53," ",DataSheet!P53) -> #DIV/0! | Q71: =CONCATENATE(TEXT(DataSheet!AR53,"0.000")," ",DataSheet!P53) -> #DIV/0! | U71: =CONCATENATE(TEXT(DataSheet!DD53,"0.000 00")," ",DataSheet!DE53) -> #DIV/0!
I72: =CONCATENATE(DataSheet!L54," ",DataSheet!P54) -> 0.025 mV | M72: =CONCATENATE(DataSheet!AM54," ",DataSheet!P54) -> #DIV/0! | Q72: =CONCATENATE(TEXT(DataSheet!AR54,"0.000")," ",DataSheet!P54) -> #DIV/0! | U72: =CONCATENATE(TEXT(DataSheet!DD54,"0.000 0")," ",DataSheet!DE54) -> #DIV/0!
I73: =CONCATENATE(DataSheet!L55," ",DataSheet!P55) -> -0.025 mV | M73: =CONCATENATE(DataSheet!AM55," ",DataSheet!P55) -> #DIV/0! | Q73: =CONCATENATE(TEXT(DataSheet!AR55,"0.000")," ",DataSheet!P55) -> #DIV/0! | U73: =CONCATENATE(TEXT(DataSheet!DD55,"0.000 0")," ",DataSheet!DE55) -> #DIV/0!
I74: =CONCATENATE(DataSheet!L56," ",DataSheet!P56) -> 50 mV | M74: =CONCATENATE(DataSheet!AM56," ",DataSheet!P56) -> #DIV/0! | Q74: =CONCATENATE(TEXT(DataSheet!AR56,"0.000")," ",DataSheet!P56) -> #DIV/0! | U74: =CONCATENATE(TEXT(DataSheet!DD56,"0.000 0")," ",DataSheet!DE56) -> #DIV/0!
E75: =DataSheet!F57 -> 500 mV | I75: =CONCATENATE(DataSheet!L57," ",DataSheet!P57) -> 500 mV | M75: =CONCATENATE(DataSheet!AM57," ",DataSheet!P57) -> #DIV/0! | Q75: =CONCATENATE(TEXT(DataSheet!AR57,"0.00")," ",DataSheet!P57) -> #DIV/0! | U75: =CONCATENATE(TEXT(DataSheet!DD57,"0.000 0")," ",DataSheet!DE57) -> #DIV/0!
I76: =CONCATENATE(DataSheet!L58," ",DataSheet!P58) -> -250 mV | M76: =CONCATENATE(DataSheet!AM58," ",DataSheet!P58) -> #DIV/0! | Q76: =CONCATENATE(TEXT(DataSheet!AR58,"0.00")," ",DataSheet!P58) -> #DIV/0! | U76: =CONCATENATE(TEXT(DataSheet!DD58,"0.000 0")," ",DataSheet!DE58) -> #DIV/0!
E77: =DataSheet!F59 -> 5 V | I77: =CONCATENATE(DataSheet!L59," ",DataSheet!P59) -> 4 V | M77: =CONCATENATE(TEXT(DataSheet!AM59,"0.000 0")," ",DataSheet!P59) -> #DIV/0! | Q77: =CONCATENATE(TEXT(DataSheet!AR59,"0.000 0")," ",DataSheet!P59) -> #DIV/0! | U77: =CONCATENATE(TEXT(DataSheet!DD59,"0.000 000")," ",DataSheet!DE59) -> #DIV/0!
E78: =DataSheet!F60 -> 50 V | I78: =CONCATENATE(DataSheet!L60," ",DataSheet!P60) -> -40 V | M78: =CONCATENATE(DataSheet!AM60," ",DataSheet!P60) -> #DIV/0! | Q78: =CONCATENATE(TEXT(DataSheet!AR60,"0.000")," ",DataSheet!P60) -> #DIV/0! | U78: =CONCATENATE(TEXT(DataSheet!DD60,"0.000 00")," ",DataSheet!DE60) -> #DIV/0!
E79: =DataSheet!F61 -> 500 V | I79: =CONCATENATE(DataSheet!L61," ",DataSheet!P61) -> 400 V | M79: =CONCATENATE(DataSheet!AM61," ",DataSheet!P61) -> #DIV/0! | Q79: =CONCATENATE(TEXT(DataSheet!AR61,"0.00")," ",DataSheet!P61) -> #DIV/0! | U79: =CONCATENATE(TEXT(DataSheet!DD61,"0.000 0")," ",DataSheet!DE61) -> #DIV/0!
E80: =DataSheet!F62 -> 1 000 V | I80: =CONCATENATE(DataSheet!L62," ",DataSheet!P62) -> 600 V | M80: =CONCATENATE(DataSheet!AM62," ",DataSheet!P62) -> #DIV/0! | Q80: =CONCATENATE(TEXT(DataSheet!AR62,"0.0")," ",DataSheet!P62) -> #DIV/0! | U80: =CONCATENATE(TEXT(DataSheet!DD62,"0.000")," ",DataSheet!DE62) -> #DIV/0!
E82: =DataSheet!F64 -> DC/AC Voltage Test
E83: Range | I83: Nominal Value | M83: Measured Value | Q83: Error | U83: Uncertainty
E85: =DataSheet!F67 -> 500 mV | I85: =CONCATENATE(DataSheet!L67," ",DataSheet!P67) -> 50 mV | M85: =CONCATENATE(TEXT(DataSheet!AM67,"0.00")," ",DataSheet!P67) -> #DIV/0! | Q85: =CONCATENATE(TEXT(DataSheet!AR67,"0.00")," ",DataSheet!P67) -> #DIV/0! | U85: =CONCATENATE(TEXT(DataSheet!DD67,"0.000 0")," ",DataSheet!DE67) -> #DIV/0!
E86: =DataSheet!F68 -> 5 V | I86: =CONCATENATE(DataSheet!L68," ",DataSheet!P68) -> 0.2 V | M86: =CONCATENATE(TEXT(DataSheet!AM68,"0.000 0")," ",DataSheet!P68) -> #DIV/0! | Q86: =CONCATENATE(TEXT(DataSheet!AR68,"0.00")," ",DataSheet!P68) -> #DIV/0! | U86: =CONCATENATE(TEXT(DataSheet!DD68,"0.000 000")," ",DataSheet!DE68) -> #DIV/0!
E88: =DataSheet!F70 -> AC/DC Voltage Test
E89: Range | I89: Nominal Value | M89: Measured Value | Q89: Error | U89: Uncertainty
E91: =DataSheet!F73 -> 500 mV | I91: =CONCATENATE(DataSheet!L73," ",DataSheet!P73," / ",DataSheet!S73) -> 250 mV / 35 kHz | M91: =CONCATENATE(TEXT(DataSheet!AM73,"0.00")," ",DataSheet!P73) -> #DIV/0! | Q91: =CONCATENATE(TEXT(DataSheet!AR73,"0.00")," ",DataSheet!P73) -> #DIV/0! | U91: =CONCATENATE(TEXT(DataSheet!DD73,"0.000")," ",DataSheet!DE73) -> #DIV/0!
E92: =DataSheet!F74 -> 5 V | I92: =CONCATENATE(DataSheet!L74," ",DataSheet!P74," / ",DataSheet!S74) -> 2 V / 5 kHz | M92: =CONCATENATE(TEXT(DataSheet!AM74,"0.000 0")," ",DataSheet!P74) -> #DIV/0! | Q92: =CONCATENATE(TEXT(DataSheet!AR74,"0.00")," ",DataSheet!P74) -> #DIV/0! | U92: =CONCATENATE(TEXT(DataSheet!DD74,"0.000 0")," ",DataSheet!DE74) -> #DIV/0!
E94: =DataSheet!F76 -> AC Voltage Test
E95: Range | I95: Nominal Value | M95: Measured Value | Q95: Error | U95: Uncertainty
E97: =DataSheet!F79 -> 50 mV | I97: =CONCATENATE(DataSheet!L79," ",DataSheet!P79," / ",DataSheet!S79) -> 5 mV / 20 Hz | M97: =CONCATENATE(DataSheet!AM79," ",DataSheet!P79) -> #DIV/0! | Q97: =CONCATENATE(TEXT(DataSheet!AR79,"0.000")," ",DataSheet!P79) -> #DIV/0! | U97: =CONCATENATE(TEXT(DataSheet!DD79,"0.000 0")," ",DataSheet!DE79) -> #DIV/0!
I98: =CONCATENATE(DataSheet!L80," ",DataSheet!P80," / ",DataSheet!S80) -> 50 mV / 65 kHz | M98: =CONCATENATE(DataSheet!AM80," ",DataSheet!P80) -> #DIV/0! | Q98: =CONCATENATE(TEXT(DataSheet!AR80,"0.000")," ",DataSheet!P80) -> #DIV/0! | U98: =CONCATENATE(TEXT(DataSheet!DD80,"0.00")," ",DataSheet!DE80) -> #DIV/0!
E99: =DataSheet!F81 -> 500 mV | I99: =CONCATENATE(DataSheet!L81," ",DataSheet!P81," / ",DataSheet!S81) -> 50 mV / 100 kHz | M99: =CONCATENATE(DataSheet!AM81," ",DataSheet!P81) -> #DIV/0! | Q99: =CONCATENATE(TEXT(DataSheet!AR81,"0.00")," ",DataSheet!P81) -> #DIV/0! | U99: =CONCATENATE(TEXT(DataSheet!DD81,"0.00")," ",DataSheet!DE81) -> #DIV/0!
I100: =CONCATENATE(DataSheet!L82," ",DataSheet!P82," / ",DataSheet!S82) -> 250 mV / 65 Hz | M100: =CONCATENATE(DataSheet!AM82," ",DataSheet!P82) -> #DIV/0! | Q100: =CONCATENATE(TEXT(DataSheet!AR82,"0.00")," ",DataSheet!P82) -> #DIV/0! | U100: =CONCATENATE(TEXT(DataSheet!DD82,"0.000")," ",DataSheet!DE82) -> #DIV/0!
I101: =CONCATENATE(DataSheet!L83," ",DataSheet!P83," / ",DataSheet!S83) -> 500 mV / 45 Hz | M101: =CONCATENATE(DataSheet!AM83," ",DataSheet!P83) -> #DIV/0! | Q101: =CONCATENATE(TEXT(DataSheet!AR83,"0.00")," ",DataSheet!P83) -> #DIV/0! | U101: =CONCATENATE(TEXT(DataSheet!DD83,"0.00")," ",DataSheet!DE83) -> #DIV/0!
E102: =DataSheet!F84 -> 5 V | I102: =CONCATENATE(DataSheet!L84," ",DataSheet!P84," / ",DataSheet!S84) -> 0.1 V / 60 Hz | M102: =CONCATENATE(TEXT(DataSheet!AM84,"0.000 0")," ",DataSheet!P84) -> #DIV/0! | Q102: =CONCATENATE(TEXT(DataSheet!AR84,"0.000 0")," ",DataSheet!P84) -> #DIV/0! | U102: =CONCATENATE(TEXT(DataSheet!DD84,"0.000 000")," ",DataSheet!DE84) -> #DIV/0!
I103: =CONCATENATE(DataSheet!L85," ",DataSheet!P85," / ",DataSheet!S85) -> 0.5 V / 10 kHz | M103: =CONCATENATE(TEXT(DataSheet!AM85,"0.000 0")," ",DataSheet!P85) -> #DIV/0! | Q103: =CONCATENATE(TEXT(DataSheet!AR85,"0.000 0")," ",DataSheet!P85) -> #DIV/0! | U103: =CONCATENATE(TEXT(DataSheet!DD85,"0.000 0")," ",DataSheet!DE85) -> #DIV/0!
I104: =CONCATENATE(DataSheet!L86," ",DataSheet!P86," / ",DataSheet!S86) -> 3 V / 100 kHz | M104: =CONCATENATE(TEXT(DataSheet!AM86,"0.000 0")," ",DataSheet!P86) -> #DIV/0! | Q104: =CONCATENATE(TEXT(DataSheet!AR86,"0.000 0")," ",DataSheet!P86) -> #DIV/0! | U104: =CONCATENATE(TEXT(DataSheet!DD86,"0.000 0")," ",DataSheet!DE86) -> #DIV/0!
E105: =DataSheet!F87 -> 50 V | I105: =CONCATENATE(DataSheet!L87," ",DataSheet!P87," / ",DataSheet!S87) -> 15 V / 100 kHz | M105: =CONCATENATE(DataSheet!AM87," ",DataSheet!P87) -> #DIV/0! | Q105: =CONCATENATE(TEXT(DataSheet!AR87,"0.000")," ",DataSheet!P87) -> #DIV/0! | U105: =CONCATENATE(TEXT(DataSheet!DD87,"0.000")," ",DataSheet!DE87) -> #DIV/0!
E106: =DataSheet!F88 -> 500 V | I106: =CONCATENATE(DataSheet!L88," ",DataSheet!P88," / ",DataSheet!S88) -> 500 V / 10 kHz | M106: =CONCATENATE(DataSheet!AM88," ",DataSheet!P88) -> #DIV/0! | Q106: =CONCATENATE(TEXT(DataSheet!AR88,"0.00")," ",DataSheet!P88) -> #DIV/0! | U106: =CONCATENATE(TEXT(DataSheet!DD88,"0.00")," ",DataSheet!DE88) -> #DIV/0!
E107: =DataSheet!F89 -> 1 000 V | I107: =CONCATENATE(TEXT(DataSheet!L89,"0 000")," ",DataSheet!P89," / ",DataSheet!S89) -> 1 000 V / 10 kHz | M107: =CONCATENATE(DataSheet!AM89," ",DataSheet!P89) -> #DIV/0! | Q107: =CONCATENATE(TEXT(DataSheet!AR89,"0.0")," ",DataSheet!P89) -> #DIV/0! | U107: =CONCATENATE(TEXT(DataSheet!DD89,"0.00")," ",DataSheet!DE89) -> #DIV/0!
C110: =DataSheet!B175 -> 0
C111: Calibration Officer
C120: Measurement Results:
E122: =DataSheet!F91 -> AC Voltage Frequency Test
E123: Range | I123: Nominal Value | M123: Measured Value | Q123: Error | U123: Uncertainty
E125: =DataSheet!F94 -> 500 mV | I125: =CONCATENATE(DataSheet!L94," ",DataSheet!BZ94," / ",DataSheet!S94) -> 45 Hz / 500 mV | M125: =CONCATENATE(DataSheet!AM94," ",DataSheet!BZ94) -> #DIV/0! | Q125: =CONCATENATE(TEXT(DataSheet!AR94,"0.000")," ",DataSheet!BZ94) -> #DIV/0! | U125: =CONCATENATE(TEXT(DataSheet!DD94,"0.000 00")," ",DataSheet!DE94) -> #DIV/0!
I126: =CONCATENATE(DataSheet!L95," ",DataSheet!BZ95," / ",DataSheet!S95) -> 950 kHz / 600 mV | M126: =CONCATENATE(DataSheet!AM95," ",DataSheet!BZ95) -> #DIV/0! | Q126: =CONCATENATE(TEXT(DataSheet!AR95,"0.000")," ",DataSheet!BZ95) -> #DIV/0! | U126: =CONCATENATE(TEXT(DataSheet!DD95,"0.000 0")," ",DataSheet!DE95) -> #DIV/0!
E128: =DataSheet!F97 -> AC Voltage Duty Cycle Test
E129: UUT Setting | I129: Nominal Value | M129: Measured Value | Q129: Error | U129: Uncertainty
E131: =DataSheet!S100 -> 5 V p-p Sq. Wave / 50 kHz | I131: =CONCATENATE(DataSheet!L100," ",DataSheet!P100," *") -> 15 % * | M131: =CONCATENATE(DataSheet!AM100," ",DataSheet!P100) -> #DIV/0! | Q131: =CONCATENATE(TEXT(DataSheet!AR100,"0.00")," ",DataSheet!P100) -> #DIV/0! | U131: -
E133: =DataSheet!F108 -> AC Voltage Peak Test
E134: UUT Setting | I134: Nominal Value | M134: Measured Value | Q134: Error | U134: Uncertainty
E136: =DataSheet!S111 -> 4 V p-p Sq. Wave, +1 V offset | I136: =DataSheet!L111&" "&DataSheet!P111 -> 2 kHz | M136: =CONCATENATE(DataSheet!AM111," ",DataSheet!P111) -> #DIV/0! | Q136: =CONCATENATE(TEXT(DataSheet!AR111,"0.000")," ",DataSheet!BZ105) -> #DIV/0! | U136: =CONCATENATE(TEXT(DataSheet!DD111,"0.000 00")," ",DataSheet!DE111) -> #DIV/0!
E138: =DataSheet!F113 -> Temperature Test
E139: Range | I139: Nominal Value | M139: Measured Value | Q139: Error | U139: Uncertainty
E141: Type K | I141: =CONCATENATE(DataSheet!L116," ",DataSheet!P116) -> 0 °C | M141: =CONCATENATE(DataSheet!AM116," ",DataSheet!P116) -> #DIV/0! | Q141: =CONCATENATE(TEXT(DataSheet!AR116,"0.0")," ",DataSheet!P116) -> #DIV/0! | U141: =CONCATENATE(TEXT(DataSheet!DD116,"0.00")," ",DataSheet!DE116) -> #DIV/0!
I142: =CONCATENATE(DataSheet!L117," ",DataSheet!P117) -> 100 °C | M142: =CONCATENATE(DataSheet!AM117," ",DataSheet!P117) -> #DIV/0! | Q142: =CONCATENATE(TEXT(DataSheet!AR117,"0.0")," ",DataSheet!P117) -> #DIV/0! | U142: =CONCATENATE(TEXT(DataSheet!DD117,"0.00")," ",DataSheet!DE117) -> #DIV/0!
I143: =CONCATENATE(TEXT(DataSheet!L118,"0 000.0")," ",DataSheet!P118) -> 1 000.0 °C | M143: =CONCATENATE(TEXT(DataSheet!AM118,"0 000.0")," ",DataSheet!P118) -> #DIV/0! | Q143: =CONCATENATE(TEXT(DataSheet!AR118,"0.0")," ",DataSheet!P118) -> #DIV/0! | U143: =CONCATENATE(TEXT(DataSheet!DD118,"0.00")," ",DataSheet!DE118) -> #DIV/0!
E145: =DataSheet!F120 -> Resistance Test
E146: Range | I146: Nominal Value | M146: Measured Value | Q146: Error | U146: Uncertainty
E148: =CONCATENATE(DataSheet!F123," ",DataSheet!I123) -> 50 Ω | I148: =CONCATENATE(DataSheet!L123," ",DataSheet!P123) -> 0.2 Ω | M148: =CONCATENATE(DataSheet!AM123," ",DataSheet!BZ123) -> #DIV/0! | Q148: =CONCATENATE(TEXT(DataSheet!AR123,"0.000")," ",DataSheet!P123) -> #DIV/0! | U148: =CONCATENATE(TEXT(DataSheet!DD123,"0.000 00")," ",DataSheet!DE123) -> #DIV/0!
I149: =CONCATENATE(DataSheet!L124," ",DataSheet!P124) -> 50 Ω | M149: =CONCATENATE(DataSheet!AM124," ",DataSheet!BZ124) -> #DIV/0! | Q149: =CONCATENATE(TEXT(DataSheet!AR124,"0.000")," ",DataSheet!P124) -> #DIV/0! | U149: =CONCATENATE(TEXT(DataSheet!DD124,"0.000")," ",DataSheet!DE124) -> #DIV/0!
E150: =DataSheet!F125 -> 500 Ω | I150: =CONCATENATE(DataSheet!L125," ",DataSheet!P125) -> 0 Ω | M150: =CONCATENATE(DataSheet!AM125," ",DataSheet!P125) -> #DIV/0! | Q150: =CONCATENATE(TEXT(DataSheet!AR125,"0.00")," ",DataSheet!P125) -> #DIV/0! | U150: =CONCATENATE(TEXT(DataSheet!DD125,"0.000 0")," ",DataSheet!DE125) -> #DIV/0!
I151: =CONCATENATE(DataSheet!L126," ",DataSheet!P126) -> 0.2 Ω | M151: =CONCATENATE(DataSheet!AM126," ",DataSheet!P126) -> #DIV/0! | Q151: =CONCATENATE(TEXT(DataSheet!AR126,"0.00")," ",DataSheet!P126) -> #DIV/0! | U151: =CONCATENATE(TEXT(DataSheet!DD126,"0.000 0")," ",DataSheet!DE126) -> #DIV/0!
I152: =CONCATENATE(DataSheet!L127," ",DataSheet!P127) -> 500 Ω | M152: =CONCATENATE(DataSheet!AM127," ",DataSheet!P127) -> #DIV/0! | Q152: =CONCATENATE(TEXT(DataSheet!AR127,"0.00")," ",DataSheet!P127) -> #DIV/0! | U152: =CONCATENATE(TEXT(DataSheet!DD127,"0.000")," ",DataSheet!DE127) -> #DIV/0!
E153: =DataSheet!F128 -> 5 kΩ | I153: =CONCATENATE(DataSheet!L128," ",DataSheet!P128) -> 5 kΩ | M153: =CONCATENATE(TEXT(DataSheet!AM128,"0.000 0")," ",DataSheet!P128) -> #DIV/0! | Q153: =CONCATENATE(TEXT(DataSheet!AR128,"0.000 0")," ",DataSheet!P128) -> #DIV/0! | U153: =CONCATENATE(TEXT(DataSheet!DD128,"0.000 00")," ",DataSheet!DE128) -> #DIV/0!
E154: =DataSheet!F129 -> 50 kΩ | I154: =CONCATENATE(DataSheet!L129," ",DataSheet!P129) -> 50 kΩ | M154: =CONCATENATE(DataSheet!AM129," ",DataSheet!P129) -> #DIV/0! | Q154: =CONCATENATE(TEXT(DataSheet!AR129,"0.000")," ",DataSheet!P129) -> #DIV/0! | U154: =CONCATENATE(TEXT(DataSheet!DD129,"0.000 0")," ",DataSheet!DE129) -> #DIV/0!
E155: =DataSheet!F130 -> 500 kΩ | I155: =CONCATENATE(DataSheet!L130," ",DataSheet!P130) -> 500 kΩ | M155: =CONCATENATE(DataSheet!AM130," ",DataSheet!P130) -> #DIV/0! | Q155: =CONCATENATE(TEXT(DataSheet!AR130,"0.00")," ",DataSheet!P130) -> #DIV/0! | U155: =CONCATENATE(TEXT(DataSheet!DD130,"0.000")," ",DataSheet!DE130) -> #DIV/0!
E156: =DataSheet!F131 -> 5 MΩ | I156: =CONCATENATE(DataSheet!L131," ",DataSheet!P131) -> 5 MΩ | M156: =CONCATENATE(TEXT(DataSheet!AM131,"0.000 0")," ",DataSheet!P131) -> #DIV/0! | Q156: =CONCATENATE(TEXT(DataSheet!AR131,"0.000 0")," ",DataSheet!P131) -> #DIV/0! | U156: =CONCATENATE(TEXT(DataSheet!DD131,"0.000 00")," ",DataSheet!DE131) -> #DIV/0!
E157: =DataSheet!F132 -> 30 MΩ | I157: =CONCATENATE(DataSheet!L132," ",DataSheet!P132) -> 30 MΩ | M157: =CONCATENATE(DataSheet!AM132," ",DataSheet!P132) -> #DIV/0! | Q157: =CONCATENATE(TEXT(DataSheet!AR132,"0.000")," ",DataSheet!P132) -> #DIV/0! | U157: =CONCATENATE(TEXT(DataSheet!DD132,"0.000 0")," ",DataSheet!DE132) -> #DIV/0!
E158: =DataSheet!F133 -> 500 MΩ | I158: =CONCATENATE(DataSheet!L133," ",DataSheet!P133) -> 300 MΩ | M158: =CONCATENATE(DataSheet!AM133," ",DataSheet!P133) -> #DIV/0! | Q158: =CONCATENATE(TEXT(DataSheet!AR133,"0.0")," ",DataSheet!P133) -> #DIV/0! | U158: =CONCATENATE(TEXT(DataSheet!DD133,"0.00")," ",DataSheet!DE133) -> #DIV/0!
C162: =DataSheet!B175 -> 0
C163: Calibration Officer
C172: Measurement Results:
...

Sheet DataSheet
B3: CALIBRATION DATASHEET
F5: Work Order No.: | AI5: Technical ID:
B6: Unit Under Calibration
B7: Description | J7: : | K7: True RMS Digital Multimeter | AB7: Received Date | AK7: :
B9: Manufacturer | J9: : | K9: Fluke | AB9: Calibration Date | AK9: :
B11: Model | J11: : | K11: 289 | AB11: Options Installed | AK11: : | AL11: none
B13: Serial Number | J13: : | AB13: Customer P.O. | AK13: : | AL13: none
B15: Range | J15: : | K15: see specification sheet | AB15: Asset Number | AK15: :
B17: Res/Readability | J17: : | K17: see specification sheet | AB17: Accuracy | AK17: : | AL17: see specification sheet
B19: Prev. SES Cal Cert: | J19: : | K19: none | AB19: Previous Technician | AK19: : | AL19: none
B22: Customer Details | AB22: Calibration Location
B23: Company | G23: : | AE23: x | AG23: In-House (SONJU Laboratory)
B25: Address | G25: : | AG25: On-Site Calibration (Please Specify)
AE27: Electrical Calibration Area
B29: Reference Standard/s Used
B30: Description | Q30: Serial No. | AB30: Cal Report Ref. | AO30: Due Date
B31: Multiproduct Calibrator | Q31: 8100021 | AB31: 24-9973-01ALT Rev.00 | AO31: 45851
B32: - | Q32: - | AB32: - | AO32: -
B33: Accessory Used
B34: Description | Q34: Serial No. | AB34: Brand | AO34: Model
B35: - | Q35: - | AB35: - | AO35: -
B36: - | Q36: - | AB36: - | AO36: -
B37: Environmental Condition | AB37: Calibration Method
F38: Temperature | O38: Relative Humidity | AB38: As per Manufacturer's recommended performance tests procedure for Fluke 287/289 True RMS Digital Multimeter Calibration Manual, February 2008, Rev. 1, 3/09.
H39: Start: | K39: oC | Q39: Start: | T39: %rh
H40: End: | K40: oC | Q40: End: | T40: %rh
B42: Observations
AU43: Adjustment
AU44: Needed?
C45: - | AX45: YES
C46: - | AV46: x | AX46: NO
B48: Measurement Results
F50: DC Voltage Test | BX50: Standard | CD50: Standard | CJ50: Unit Under Test | CP50: Unit Under Test | CV50: Expanded Uncertainty | DB50: MINIMUM CMC (2024) | DD50: FINAL UNCERTAINTY DECLARATION
F51: Range | L51: Nominal Value | S51: Frequency | X51: Measured Value | AM51: Average | AR51: Error | BB51: Specs Tolerance | BG51: Upper Limit | BL51: Lower Limit | BQ51: Remarks | BX51: Source | BY51: Uncertainty | CA51: Divisor | CB51: Ui | CD51: Source | CE51: Uncertainty | CG51: Divisor | CH51: Ui | CJ51: Source | CK51: Uncertainty | CM51: Divisor | CN51: Ui | CP51: Source | CQ51: Uncertainty | CS51: Divisor | CT51: Ui | CV51: COMBINED STANDARD | CW51: EFFECTIVE DEGREES | CX51: C. FACTOR, k = student's | CY51: EXPANDED UNCERTAINTY,
X52: 1 | AC52: 2 | AH52: 3 | CV52: UNCERTAINTY, Uc | CW52: OF FREEDOM, Veff | CX52: t for Veff and 95 % C.L. | CY52: U @ 95 % C.L. ±
F53: 50 mV | L53: 0 | P53: mV | S53: - | AM53: =AVERAGE(X53:AL53) -> #DIV/0! | AR53: =AM53-L53 -> #DIV/0! | BB53: =ABS(0.05%*AM53)+20*CK53 -> #DIV/0! | BG53: 0.02 | BL53: -0.02 | BQ53: =IF(AND(AVERAGE(X53:AL53)<=BG53,AVERAGE(X53:AL53)>=BL53),"PASS","FAIL") -> #DIV/0! | BX53: COC | BY53: 0.00031 | BZ53: =P53 -> mV | CA53: 2 | CB53: =BY53/CA53 -> 0.000155 | CD53: Std. Drift | CE53: 0 | CF53: =P53 -> mV | CG53: =SQRT(3) -> 1.7320508 | CH53: =CE53/CG53 -> 0 | CJ53: Readability | CK53: 0.001 | CL53: =P53 -> mV | CM53: =SQRT(12) -> 3.4641016 | CN53: =CK53/CM53 -> 0.00028867513 | CP53: Std. Dev of Reading | CQ53: =STDEV(X53:AL53) -> #DIV/0! | CR53: =P53 -> mV | CS53: =SQRT(3) -> 1.7320508 | CT53: =CQ53/CS53 -> #DIV/0! | CV53: =SQRT(SUMSQ(CT53,CN53,CH53,CB53)) -> #DIV/0! | CW53: =(CV53^4)/(((CT53^4)/2)+((CN53^4)/200)+((CH53^4)/200)+((CB53^4)/200)) -> #DIV/0! | CX53: =ROUND(TINV(0.05,CW53),0) -> #DIV/0! | CY53: =(CV53*CX53) -> #DIV/0! | CZ53: =P53 -> mV | DB53: 0.00078 | DC53: =CZ53 -> mV | DD53: =MAX(DB53,CY53) -> #DIV/0! | DE53: =DC53 -> mV
L54: 0.025 | P54: mV | S54: - | AM54: =AVERAGE(X54:AL54) -> #DIV/0! | AR54: =AM54-L54 -> #DIV/0! | BB54: =ABS(0.05%*AM54)+20*CK54 -> #DIV/0! | BG54: 0.045 | BL54: 0.005 | BQ54: =IF(AND(AVERAGE(X54:AL54)<=BG54,AVERAGE(X54:AL54)>=BL54),"PASS","FAIL") -> #DIV/0! | BX54: COC | BY54: 0.00077 | BZ54: =P54 -> mV | CA54: 2 | CB54: =BY54/CA54 -> 0.000385 | CD54: Std. Drift | CE54: 0 | CF54: =P54 -> mV | CG54: =SQRT(3) -> 1.7320508 | CH54: =CE54/CG54 -> 0 | CJ54: Readability | CK54: 0.001 | CL54: =P54 -> mV | CM54: =SQRT(12) -> 3.4641016 | CN54: =CK54/CM54 -> 0.00028867513 | CP54: Std. Dev of Reading | CQ54: =STDEV(X54:AL54) -> #DIV/0! | CR54: =P54 -> mV | CS54: =SQRT(3) -> 1.7320508 | CT54: =CQ54/CS54 -> #DIV/0! | CV54: =SQRT(SUMSQ(CT54,CN54,CH54,CB54)) -> #DIV/0! | CW54: =(CV54^4)/(((CT54^4)/2)+((CN54^4)/200)+((CH54^4)/200)+((CB54^4)/200)) -> #DIV/0! | CX54: =ROUND(TINV(0.05,CW54),0) -> #DIV/0! | CY54: =(CV54*CX54) -> #DIV/0! | CZ54: =P54 -> mV | DB54: 0.00078 | DC54: =CZ54 -> mV | DD54: =MAX(DB54,CY54) -> #DIV/0! | DE54: =DC54 -> mV
L55: -0.025 | P55: mV | S55: - | AM55: =AVERAGE(X55:AL55) -> #DIV/0! | AR55: =AM55-L55 -> #DIV/0! | BB55: =ABS(0.05%*AM55)+20*CK55 -> #DIV/0! | BG55: -0.005 | BL55: -0.045 | BQ55: =IF(AND(AVERAGE(X55:AL55)<=BG55,AVERAGE(X55:AL55)>=BL55),"PASS","FAIL") -> #DIV/0! | BX55: COC | BY55: 0.00077 | BZ55: =P55 -> mV | CA55: 2 | CB55: =BY55/CA55 -> 0.000385 | CD55: Std. Drift | CE55: 0 | CF55: =P55 -> mV | CG55: =SQRT(3) -> 1.7320508 | CH55: =CE55/CG55 -> 0 | CJ55: Readability | CK55: 0.001 | CL55: =P55 -> mV | CM55: =SQRT(12) -> 3.4641016 | CN55: =CK55/CM55 -> 0.00028867513 | CP55: Std. Dev of Reading | CQ55: =STDEV(X55:AL55) -> #DIV/0! | CR55: =P55 -> mV | CS55: =SQRT(3) -> 1.7320508 | CT55: =CQ55/CS55 -> #DIV/0! | CV55: =SQRT(SUMSQ(CT55,CN55,CH55,CB55)) -> #DIV/0! | CW55: =(CV55^4)/(((CT55^4)/2)+((CN55^4)/200)+((CH55^4)/200)+((CB55^4)/200)) -> #DIV/0! | CX55: =ROUND(TINV(0.05,CW55),0) -> #DIV/0! | CY55: =(CV55*CX55) -> #DIV/0! | CZ55: =P55 -> mV | DB55: 0.00078 | DC55: =CZ55 -> mV | DD55: =MAX(DB55,CY55) -> #DIV/0! | DE55: =DC55 -> mV
L56: 50 | P56: mV | S56: - | AM56: =AVERAGE(X56:AL56) -> #DIV/0! | AR56: =AM56-L56 -> #DIV/0! | BB56: =ABS(0.05%*AM56)+20*CK56 -> #DIV/0! | BG56: 50.045 | BL56: 49.955 | BQ56: =IF(AND(AVERAGE(X56:AL56)<=BG56,AVERAGE(X56:AL56)>=BL56),"PASS","FAIL") -> #DIV/0! | BX56: COC | BY56: 0.00077 | BZ56: =P56 -> mV | CA56: 2 | CB56: =BY56/CA56 -> 0.000385 | CD56: Std. Drift | CE56: 0 | CF56: =P56 -> mV | CG56: =SQRT(3) -> 1.7320508 | CH56: =CE56/CG56 -> 0 | CJ56: Readability | CK56: 0.001 | CL56: =P56 -> mV | CM56: =SQRT(12) -> 3.4641016 | CN56: =CK56/CM56 -> 0.00028867513 | CP56: Std. Dev of Reading | CQ56: =STDEV(X56:AL56) -> #DIV/0! | CR56: =P56 -> mV | CS56: =SQRT(3) -> 1.7320508 | CT56: =CQ56/CS56 -> #DIV/0! | CV56: =SQRT(SUMSQ(CT56,CN56,CH56,CB56)) -> #DIV/0! | CW56: =(CV56^4)/(((CT56^4)/2)+((CN56^4)/200)+((CH56^4)/200)+((CB56^4)/200)) -> #DIV/0! | CX56: =ROUND(TINV(0.05,CW56),0) -> #DIV/0! | CY56: =(CV56*CX56) -> #DIV/0! | CZ56: =P56 -> mV | DB56: 0.00078 | DC56: =CZ56 -> mV | DD56: =MAX(DB56,CY56) -> #DIV/0! | DE56: =DC56 -> mV
F57: 500 mV | L57: 500 | P57: mV | S57: - | AM57: =AVERAGE(X57:AL57) -> #DIV/0! | AR57: =AM57-L57 -> #DIV/0! | BB57: =ABS(0.025%*AM57)+2*CK57 -> #DIV/0! | BG57: 500.15 | BL57: 499.85 | BQ57: =IF(AND(AVERAGE(X57:AL57)<=BG57,AVERAGE(X57:AL57)>=BL57),"PASS","FAIL") -> #DIV/0! | BX57: COC | BY57: 0.0021 | BZ57: =P57 -> mV | CA57: 2 | CB57: =BY57/CA57 -> 0.00105 | CD57: Std. Drift | CE57: 0 | CF57: =P57 -> mV | CG57: =SQRT(3) -> 1.7320508 | CH57: =CE57/CG57 -> 0 | CJ57: Readability | CK57: 0.01 | CL57: =P57 -> mV | CM57: =SQRT(12) -> 3.4641016 | CN57: =CK57/CM57 -> 0.0028867513 | CP57: Std. Dev of Reading | CQ57: =STDEV(X57:AL57) -> #DIV/0! | CR57: =P57 -> mV | CS57: =SQRT(3) -> 1.7320508 | CT57: =CQ57/CS57 -> #DIV/0! | CV57: =SQRT(SUMSQ(CT57,CN57,CH57,CB57)) -> #DIV/0! | CW57: =(CV57^4)/(((CT57^4)/2)+((CN57^4)/200)+((CH57^4)/200)+((CB57^4)/200)) -> #DIV/0! | CX57: =ROUND(TINV(0.05,CW57),0) -> #DIV/0! | CY57: =(CV57*CX57) -> #DIV/0! | CZ57: =P57 -> mV | DB57: 0.0017 | DC57: =CZ57 -> mV | DD57: =MAX(DB57,CY57) -> #DIV/0! | DE57: =DC57 -> mV
L58: -250 | P58: mV | S58: - | AM58: =AVERAGE(X58:AL58) -> #DIV/0! | AR58: =AM58-L58 -> #DIV/0! | BB58: =ABS(0.025%*AM58)+2*CK58 -> #DIV/0! | BG58: -249.92 | BL58: -250.08 | BQ58: =IF(AND(AVERAGE(X58:AL58)<=BG58,AVERAGE(X58:AL58)>=BL58),"PASS","FAIL") -> #DIV/0! | BX58: COC | BY58: 0.00083 | BZ58: =P58 -> mV | CA58: 2 | CB58: =BY58/CA58 -> 0.000415 | CD58: Std. Drift | CE58: 0 | CF58: =P58 -> mV | CG58: =SQRT(3) -> 1.7320508 | CH58: =CE58/CG58 -> 0 | CJ58: Readability | CK58: 0.01 | CL58: =P58 -> mV | CM58: =SQRT(12) -> 3.4641016 | CN58: =CK58/CM58 -> 0.0028867513 | CP58: Std. Dev of Reading | CQ58: =STDEV(X58:AL58) -> #DIV/0! | CR58: =P58 -> mV | CS58: =SQRT(3) -> 1.7320508 | CT58: =CQ58/CS58 -> #DIV/0! | CV58: =SQRT(SUMSQ(CT58,CN58,CH58,CB58)) -> #DIV/0! | CW58: =(CV58^4)/(((CT58^4)/2)+((CN58^4)/200)+((CH58^4)/200)+((CB58^4)/200)) -> #DIV/0! | CX58: =ROUND(TINV(0.05,CW58),0) -> #DIV/0! | CY58: =(CV58*CX58) -> #DIV/0! | CZ58: =P58 -> mV | DB58: 0.00078 | DC58: =CZ58 -> mV | DD58: =MAX(DB58,CY58) -> #DIV/0! | DE58: =DC58 -> mV
F59: 5 V | L59: 4 | P59: V | S59: - | AM59: =AVERAGE(X59:AL59) -> #DIV/0! | AR59: =AM59-L59 -> #DIV/0! | BB59: =ABS(0.025%*AM59)+2*CK59 -> #DIV/0! | BG59: 4.0012 | BL59: 3.9988 | BQ59: =IF(AND(AVERAGE(X59:AL59)<=BG59,AVERAGE(X59:AL59)>=BL59),"PASS","FAIL") -> #DIV/0! | BX59: COC | BY59: 1.8e-05 | BZ59: =P59 -> V | CA59: 2 | CB59: =BY59/CA59 -> 9e-06 | CD59: Std. Drift | CE59: 0 | CF59: =P59 -> V | CG59: =SQRT(3) -> 1.7320508 | CH59: =CE59/CG59 -> 0 | CJ59: Readability | CK59: 0.0001 | CL59: =P59 -> V | CM59: =SQRT(12) -> 3.4641016 | CN59: =CK59/CM59 -> 2.8867513e-05 | CP59: Std. Dev of Reading | CQ59: =STDEV(X59:AL59) -> #DIV/0! | CR59: =P59 -> V | CS59: =SQRT(3) -> 1.7320508 | CT59: =CQ59/CS59 -> #DIV/0! | CV59: =SQRT(SUMSQ(CT59,CN59,CH59,CB59)) -> #DIV/0! | CW59: =(CV59^4)/(((CT59^4)/2)+((CN59^4)/200)+((CH59^4)/200)+((CB59^4)/200)) -> #DIV/0! | CX59: =ROUND(TINV(0.05,CW59),0) -> #DIV/0! | CY59: =(CV59*CX59) -> #DIV/0! | CZ59: =P59 -> V | DB59: 1.7e-05 | DC59: =CZ59 -> V | DD59: =MAX(DB59,CY59) -> #DIV/0! | DE59: =DC59 -> V
F60: 50 V | L60: -40 | P60: V | S60: - | AM60: =AVERAGE(X60:AL60) -> #DIV/0! | AR60: =AM60-L60 -> #DIV/0! | BB60: =ABS(0.025%*AM60)+2*CK60 -> #DIV/0! | BG60: -39.988 | BL60: -40.012 | BQ60: =IF(AND(AVERAGE(X60:AL60)<=BG60,AVERAGE(X60:AL60)>=BL60),"PASS","FAIL") -> #DIV/0! | BX60: COC | BY60: 0.00016 | BZ60: =P60 -> V | CA60: 2 | CB60: =BY60/CA60 -> 8e-05 | CD60: Std. Drift | CE60: 0 | CF60: =P60 -> V | CG60: =SQRT(3) -> 1.7320508 | CH60: =CE60/CG60 -> 0 | CJ60: Readability | CK60: 0.001 | CL60: =P60 -> V | CM60: =SQRT(12) -> 3.4641016 | CN60: =CK60/CM60 -> 0.00028867513 | CP60: Std. Dev of Reading | CQ60: =STDEV(X60:AL60) -> #DIV/0! | CR60: =P60 -> V | CS60: =SQRT(3) -> 1.7320508 | CT60: =CQ60/CS60 -> #DIV/0! | CV60: =SQRT(SUMSQ(CT60,CN60,CH60,CB60)) -> #DIV/0! | CW60: =(CV60^4)/(((CT60^4)/2)+((CN60^4)/200)+((CH60^4)/200)+((CB60^4)/200)) -> #DIV/0! | CX60: =ROUND(TINV(0.05,CW60),0) -> #DIV/0! | CY60: =(CV60*CX60) -> #DIV/0! | CZ60: =P60 -> V | DB60: 0.00013 | DC60: =CZ60 -> V | DD60: =MAX(DB60,CY60) -> #DIV/0! | DE60: =DC60 -> V
F61: 500 V | L61: 400 | P61: V | S61: - | AM61: =AVERAGE(X61:AL61) -> #DIV/0! | AR61: =AM61-L61 -> #DIV/0! | BB61: =ABS(0.03%*AM61)+2*CK61 -> #DIV/0! | BG61: 400.14 | BL61: 399.86 | BQ61: =IF(AND(AVERAGE(X61:AL61)<=BG61,AVERAGE(X61:AL61)>=BL61),"PASS","FAIL") -> #DIV/0! | BX61: COC | BY61: 0.0033 | BZ61: =P61 -> V | CA61: 2 | CB61: =BY61/CA61 -> 0.00165 | CD61: Std. Drift | CE61: 0 | CF61: =P61 -> V | CG61: =SQRT(3) -> 1.7320508 | CH61: =CE61/CG61 -> 0 | CJ61: Readability | CK61: 0.01 | CL61: =P61 -> V | CM61: =SQRT(12) -> 3.4641016 | CN61: =CK61/CM61 -> 0.0028867513 | CP61: Std. Dev of Reading | CQ61: =STDEV(X61:AL61) -> #DIV/0! | CR61: =P61 -> V | CS61: =SQRT(3) -> 1.7320508 | CT61: =CQ61/CS61 -> #DIV/0! | CV61: =SQRT(SUMSQ(CT61,CN61,CH61,CB61)) -> #DIV/0! | CW61: =(CV61^4)/(((CT61^4)/2)+((CN61^4)/200)+((CH61^4)/200)+((CB61^4)/200)) -> #DIV/0! | CX61: =ROUND(TINV(0.05,CW61),0) -> #DIV/0! | CY61: =(CV61*CX61) -> #DIV/0! | CZ61: =P61 -> V | DB61: 0.0013 | DC61: =CZ61 -> V | DD61: =MAX(DB61,CY61) -> #DIV/0! | DE61: =DC61 -> V
F62: 1 000 V | L62: 600 | P62: V | S62: - | AM62: =AVERAGE(X62:AL62) -> #DIV/0! | AR62: =AM62-L62 -> #DIV/0! | BB62: =ABS(0.03%*AM62)+2*CK62 -> #DIV/0! | BG62: 600.4 | BL62: 599.6 | BQ62: =IF(AND(AVERAGE(X62:AL62)<=BG62,AVERAGE(X62:AL62)>=BL62),"PASS","FAIL") -> #DIV/0! | BX62: COC | BY62: 0.0033 | BZ62: =P62 -> V | CA62: 2 | CB62: =BY62/CA62 -> 0.00165 | CD62: Std. Drift | CE62: 0 | CF62: =P62 -> V | CG62: =SQRT(3) -> 1.7320508 | CH62: =CE62/CG62 -> 0 | CJ62: Readability | CK62: 0.1 | CL62: =P62 -> V | CM62: =SQRT(12) -> 3.4641016 | CN62: =CK62/CM62 -> 0.028867513 | CP62: Std. Dev of Reading | CQ62: =STDEV(X62:AL62) -> #DIV/0! | CR62: =P62 -> V | CS62: =SQRT(3) -> 1.7320508 | CT62: =CQ62/CS62 -> #DIV/0! | CV62: =SQRT(SUMSQ(CT62,CN62,CH62,CB62)) -> #DIV/0! | CW62: =(CV62^4)/(((CT62^4)/2)+((CN62^4)/200)+((CH62^4)/200)+((CB62^4)/200)) -> #DIV/0! | CX62: =ROUND(TINV(0.05,CW62),0) -> #DIV/0! | CY62: =(CV62*CX62) -> #DIV/0! | CZ62: =P62 -> V | DB62: 0.0013 | DC62: =CZ62 -> V | DD62: =MAX(DB62,CY62) -> #DIV/0! | DE62: =DC62 -> V
F64: DC/AC Voltage Test | BX64: Standard | CD64: Standard | CJ64: Unit Under Test | CP64: Unit Under Test | CV64: Expanded Uncertainty | DB64: MINIMUM CMC (2024) | DD64: FINAL UNCERTAINTY DECLARATION
F65: Range | L65: Nominal Value | S65: Frequency | X65: Measured Value | AM65: Average | AR65: Error | BB65: Specs Tolerance | BG65: Upper Limit | BL65: Lower Limit | BQ65: Remarks | BX65: Source | BY65: Uncertainty | CA65: Divisor | CB65: Ui | CD65: Source | CE65: Uncertainty | CG65: Divisor | CH65: Ui | CJ65: Source | CK65: Uncertainty | CM65: Divisor | CN65: Ui | CP65: Source | CQ65: Uncertainty | CS65: Divisor | CT65: Ui | CV65: COMBINED STANDARD | CW65: EFFECTIVE DEGREES | CX65: C. FACTOR, k = student's | CY65: EXPANDED UNCERTAINTY,
X66: 1 | AC66: 2 | AH66: 3 | CV66: UNCERTAINTY, Uc | CW66: OF FREEDOM, Veff | CX66: t for Veff and 95 % C.L. | CY66: U @ 95 % C.L. ±
A67: 49.92 | F67: 500 mV | L67: 50 | P67: mV | S67: - | AM67: =AVERAGE(X67:AL67) -> #DIV/0! | AR67: =AM67-L67 -> #DIV/0! | BB67: =ABS(0.025%*AM67)+2*CK67 -> #DIV/0! | BG67: =BB67+L67 -> #DIV/0! | BL67: =L67-BB67 -> #DIV/0! | BQ67: =IF(AND(AVERAGE(X67:AL67)<=BG67,AVERAGE(X67:AL67)>=BL67),"PASS","FAIL") -> #DIV/0! | BX67: COC | BY67: 0.00077 | BZ67: =P67 -> mV | CA67: 2 | CB67: =BY67/CA67 -> 0.000385 | CD67: Std. Drift | CE67: 0 | CF67: =P67 -> mV | CG67: =SQRT(3) -> 1.7320508 | CH67: =CE67/CG67 -> 0 | CJ67: Readability | CK67: 0.01 | CL67: =P67 -> mV | CM67: =SQRT(12) -> 3.4641016 | CN67: =CK67/CM67 -> 0.0028867513 | CP67: Std. Dev of Reading | CQ67: =STDEV(X67:AL67) -> #DIV/0! | CR67: =P67 -> mV | CS67: =SQRT(3) -> 1.7320508 | CT67: =CQ67/CS67 -> #DIV/0! | CV67: =SQRT(SUMSQ(CT67,CN67,CH67,CB67)) -> #DIV/0! | CW67: =(CV67^4)/(((CT67^4)/2)+((CN67^4)/200)+((CH67^4)/200)+((CB67^4)/200)) -> #DIV/0! | CX67: =ROUND(TINV(0.05,CW67),0) -> #DIV/0! | CY67: =(CV67*CX67) -> #DIV/0! | CZ67: =P67 -> mV | DB67: 0.00078 | DC67: =CZ67 -> mV | DD67: =MAX(DB67,CY67) -> #DIV/0! | DE67: =DC67 -> mV
F68: 5 V | L68: 0.2 | P68: V | S68: - | AM68: =AVERAGE(X68:AL68) -> #DIV/0! | AR68: =AM68-L68 -> #DIV/0! | BB68: =ABS(0.025%*AM68)+2*CK68 -> #DIV/0! | BG68: =BB68+L68 -> #DIV/0! | BL68: =L68-BB68 -> #DIV/0! | BQ68: =IF(AND(AVERAGE(X68:AL68)<=BG68,AVERAGE(X68:AL68)>=BL68),"PASS","FAIL") -> #DIV/0! | BX68: COC | BY68: 8.3e-07 | BZ68: =P68 -> V | CA68: 2 | CB68: =BY68/CA68 -> 4.15e-07 | CD68: Std. Drift | CE68: 0 | CF68: =P68 -> V | CG68: =SQRT(3) -> 1.7320508 | CH68: =CE68/CG68 -> 0 | CJ68: Readability | CK68: 0.0001 | CL68: =P68 -> V | CM68: =SQRT(12) -> 3.4641016 | CN68: =CK68/CM68 -> 2.8867513e-05 | CP68: Std. Dev of Reading | CQ68: =STDEV(X68:AL68) -> #DIV/0! | CR68: =P68 -> V | CS68: =SQRT(3) -> 1.7320508 | CT68: =CQ68/CS68 -> #DIV/0! | CV68: =SQRT(SUMSQ(CT68,CN68,CH68,CB68)) -> #DIV/0! | CW68: =(CV68^4)/(((CT68^4)/2)+((CN68^4)/200)+((CH68^4)/200)+((CB68^4)/200)) -> #DIV/0! | CX68: =ROUND(TINV(0.05,CW68),0) -> #DIV/0! | CY68: =(CV68*CX68) -> #DIV/0! | CZ68: =P68 -> V | DB68: 7.8e-07 | DC68: =CZ68 -> V | DD68: =MAX(DB68,CY68) -> #DIV/0! | DE68: =DC68 -> V
F70: AC/DC Voltage Test | BX70: Standard | CD70: Standard | CJ70: Unit Under Test | CP70: Unit Under Test | CV70: Expanded Uncertainty | DB70: MINIMUM CMC (2024) | DD70: FINAL UNCERTAINTY DECLARATION
F71: Range | L71: Nominal Value | S71: Frequency | X71: Measured Value | AM71: Average | AR71: Error | BB71: Specs Tolerance | BG71: Upper Limit | BL71: Lower Limit | BQ71: Remarks | BX71: Source | BY71: Uncertainty | CA71: Divisor | CB71: Ui | CD71: Source | CE71: Uncertainty | CG71: Divisor | CH71: Ui | CJ71: Source | CK71: Uncertainty | CM71: Divisor | CN71: Ui | CP71: Source | CQ71: Uncertainty | CS71: Divisor | CT71: Ui | CV71: COMBINED STANDARD | CW71: EFFECTIVE DEGREES | CX71: C. FACTOR, k = student's | CY71: EXPANDED UNCERTAINTY,
X72: 1 | AC72: 2 | AH72: 3 | CV72: UNCERTAINTY, Uc | CW72: OF FREEDOM, Veff | CX72: t for Veff and 95 % C.L. | CY72: U @ 95 % C.L. ±
F73: 500 mV | L73: 250 | P73: mV | S73: 35 kHz | AM73: =AVERAGE(X73:AL73) -> #DIV/0! | AR73: =AM73-L73 -> #DIV/0! | BB73: =ABS(3.5%*AM73)+(40*CK73) -> #DIV/0! | BG73: 262.9 | BL73: 237.1 | BQ73: =IF(AND(AVERAGE(X73:AL73)<=BG73,AVERAGE(X73:AL73)>=BL73),"PASS","FAIL") -> #DIV/0! | BX73: COC | BY73: 0.07 | BZ73: =P73 -> mV | CA73: 2 | CB73: =BY73/CA73 -> 0.035 | CD73: Std. Drift | CE73: 0 | CF73: =P73 -> mV | CG73: =SQRT(3) -> 1.7320508 | CH73: =CE73/CG73 -> 0 | CJ73: Readability | CK73: 0.01 | CL73: =P73 -> mV | CM73: =SQRT(12) -> 3.4641016 | CN73: =CK73/CM73 -> 0.0028867513 | CP73: Std. Dev of Reading | CQ73: =STDEV(X73:AL73) -> #DIV/0! | CR73: =P73 -> mV | CS73: =SQRT(3) -> 1.7320508 | CT73: =CQ73/CS73 -> #DIV/0! | CV73: =SQRT(SUMSQ(CT73,CN73,CH73,CB73)) -> #DIV/0! | CW73: =(CV73^4)/(((CT73^4)/2)+((CN73^4)/200)+((CH73^4)/200)+((CB73^4)/200)) -> #DIV/0! | CX73: =ROUND(TINV(0.05,CW73),0) -> #DIV/0! | CY73: =(CV73*CX73) -> #DIV/0! | CZ73: =P73 -> mV | DB73: 0.015 | DC73: =CZ73 -> mV | DD73: =MAX(DB73,CY73) -> #DIV/0! | DE73: =DC73 -> mV
F74: 5 V | L74: 2 | P74: V | S74: 5 kHz | AM74: =AVERAGE(X74:AL74) -> #DIV/0! | AR74: =AM74-L74 -> #DIV/0! | BB74: =ABS(0.3%*AM74)+(25*CK74) -> #DIV/0! | BG74: 2.036 | BL74: 1.964 | BQ74: =IF(AND(AVERAGE(X74:AL74)<=BG74,AVERAGE(X74:AL74)>=BL74),"PASS","FAIL") -> #DIV/0! | BX74: COC | BY74: 0.0015 | BZ74: =P74 -> V | CA74: 2 | CB74: =BY74/CA74 -> 0.00075 | CD74: Std. Drift | CE74: 0 | CF74: =P74 -> V | CG74: =SQRT(3) -> 1.7320508 | CH74: =CE74/CG74 -> 0 | CJ74: Readability | CK74: 0.0001 | CL74: =P74 -> V | CM74: =SQRT(12) -> 3.4641016 | CN74: =CK74/CM74 -> 2.8867513e-05 | CP74: Std. Dev of Reading | CQ74: =STDEV(X74:AL74) -> #DIV/0! | CR74: =P74 -> V | CS74: =SQRT(3) -> 1.7320508 | CT74: =CQ74/CS74 -> #DIV/0! | CV74: =SQRT(SUMSQ(CT74,CN74,CH74,CB74)) -> #DIV/0! | CW74: =(CV74^4)/(((CT74^4)/2)+((CN74^4)/200)+((CH74^4)/200)+((CB74^4)/200)) -> #DIV/0! | CX74: =ROUND(TINV(0.05,CW74),0) -> #DIV/0! | CY74: =(CV74*CX74) -> #DIV/0! | CZ74: =P74 -> V | DB74: 8.5e-05 | DC74: =CZ74 -> V | DD74: =MAX(DB74,CY74) -> #DIV/0! | DE74: =DC74 -> V
F76: AC Voltage Test | BX76: Standard | CD76: Standard | CJ76: Unit Under Test | CP76: Unit Under Test | CV76: Expanded Uncertainty | DB76: MINIMUM CMC (2024) | DD76: FINAL UNCERTAINTY DECLARATION
F77: Range | L77: Nominal Value | S77: Frequency | X77: Measured Value | AM77: Average | AR77: Error | BB77: Specs Tolerance | BG77: Upper Limit | BL77: Lower Limit | BQ77: Remarks | BX77: Source | BY77: Uncertainty | CA77: Divisor | CB77: Ui | CD77: Source | CE77: Uncertainty | CG77: Divisor | CH77: Ui | CJ77: Source | CK77: Uncertainty | CM77: Divisor | CN77: Ui | CP77: Source | CQ77: Uncertainty | CS77: Divisor | CT77: Ui | CV77: COMBINED STANDARD | CW77: EFFECTIVE DEGREES | CX77: C. FACTOR, k = student's | CY77: EXPANDED UNCERTAINTY,
X78: 1 | AC78: 2 | AH78: 3 | CV78: UNCERTAINTY, Uc | CW78: OF FREEDOM, Veff | CX78: t for Veff and 95 % C.L. | CY78: U @ 95 % C.L. ±
F79: 50 mV | L79: 5 | P79: mV | S79: 20 Hz | AM79: =AVERAGE(X79:AL79) -> #DIV/0! | AR79: =AM79-L79 -> #DIV/0! | BB79: =ABS(1.5%*AM79)+(60*CK79) -> #DIV/0! | BG79: 5.135 | BL79: 4.865 | BQ79: =IF(AND(AVERAGE(X79:AL79)<=BG79,AVERAGE(X79:AL79)>=BL79),"PASS","FAIL") -> #DIV/0! | BX79: COC | BY79: 0.0088 | BZ79: =P79 -> mV | CA79: 2 | CB79: =BY79/CA79 -> 0.0044 | CD79: Std. Drift | CE79: 0 | CF79: =P79 -> mV | CG79: =SQRT(3) -> 1.7320508 | CH79: =CE79/CG79 -> 0 | CJ79: Readability | CK79: 0.001 | CL79: =P79 -> mV | CM79: =SQRT(12) -> 3.4641016 | CN79: =CK79/CM79 -> 0.00028867513 | CP79: Std. Dev of Reading | CQ79: =STDEV(X79:AL79) -> #DIV/0! | CR79: =P79 -> mV | CS79: =SQRT(3) -> 1.7320508 | CT79: =CQ79/CS79 -> #DIV/0! | CV79: =SQRT(SUMSQ(CT79,CN79,CH79,CB79)) -> #DIV/0! | CW79: =(CV79^4)/(((CT79^4)/2)+((CN79^4)/200)+((CH79^4)/200)+((CB79^4)/200)) -> #DIV/0! | CX79: =ROUND(TINV(0.05,CW79),0) -> #DIV/0! | CY79: =(CV79*CX79) -> #DIV/0! | CZ79: =P79 -> mV | DB79: 0.0048 | DC79: =CZ79 -> mV | DD79: =MAX(DB79,CY79) -> #DIV/0! | DE79: =DC79 -> mV
L80: 50 | P80: mV | S80: 65 kHz | AM80: =AVERAGE(X80:AL80) -> #DIV/0! | AR80: =AM80-L80 -> #DIV/0! | BB80: =ABS(1.5%*AM80)+(60*CK80) -> #DIV/0! | BG80: 51.79 | BL80: 48.21 | BQ80: =IF(AND(AVERAGE(X80:AL80)<=BG80,AVERAGE(X80:AL80)>=BL80),"PASS","FAIL") -> #DIV/0! | BX80: COC | BY80: 0.59 | BZ80: =P80 -> mV | CA80: 2 | CB80: =BY80/CA80 -> 0.295 | CD80: Std. Drift | CE80: 0 | CF80: =P80 -> mV | CG80: =SQRT(3) -> 1.7320508 | CH80: =CE80/CG80 -> 0 | CJ80: Readability | CK80: 0.001 | CL80: =P80 -> mV | CM80: =SQRT(12) -> 3.4641016 | CN80: =CK80/CM80 -> 0.00028867513 | CP80: Std. Dev of Reading | CQ80: =STDEV(X80:AL80) -> #DIV/0! | CR80: =P80 -> mV | CS80: =SQRT(3) -> 1.7320508 | CT80: =CQ80/CS80 -> #DIV/0! | CV80: =SQRT(SUMSQ(CT80,CN80,CH80,CB80)) -> #DIV/0! | CW80: =(CV80^4)/(((CT80^4)/2)+((CN80^4)/200)+((CH80^4)/200)+((CB80^4)/200)) -> #DIV/0! | CX80: =ROUND(TINV(0.05,CW80),0) -> #DIV/0! | CY80: =(CV80*CX80) -> #DIV/0! | CZ80: =P80 -> mV | DB80: 0.015 | DC80: =CZ80 -> mV | DD80: =MAX(DB80,CY80) -> #DIV/0! | DE80: =DC80 -> mV
F81: 500 mV | L81: 50 | P81: mV | S81: 100 kHz | AM81: =AVERAGE(X81:AL81) -> #DIV/0! | AR81: =AM81-L81 -> #DIV/0! | BB81: =ABS(0.4%*AM81)+(25*CK81) -> #DIV/0! | BG81: 52.15 | BL81: 47.85 | BQ81: =IF(AND(AVERAGE(X81:AL81)<=BG81,AVERAGE(X81:AL81)>=BL81),"PASS","FAIL") -> #DIV/0! | BX81: COC | BY81: 0.59 | BZ81: =P81 -> mV | CA81: 2 | CB81: =BY81/CA81 -> 0.295 | CD81: Std. Drift | CE81: 0 | CF81: =P81 -> mV | CG81: =SQRT(3) -> 1.7320508 | CH81: =CE81/CG81 -> 0 | CJ81: Readability | CK81: 0.01 | CL81: =P81 -> mV | CM81: =SQRT(12) -> 3.4641016 | CN81: =CK81/CM81 -> 0.0028867513 | CP81: Std. Dev of Reading | CQ81: =STDEV(X81:AL81) -> #DIV/0! | CR81: =P81 -> mV | CS81: =SQRT(3) -> 1.7320508 | CT81: =CQ81/CS81 -> #DIV/0! | CV81: =SQRT(SUMSQ(CT81,CN81,CH81,CB81)) -> #DIV/0! | CW81: =(CV81^4)/(((CT81^4)/2)+((CN81^4)/200)+((CH81^4)/200)+((CB81^4)/200)) -> #DIV/0! | CX81: =ROUND(TINV(0.05,CW81),0) -> #DIV/0! | CY81: =(CV81*CX81) -> #DIV/0! | CZ81: =P81 -> mV | DB81: 0.045 | DC81: =CZ81 -> mV | DD81: =MAX(DB81,CY81) -> #DIV/0! | DE81: =DC81 -> mV
L82: 250 | P82: mV | S82: 65 Hz | AM82: =AVERAGE(X82:AL82) -> #DIV/0! | AR82: =AM82-L82 -> #DIV/0! | BB82: =ABS(0.3%*AM82)+(60*CK82) -> #DIV/0! | BG82: 259.15 | BL82: 240.85 | BQ82: =IF(AND(AVERAGE(X82:AL82)<=BG82,AVERAGE(X82:AL82)>=BL82),"PASS","FAIL") -> #DIV/0! | BX82: COC | BY82: 0.07 | BZ82: =P82 -> mV | CA82: 2 | CB82: =BY82/CA82 -> 0.035 | CD82: Std. Drift | CE82: 0 | CF82: =P82 -> mV | CG82: =SQRT(3) -> 1.7320508 | CH82: =CE82/CG82 -> 0 | CJ82: Readability | CK82: 0.01 | CL82: =P82 -> mV | CM82: =SQRT(12) -> 3.4641016 | CN82: =CK82/CM82 -> 0.0028867513 | CP82: Std. Dev of Reading | CQ82: =STDEV(X82:AL82) -> #DIV/0! | CR82: =P82 -> mV | CS82: =SQRT(3) -> 1.7320508 | CT82: =CQ82/CS82 -> #DIV/0! | CV82: =SQRT(SUMSQ(CT82,CN82,CH82,CB82)) -> #DIV/0! | CW82: =(CV82^4)/(((CT82^4)/2)+((CN82^4)/200)+((CH82^4)/200)+((CB82^4)/200)) -> #DIV/0! | CX82: =ROUND(TINV(0.05,CW82),0) -> #DIV/0! | CY82: =(CV82*CX82) -> #DIV/0! | CZ82: =P82 -> mV | DB82: 0.01 | DC82: =CZ82 -> mV | DD82: =MAX(DB82,CY82) -> #DIV/0! | DE82: =DC82 -> mV
L83: 500 | P83: mV | S83: 45 Hz | AM83: =AVERAGE(X83:AL83) -> #DIV/0! | AR83: =AM83-L83 -> #DIV/0! | BB83: =ABS(1.5%*AM83)+(60*CK83) -> #DIV/0! | BG83: 501.75 | BL83: 498.25 | BQ83: =IF(AND(AVERAGE(X83:AL83)<=BG83,AVERAGE(X83:AL83)>=BL83),"PASS","FAIL") -> #DIV/0! | BX83: COC | BY83: 0.91 | BZ83: =P83 -> mV | CA83: 2 | CB83: =BY83/CA83 -> 0.455 | CD83: Std. Drift | CE83: 0 | CF83: =P83 -> mV | CG83: =SQRT(3) -> 1.7320508 | CH83: =CE83/CG83 -> 0 | CJ83: Readability | CK83: 0.01 | CL83: =P83 -> mV | CM83: =SQRT(12) -> 3.4641016 | CN83: =CK83/CM83 -> 0.0028867513 | CP83: Std. Dev of Reading | CQ83: =STDEV(X83:AL83) -> #DIV/0! | CR83: =P83 -> mV | CS83: =SQRT(3) -> 1.7320508 | CT83: =CQ83/CS83 -> #DIV/0! | CV83: =SQRT(SUMSQ(CT83,CN83,CH83,CB83)) -> #DIV/0! | CW83: =(CV83^4)/(((CT83^4)/2)+((CN83^4)/200)+((CH83^4)/200)+((CB83^4)/200)) -> #DIV/0! | CX83: =ROUND(TINV(0.05,CW83),0) -> #DIV/0! | CY83: =(CV83*CX83) -> #DIV/0! | CZ83: =P83 -> mV | DB83: 0.12 | DC83: =CZ83 -> mV | DD83: =MAX(DB83,CY83) -> #DIV/0! | DE83: =DC83 -> mV
F84: 5 V | L84: 0.1 | P84: V | S84: 60 Hz | AM84: =AVERAGE(X84:AL84) -> #DIV/0! | AR84: =AM84-L84 -> #DIV/0! | BB84: =ABS(0.3%*AM84)+(60*CK84) -> #DIV/0! | BG84: 0.1048 | BL84: 0.0952 | BQ84: =IF(AND(AVERAGE(X84:AL84)<=BG84,AVERAGE(X84:AL84)>=BL84),"PASS","FAIL") -> #DIV/0! | BX84: COC | BY84: 7e-05 | BZ84: =P84 -> V | CA84: 2 | CB84: =BY84/CA84 -> 3.5e-05 | CD84: Std. Drift | CE84: 0 | CF84: =P84 -> V | CG84: =SQRT(3) -> 1.7320508 | CH84: =CE84/CG84 -> 0 | CJ84: Readability | CK84: 0.0001 | CL84: =P84 -> V | CM84: =SQRT(12) -> 3.4641016 | CN84: =CK84/CM84 -> 2.8867513e-05 | CP84: Std. Dev of Reading | CQ84: =STDEV(X84:AL84) -> #DIV/0! | CR84: =P84 -> V | CS84: =SQRT(3) -> 1.7320508 | CT84: =CQ84/CS84 -> #DIV/0! | CV84: =SQRT(SUMSQ(CT84,CN84,CH84,CB84)) -> #DIV/0! | CW84: =(CV84^4)/(((CT84^4)/2)+((CN84^4)/200)+((CH84^4)/200)+((CB84^4)/200)) -> #DIV/0! | CX84: =ROUND(TINV(0.05,CW84),0) -> #DIV/0! | CY84: =(CV84*CX84) -> #DIV/0! | CZ84: =P84 -> V | DB84: 1e-05 | DC84: =CZ84 -> V | DD84: =MAX(DB84,CY84) -> #DIV/0! | DE84: =DC84 -> V
L85: 0.5 | P85: V | S85: 10 kHz | AM85: =AVERAGE(X85:AL85) -> #DIV/0! | AR85: =AM85-L85 -> #DIV/0! | BB85: =ABS(1.5%*AM85)+(40*CK85) -> #DIV/0! | BG85: 0.5055 | BL85: 0.4945 | BQ85: =IF(AND(AVERAGE(X85:AL85)<=BG85,AVERAGE(X85:AL85)>=BL85),"PASS","FAIL") -> #DIV/0! | BX85: COC | BY85: 0.0015 | BZ85: =P85 -> V | CA85: 2 | CB85: =BY85/CA85 -> 0.00075 | CD85: Std. Drift | CE85: 0 | CF85: =P85 -> V | CG85: =SQRT(3) -> 1.7320508 | CH85: =CE85/CG85 -> 0 | CJ85: Readability | CK85: 0.0001 | CL85: =P85 -> V | CM85: =SQRT(12) -> 3.4641016 | CN85: =CK85/CM85 -> 2.8867513e-05 | CP85: Std. Dev of Reading | CQ85: =STDEV(X85:AL85) -> #DIV/0! | CR85: =P85 -> V | CS85: =SQRT(3) -> 1.7320508 | CT85: =CQ85/CS85 -> #DIV/0! | CV85: =SQRT(SUMSQ(CT85,CN85,CH85,CB85)) -> #DIV/0! | CW85: =(CV85^4)/(((CT85^4)/2)+((CN85^4)/200)+((CH85^4)/200)+((CB85^4)/200)) -> #DIV/0! | CX85: =ROUND(TINV(0.05,CW85),0) -> #DIV/0! | CY85: =(CV85*CX85) -> #DIV/0! | CZ85: =P85 -> V | DB85: 8.5e-05 | DC85: =CZ85 -> V | DD85: =MAX(DB85,CY85) -> #DIV/0! | DE85: =DC85 -> V
L86: 3 | P86: V | S86: 100 kHz | AM86: =AVERAGE(X86:AL86) -> #DIV/0! | AR86: =AM86-L86 -> #DIV/0! | BB86: =ABS(3.5%*AM86)+(40*CK86) -> #DIV/0! | BG86: 3.184 | BL86: 2.816 | BQ86: =IF(AND(AVERAGE(X86:AL86)<=BG86,AVERAGE(X86:AL86)>=BL86),"PASS","FAIL") -> #DIV/0! | BX86: COC | BY86: 0.0059 | BZ86: =P86 -> V | CA86: 2 | CB86: =BY86/CA86 -> 0.00295 | CD86: Std. Drift | CE86: 0 | CF86: =P86 -> V | CG86: =SQRT(3) -> 1.7320508 | CH86: =CE86/CG86 -> 0 | CJ86: Readability | CK86: 0.0001 | CL86: =P86 -> V | CM86: =SQRT(12) -> 3.4641016 | CN86: =CK86/CM86 -> 2.8867513e-05 | CP86: Std. Dev of Reading | CQ86: =STDEV(X86:AL86) -> #DIV/0! | CR86: =P86 -> V | CS86: =SQRT(3) -> 1.7320508 | CT86: =CQ86/CS86 -> #DIV/0! | CV86: =SQRT(SUMSQ(CT86,CN86,CH86,CB86)) -> #DIV/0! | CW86: =(CV86^4)/(((CT86^4)/2)+((CN86^4)/200)+((CH86^4)/200)+((CB86^4)/200)) -> #DIV/0! | CX86: =ROUND(TINV(0.05,CW86),0) -> #DIV/0! | CY86: =(CV86*CX86) -> #DIV/0! | CZ86: =P86 -> V | DB86: 0.00028 | DC86: =CZ86 -> V | DD86: =MAX(DB86,CY86) -> #DIV/0! | DE86: =DC86 -> V
F87: 50 V | L87: 15 | P87: V | S87: 100 kHz | AM87: =AVERAGE(X87:AL87) -> #DIV/0! | AR87: =AM87-L87 -> #DIV/0! | BB87: =ABS(3.5%*AM87)+(40*CK87) -> #DIV/0! | BG87: 15.565 | BL87: 14.435 | BQ87: =IF(AND(AVERAGE(X87:AL87)<=BG87,AVERAGE(X87:AL87)>=BL87),"PASS","FAIL") -> #DIV/0! | BX87: COC | BY87: 0.051 | BZ87: =P87 -> V | CA87: 2 | CB87: =BY87/CA87 -> 0.0255 | CD87: Std. Drift | CE87: 0 | CF87: =P87 -> V | CG87: =SQRT(3) -> 1.7320508 | CH87: =CE87/CG87 -> 0 | CJ87: Readability | CK87: 0.001 | CL87: =P87 -> V | CM87: =SQRT(12) -> 3.4641016 | CN87: =CK87/CM87 -> 0.00028867513 | CP87: Std. Dev of Reading | CQ87: =STDEV(X87:AL87) -> #DIV/0! | CR87: =P87 -> V | CS87: =SQRT(3) -> 1.7320508 | CT87: =CQ87/CS87 -> #DIV/0! | CV87: =SQRT(SUMSQ(CT87,CN87,CH87,CB87)) -> #DIV/0! | CW87: =(CV87^4)/(((CT87^4)/2)+((CN87^4)/200)+((CH87^4)/200)+((CB87^4)/200)) -> #DIV/0! | CX87: =ROUND(TINV(0.05,CW87),0) -> #DIV/0! | CY87: =(CV87*CX87) -> #DIV/0! | CZ87: =P87 -> V | DB87: 0.0035 | DC87: =CZ87 -> V | DD87: =MAX(DB87,CY87) -> #DIV/0! | DE87: =DC87 -> V
F88: 500 V | L88: 500 | P88: V | S88: 10 kHz | AM88: =AVERAGE(X88:AL88) -> #DIV/0! | AR88: =AM88-L88 -> #DIV/0! | BB88: =ABS(0.4%*AM88)+(25*CK88) -> #DIV/0! | BG88: 502.25 | BL88: 497.75 | BQ88: =IF(AND(AVERAGE(X88:AL88)<=BG88,AVERAGE(X88:AL88)>=BL88),"PASS","FAIL") -> #DIV/0! | BX88: COC | BY88: 0.1 | BZ88: =P88 -> V | CA88: 2 | CB88: =BY88/CA88 -> 0.05 | CD88: Std. Drift | CE88: 0 | CF88: =P88 -> V | CG88: =SQRT(3) -> 1.7320508 | CH88: =CE88/CG88 -> 0 | CJ88: Readability | CK88: 0.01 | CL88: =P88 -> V | CM88: =SQRT(12) -> 3.4641016 | CN88: =CK88/CM88 -> 0.0028867513 | CP88: Std. Dev of Reading | CQ88: =STDEV(X88:AL88) -> #DIV/0! | CR88: =P88 -> V | CS88: =SQRT(3) -> 1.7320508 | CT88: =CQ88/CS88 -> #DIV/0! | CV88: =SQRT(SUMSQ(CT88,CN88,CH88,CB88)) -> #DIV/0! | CW88: =(CV88^4)/(((CT88^4)/2)+((CN88^4)/200)+((CH88^4)/200)+((CB88^4)/200)) -> #DIV/0! | CX88: =ROUND(TINV(0.05,CW88),0) -> #DIV/0! | CY88: =(CV88*CX88) -> #DIV/0! | CZ88: =P88 -> V | DB88: 0.084 | DC88: =CZ88 -> V | DD88: =MAX(DB88,CY88) -> #DIV/0! | DE88: =DC88 -> V
F89: 1 000 V | L89: 1000 | P89: V | S89: 10 kHz | AM89: =AVERAGE(X89:AL89) -> #DIV/0! | AR89: =AM89-L89 -> #DIV/0! | BB89: =ABS(0.4%*AM89)+(25*CK89) -> #DIV/0! | BG89: 1006.5 | BL89: 993.5 | BQ89: =IF(AND(AVERAGE(X89:AL89)<=BG89,AVERAGE(X89:AL89)>=BL89),"PASS","FAIL") -> #DIV/0! | BX89: COC | BY89: 0.1 | BZ89: =P89 -> V | CA89: 2 | CB89: =BY89/CA89 -> 0.05 | CD89: Std. Drift | CE89: 0 | CF89: =P89 -> V | CG89: =SQRT(3) -> 1.7320508 | CH89: =CE89/CG89 -> 0 | CJ89: Readability | CK89: 0.1 | CL89: =P89 -> V | CM89: =SQRT(12) -> 3.4641016 | CN89: =CK89/CM89 -> 0.028867513 | CP89: Std. Dev of Reading | CQ89: =STDEV(X89:AL89) -> #DIV/0! | CR89: =P89 -> V | CS89: =SQRT(3) -> 1.7320508 | CT89: =CQ89/CS89 -> #DIV/0! | CV89: =SQRT(SUMSQ(CT89,CN89,CH89,CB89)) -> #DIV/0! | CW89: =(CV89^4)/(((CT89^4)/2)+((CN89^4)/200)+((CH89^4)/200)+((CB89^4)/200)) -> #DIV/0! | CX89: =ROUND(TINV(0.05,CW89),0) -> #DIV/0! | CY89: =(CV89*CX89) -> #DIV/0! | CZ89: =P89 -> V | DB89: 0.084 | DC89: =CZ89 -> V | DD89: =MAX(DB89,CY89) -> #DIV/0! | DE89: =DC89 -> V
F91: AC Voltage Frequency Test | BX91: Standard | CD91: Standard | CJ91: Unit Under Test | CP91: Unit Under Test | CV91: Expanded Uncertainty | DB91: MINIMUM CMC | DD91: FINAL UNCERTAINTY DECLARATION
F92: Range | L92: Nominal Value | S92: Voltage | X92: Measured Value | AM92: Average | AR92: Error | BB92: Specs Tolerance | BG92: Upper Limit | BL92: Lower Limit | BQ92: Remarks | BX92: Source | BY92: Uncertainty | CA92: Divisor | CB92: Ui | CD92: Source | CE92: Uncertainty | CG92: Divisor | CH92: Ui | CJ92: Source | CK92: Uncertainty | CM92: Divisor | CN92: Ui | CP92: Source | CQ92: Uncertainty | CS92: Divisor | CT92: Ui | CV92: COMBINED STANDARD | CW92: EFFECTIVE DEGREES | CX92: C. FACTOR, k = student's | CY92: EXPANDED UNCERTAINTY,
X93: 1 | AC93: 2 | AH93: 3 | CV93: UNCERTAINTY, Uc | CW93: OF FREEDOM, Veff | CX93: t for Veff and 95 % C.L. | CY93: U @ 95 % C.L. ±
F94: 500 mV | L94: 45 | P94: Hz | S94: 500 mV | AM94: =AVERAGE(X94:AL94) -> #DIV/0! | AR94: =AM94-L94 -> #DIV/0! | BB94: =ABS(0.2%*AM94)+(5*CK94) -> #DIV/0! | BG94: 45.014 | BL94: 44.986 | BQ94: =IF(AND(AVERAGE(X94:AL94)<=BG94,AVERAGE(X94:AL94)>=BL94),"PASS","FAIL") -> #DIV/0! | BX94: COC | BY94: 5.8e-05 | BZ94: Hz | CA94: 2 | CB94: =BY94/CA94 -> 2.9e-05 | CD94: Std. Drift | CE94: 0 | CF94: =P94 -> Hz | CG94: =SQRT(3) -> 1.7320508 | CH94: =CE94/CG94 -> 0 | CJ94: Readability | CK94: 0.001 | CL94: =P94 -> Hz | CM94: =SQRT(12) -> 3.4641016 | CN94: =CK94/CM94 -> 0.00028867513 | CP94: Std. Dev of Reading | CQ94: =STDEV(X94:AL94) -> #DIV/0! | CR94: =P94 -> Hz | CS94: =SQRT(3) -> 1.7320508 | CT94: =CQ94/CS94 -> #DIV/0! | CV94: =SQRT(SUMSQ(CT94,CN94,CH94,CB94)) -> #DIV/0! | CW94: =(CV94^4)/(((CT94^4)/2)+((CN94^4)/200)+((CH94^4)/200)+((CB94^4)/200)) -> #DIV/0! | CX94: =ROUND(TINV(0.05,CW94),0) -> #DIV/0! | CY94: =(CV94*CX94) -> #DIV/0! | CZ94: =BZ94 -> Hz | DC94: =CZ94 -> Hz | DD94: =MAX(DB94,CY94) -> #DIV/0! | DE94: =DC94 -> Hz
F95: 500 mV | L95: 950 | P95: kHz | S95: 600 mV | AM95: =AVERAGE(X95:AL95) -> #DIV/0! | AR95: =AM95-L95 -> #DIV/0! | BB95: =ABS(0.005%*AM95)+(5*CK95) -> #DIV/0! | BG95: 950.1 | BL95: 949.9 | BQ95: =IF(AND(AVERAGE(X95:AL95)<=BG95,AVERAGE(X95:AL95)>=BL95),"PASS","FAIL") -> #DIV/0! | BX95: COC | BY95: 5.8e-05 | BZ95: kHz | CA95: 2 | CB95: =BY95/CA95 -> 2.9e-05 | CD95: Std. Drift | CE95: 0 | CF95: =P95 -> kHz | CG95: =SQRT(3) -> 1.7320508 | CH95: =CE95/CG95 -> 0 | CJ95: Readability | CK95: 0.01 | CL95: =P95 -> kHz | CM95: =SQRT(12) -> 3.4641016 | CN95: =CK95/CM95 -> 0.0028867513 | CP95: Std. Dev of Reading | CQ95: =STDEV(X95:AL95) -> #DIV/0! | CR95: =P95 -> kHz | CS95: =SQRT(3) -> 1.7320508 | CT95: =CQ95/CS95 -> #DIV/0! | CV95: =SQRT(SUMSQ(CT95,CN95,CH95,CB95)) -> #DIV/0! | CW95: =(CV95^4)/(((CT95^4)/2)+((CN95^4)/200)+((CH95^4)/200)+((CB95^4)/200)) -> #DIV/0! | CX95: =ROUND(TINV(0.05,CW95),0) -> #DIV/0! | CY95: =(CV95*CX95) -> #DIV/0! | CZ95: =BZ95 -> kHz | DC95: =CZ95 -> kHz | DD95: =MAX(DB95,CY95) -> #DIV/0! | DE95: =DC95 -> kHz
F97: AC Voltage Duty Cycle Test
F98: Range | L98: Nominal Value | S98: Standard Setting | X98: Measured Value | AM98: Average | AR98: Error | BB98: Specs Tolerance | BG98: Upper Limit | BL98: Lower Limit | BQ98: Result | BX98: Resolution
X99: 1 | AC99: 2 | AH99: 3
F100: 5 V | L100: 15 | P100: % | S100: 5 V p-p Sq. Wave / 50 kHz | AM100: =AVERAGE(X100:AL100) -> #DIV/0! | AR100: =AM100-L100 -> #DIV/0! | BB100: 0 | BG100: 25.1 | BL100: 4.9 | BQ100: =IF(AND(AVERAGE(X100:AL100)<=BG100,AVERAGE(X100:AL100)>=BL100),"PASS","FAIL") -> #DIV/0! | BX100: 0.01
F102: AC Voltage Lo Pass Test | BX102: Standard | CD102: Standard | CJ102: Unit Under Test | CP102: Unit Under Test | CV102: Expanded Uncertainty | DB102: MINIMUM CMC | DD102: FINAL UNCERTAINTY DECLARATION
F103: Range | L103: Nominal Value | S103: Frequency | X103: Measured Value | AM103: Average | AR103: Error | BB103: Specs Tolerance | BG103: Upper Limit | BL103: Lower Limit | BQ103: Remarks | BX103: Source | BY103: Uncertainty | CA103: Divisor | CB103: Ui | CD103: Source | CE103: Uncertainty | CG103: Divisor | CH103: Ui | CJ103: Source | CK103: Uncertainty | CM103: Divisor | CN103: Ui | CP103: Source | CQ103: Uncertainty | CS103: Divisor | CT103: Ui | CV103: COMBINED STANDARD | CW103: EFFECTIVE DEGREES | CX103: C. FACTOR, k = student's | CY103: EXPANDED UNCERTAINTY,
X104: 1 | AC104: 2 | AH104: 3 | CV104: UNCERTAINTY, Uc | CW104: OF FREEDOM, Veff | CX104: t for Veff and 95 % C.L. | CY104: U @ 95 % C.L. ±
F105: 500 V | L105: 50 | P105: V | S105: 60 Hz | AM105: =AVERAGE(X105:AL105) -> #DIV/0! | AR105: =AM105-L105 -> #DIV/0! | BB105: =ABS(2%*AM105)+(40*CK105) -> #DIV/0! | BG105: 51.4 | BL105: 48.6 | BQ105: =IF(AND(AVERAGE(X105:AL105)<=BG105,AVERAGE(X105:AL105)>=BL105),"PASS","FAIL") -> #DIV/0! | BX105: COC | BY105: 0.071 | BZ105: V | CA105: 2 | CB105: =BY105/CA105 -> 0.0355 | CD105: Std. Drift | CE105: 0 | CF105: =P105 -> V | CG105: =SQRT(3) -> 1.7320508 | CH105: =CE105/CG105 -> 0 | CJ105: Readability | CK105: 0.01 | CL105: =P105 -> V | CM105: =SQRT(12) -> 3.4641016 | CN105: =CK105/CM105 -> 0.0028867513 | CP105: Std. Dev of Reading | CQ105: =STDEV(X105:AL105) -> #DIV/0! | CR105: =P105 -> V | CS105: =SQRT(3) -> 1.7320508 | CT105: =CQ105/CS105 -> #DIV/0! | CV105: =SQRT(SUMSQ(CT105,CN105,CH105,CB105)) -> #DIV/0! | CW105: =(CV105^4)/(((CT105^4)/2)+((CN105^4)/200)+((CH105^4)/200)+((CB105^4)/200)) -> #DIV/0! | CX105: =ROUND(TINV(0.05,CW105),0) -> #DIV/0! | CY105: =(CV105*CX105) -> #DIV/0! | CZ105: =BZ105 -> V | DC105: =CZ105 -> V | DD105: =MAX(DB105,CY105) -> #DIV/0! | DE105: =DC105 -> V
F106: 500 V | L106: 50 | P106: V | S106: 1600 Hz | AM106: =AVERAGE(X106:AL106) -> #DIV/0! | AR106: =AM106-L106 -> #DIV/0! | BB106: =ABS(2%*AM106)+(10*CK106) -> #DIV/0! | BG106: 8 | BL106: 0 | BQ106: =IF(AND(AVERAGE(X106:AL106)<=BG106,AVERAGE(X106:AL106)>=BL106),"PASS","FAIL") -> #DIV/0! | BX106: COC | BY106: 0.1 | BZ106: V | CA106: 2 | CB106: =BY106/CA106 -> 0.05 | CD106: Std. Drift | CE106: 0 | CF106: =P106 -> V | CG106: =SQRT(3) -> 1.7320508 | CH106: =CE106/CG106 -> 0 | CJ106: Readability | CK106: 0.01 | CL106: =P106 -> V | CM106: =SQRT(12) -> 3.4641016 | CN106: =CK106/CM106 -> 0.0028867513 | CP106: Std. Dev of Reading | CQ106: =STDEV(X106:AL106) -> #DIV/0! | CR106: =P106 -> V | CS106: =SQRT(3) -> 1.7320508 | CT106: =CQ106/CS106 -> #DIV/0! | CV106: =SQRT(SUMSQ(CT106,CN106,CH106,CB106)) -> #DIV/0! | CW106: =(CV106^4)/(((CT106^4)/2)+((CN106^4)/200)+((CH106^4)/200)+((CB106^4)/200)) -> #DIV/0! | CX106: =ROUND(TINV(0.05,CW106),0) -> #DIV/0! | CY106: =(CV106*CX106) -> #DIV/0! | CZ106: =BZ106 -> V | DC106: =CZ106 -> V | DD106: =MAX(DB106,CY106) -> #DIV/0! | DE106: =DC106 -> V
BB107: =200*2% -> 4
F108: AC Voltage Peak Test | BX108: Standard | CD108: Standard | CJ108: Unit Under Test | CP108: Unit Under Test | CV108: Expanded Uncertainty | DB108: MINIMUM CMC | DD108: FINAL UNCERTAINTY DECLARATION
F109: Range | L109: Nominal Value | S109: UUT Setting | X109: Measured Value | AM109: Average | AR109: Error | BB109: Specs Tolerance | BG109: Upper Limit | BL109: Lower Limit | BQ109: Result | BX109: Source | BY109: Uncertainty | CA109: Divisor | CB109: Ui | CD109: Source | CE109: Uncertainty | CG109: Divisor | CH109: Ui | CJ109: Source | CK109: Uncertainty | CM109: Divisor | CN109: Ui | CP109: Source | CQ109: Uncertainty | CS109: Divisor | CT109: Ui | CV109: COMBINED STANDARD | CW109: EFFECTIVE DEGREES | CX109: C. FACTOR, k = student's | CY109: EXPANDED UNCERTAINTY,
X110: 1 | AC110: 2 | AH110: 3 | CV110: UNCERTAINTY, Uc | CW110: OF FREEDOM, Veff | CX110: t for Veff and 95 % C.L. | CY110: U @ 95 % C.L. ±
F111: 5 V | L111: 2 | P111: kHz | S111: 4 V p-p Sq. Wave, +1 V offset | AM111: =AVERAGE(X111:AL111) -> #DIV/0! | AR111: =AM111-L111 -> #DIV/0! | BB111: =ABS(0.0052%*AM111)+(40*CK111) -> #DIV/0! | BG111: 2.137 | BL111: 1.863 | BQ111: =IF(AND(AVERAGE(X111:AL111)<=BG111,AVERAGE(X111:AL111)>=BL111),"PASS","FAIL") -> #DIV/0! | BX111: COC | BY111: 5.8e-05 | BZ111: kHz | CA111: 2 | CB111: =BY111/CA111 -> 2.9e-05 | CD111: Std. Drift | CE111: 0 | CF111: =P111 -> kHz | CG111: =SQRT(3) -> 1.7320508 | CH111: =CE111/CG111 -> 0 | CJ111: Readability | CK111: 0.001 | CL111: =P111 -> kHz | CM111: =SQRT(12) -> 3.4641016 | CN111: =CK111/CM111 -> 0.00028867513 | CP111: Std. Dev of Reading | CQ111: =STDEV(X111:AL111) -> #DIV/0! | CR111: =P111 -> kHz | CS111: =SQRT(3) -> 1.7320508 | CT111: =CQ111/CS111 -> #DIV/0! | CV111: =SQRT(SUMSQ(CT111,CN111,CH111,CB111)) -> #DIV/0! | CW111: =(CV111^4)/(((CT111^4)/2)+((CN111^4)/200)+((CH111^4)/200)+((CB111^4)/200)) -> #DIV/0! | CX111: =ROUND(TINV(0.05,CW111),0) -> #DIV/0! | CY111: =(CV111*CX111) -> #DIV/0! | CZ111: =BZ111 -> kHz | DC111: =CZ111 -> kHz | DD111: =MAX(DB111,CY111) -> #DIV/0! | DE111: =DC111 -> kHz
DN112: Note: uV default unit symbol
F113: Temperature Test | BX113: Standard | CD113: Standard | CJ113: Unit Under Test | CP113: Unit Under Test | CV113: Expanded Uncertainty | DB113: MINIMUM CMC (2024) | DD113: FINAL UNCERTAINTY DECLARATION
F114: Range | L114: Nominal Value | S114: Frequency | X114: Measured Value | AM114: Average | AR114: Error | BB114: Specs Tolerance | BG114: Upper Limit | BL114: Lower Limit | BQ114: Remarks | BX114: Source | BY114: Uncertainty | CA114: Divisor | CB114: Ui | CD114: Source | CE114: Uncertainty | CG114: Divisor | CH114: Ui | CJ114: Source | CK114: Uncertainty | CM114: Divisor | CN114: Ui | CP114: Source | CQ114: Uncertainty | CS114: Divisor | CT114: Ui | CV114: COMBINED STANDARD | CW114: EFFECTIVE DEGREES | CX114: C. FACTOR, k = student's | CY114: EXPANDED UNCERTAINTY,
X115: 1 | AC115: 2 | AH115: 3 | CV115: UNCERTAINTY, Uc | CW115: OF FREEDOM, Veff | CX115: t for Veff and 95 % C.L. | CY115: U @ 95 % C.L. ±
F116: - | L116: 0 | P116: °C | S116: - | AM116: =AVERAGE(X116:AL116) -> #DIV/0! | AR116: =AM116-L116 -> #DIV/0! | BB116: =ABS(1%*AM116)+(10*CK116) -> #DIV/0! | BG116: 1 | BL116: -1 | BQ116: =IF(AND(AVERAGE(X116:AL116)<=BG116,AVERAGE(X116:AL116)>=BL116),"PASS","FAIL") -> #DIV/0! | BX116: COC | BY116: 0.00031 | BZ116: mV | CA116: 2 | CB116: =(BY116/CA116)*(1/100) -> 1.55e-06 | CD116: Std. Drift | CE116: 0 | CF116: =P116 -> °C | CG116: =SQRT(3) -> 1.7320508 | CH116: =CE116/CG116 -> 0 | CJ116: Readability | CK116: 0.1 | CL116: =CF116 -> °C | CM116: =SQRT(12) -> 3.4641016 | CN116: =CK116/CM116 -> 0.028867513 | CP116: Std. Dev of Reading | CQ116: =STDEV(X116:AL116) -> #DIV/0! | CR116: =P116 -> °C | CS116: =SQRT(3) -> 1.7320508 | CT116: =CQ116/CS116 -> #DIV/0! | CV116: =SQRT(SUMSQ(CT116,CN116,CH116,CB116)) -> #DIV/0! | CW116: =(CV116^4)/(((CT116^4)/2)+((CN116^4)/200)+((CH116^4)/200)+((CB116^4)/200)) -> #DIV/0! | CX116: =ROUND(TINV(0.05,CW116),0) -> #DIV/0! | CY116: =ROUND((CV116*CX116),3) -> #DIV/0! | CZ116: =P116 -> °C | DB116: 0.4 | DC116: =CZ116 -> °C | DD116: =MAX(DB116,CY116) -> #DIV/0! | DE116: =DC116 -> °C
F117: - | L117: 100 | P117: °C | S117: - | AM117: =AVERAGE(X117:AL117) -> #DIV/0! | AR117: =AM117-L117 -> #DIV/0! | BB117: =ABS(1%*AM117)+(10*CK117) -> #DIV/0! | BG117: 102 | BL117: 98 | BQ117: =IF(AND(AVERAGE(X117:AL117)<=BG117,AVERAGE(X117:AL117)>=BL117),"PASS","FAIL") -> #DIV/0! | BX117: COC | BY117: 0.00077 | BZ117: mV | CA117: 2 | CB117: =(BY117/CA117)*(1/100) -> 3.85e-06 | CD117: Std. Drift | CE117: 0 | CF117: =P117 -> °C | CG117: =SQRT(3) -> 1.7320508 | CH117: =CE117/CG117 -> 0 | CJ117: Readability | CK117: 0.1 | CL117: =CF117 -> °C | CM117: =SQRT(12) -> 3.4641016 | CN117: =CK117/CM117 -> 0.028867513 | CP117: Std. Dev of Reading | CQ117: =STDEV(X117:AL117) -> #DIV/0! | CR117: =P117 -> °C | CS117: =SQRT(3) -> 1.7320508 | CT117: =CQ117/CS117 -> #DIV/0! | CV117: =SQRT(SUMSQ(CT117,CN117,CH117,CB117)) -> #DIV/0! | CW117: =(CV117^4)/(((CT117^4)/2)+((CN117^4)/200)+((CH117^4)/200)+((CB117^4)/200)) -> #DIV/0! | CX117: =ROUND(TINV(0.05,CW117),0) -> #DIV/0! | CY117: =ROUND((CV117*CX117),3) -> #DIV/0! | CZ117: =P117 -> °C | DB117: 0.4 | DC117: =CZ117 -> °C | DD117: =MAX(DB117,CY117) -> #DIV/0! | DE117: =DC117 -> °C
F118: - | L118: 1000 | P118: °C | S118: - | AM118: =AVERAGE(X118:AL118) -> #DIV/0! | AR118: =AM118-L118 -> #DIV/0! | BB118: =ABS(1%*AM118)+(10*CK118) -> #DIV/0! | BG118: 1011 | BL118: 989 | BQ118: =IF(AND(AVERAGE(X118:AL118)<=BG118,AVERAGE(X118:AL118)>=BL118),"PASS","FAIL") -> #DIV/0! | BX118: COC | BY118: 0.00077 | BZ118: mV | CA118: 2 | CB118: =(BY118/CA118)*(10/1000) -> 3.85e-06 | CD118: Std. Drift | CE118: 0 | CF118: =P118 -> °C | CG118: =SQRT(3) -> 1.7320508 | CH118: =CE118/CG118 -> 0 | CJ118: Readability | CK118: 0.1 | CL118: =CF118 -> °C | CM118: =SQRT(12) -> 3.4641016 | CN118: =CK118/CM118 -> 0.028867513 | CP118: Std. Dev of Reading | CQ118: =STDEV(X118:AL118) -> #DIV/0! | CR118: =P118 -> °C | CS118: =SQRT(3) -> 1.7320508 | CT118: =CQ118/CS118 -> #DIV/0! | CV118: =SQRT(SUMSQ(CT118,CN118,CH118,CB118)) -> #DIV/0! | CW118: =(CV118^4)/(((CT118^4)/2)+((CN118^4)/200)+((CH118^4)/200)+((CB118^4)/200)) -> #DIV/0! | CX118: =ROUND(TINV(0.05,CW118),0) -> #DIV/0! | CY118: =ROUND((CV118*CX118),3) -> #DIV/0! | CZ118: =P118 -> °C | DB118: 0.4 | DC118: =CZ118 -> °C | DD118: =MAX(DB118,CY118) -> #DIV/0! | DE118: =DC118 -> °C
F120: Resistance Test | BX120: Standard | CD120: Standard | CJ120: Unit Under Test | CP120: Unit Under Test | CV120: Expanded Uncertainty | DB120: MINIMUM CMC (2024) | DD120: FINAL UNCERTAINTY DECLARATION
F121: Range | L121: Nominal Value | S121: Frequency | X121: Measured Value | AM121: Average | AR121: Error | BB121: Specs Tolerance | BG121: Upper Limit | BL121: Lower Limit | BQ121: Remarks | BX121: Source | BY121: Uncertainty | CA121: Divisor | CB121: Ui | CD121: Source | CE121: Uncertainty | CG121: Divisor | CH121: Ui | CJ121: Source | CK121: Uncertainty | CM121: Divisor | CN121: Ui | CP121: Source | CQ121: Uncertainty | CS121: Divisor | CT121: Ui | CV121: COMBINED STANDARD | CW121: EFFECTIVE DEGREES | CX121: C. FACTOR, k = student's | CY121: EXPANDED UNCERTAINTY,
X122: 1 | AC122: 2 | AH122: 3 | CV122: UNCERTAINTY, Uc | CW122: OF FREEDOM, Veff | CX122: t for Veff and 95 % C.L. | CY122: U @ 95 % C.L. ±
F123: 50 Ω | L123: 0.2 | P123: Ω | S123: - | AM123: =AVERAGE(X123:AL123) -> #DIV/0! | AR123: =AM123-L123 -> #DIV/0! | BB123: =ABS(0.15%*AM123)+(20*CK123) -> #DIV/0! | BG123: 0.22 | BL123: 0.18 | BQ123: =IF(AND(AVERAGE(X123:AL123)<=BG123,AVERAGE(X123:AL123)>=BL123),"PASS","FAIL") -> #DIV/0! | BX123: COC | BY123: 7.1e-05 | BZ123: =P123 -> Ω | CA123: 2 | CB123: =BY123/CA123 -> 3.55e-05 | CD123: Std. Drift | CE123: 0 | CF123: =P123 -> Ω | CG123: =SQRT(3) -> 1.7320508 | CH123: =CE123/CG123 -> 0 | CJ123: Readability | CK123: 0.001 | CL123: =P123 -> Ω | CM123: =SQRT(12) -> 3.4641016 | CN123: =CK123/CM123 -> 0.00028867513 | CP123: Std. Dev of Reading | CQ123: =STDEV(X123:AL123) -> #DIV/0! | CR123: =P123 -> Ω | CS123: =SQRT(3) -> 1.7320508 | CT123: =CQ123/CS123 -> #DIV/0! | CV123: =SQRT(SUMSQ(CT123,CN123,CH123,CB123)) -> #DIV/0! | CW123: =(CV123^4)/(((CT123^4)/2)+((CN123^4)/200)+((CH123^4)/200)+((CB123^4)/200)) -> #DIV/0! | CX123: =ROUND(TINV(0.05,CW123),0) -> #DIV/0! | CY123: =(CV123*CX123) -> #DIV/0! | CZ123: =P123 -> Ω | DB123: 1.7e-06 | DC123: =CZ123 -> Ω | DD123: =MAX(DB123,CY123) -> #DIV/0! | DE123: =DC123 -> Ω
L124: 50 | P124: Ω | S124: - | AM124: =AVERAGE(X124:AL124) -> #DIV/0! | AR124: =AM124-L124 -> #DIV/0! | BB124: =ABS(0.05%*AM124)+(10*CK124) -> #DIV/0! | BG124: 50.095 | BL124: 49.905 | BQ124: =IF(AND(AVERAGE(X124:AL124)<=BG124,AVERAGE(X124:AL124)>=BL124),"PASS","FAIL") -> #DIV/0! | BX124: COC | BY124: 0.00052 | BZ124: =P124 -> Ω | CA124: 2 | CB124: =BY124/CA124 -> 0.00026 | CD124: Std. Drift | CE124: 0 | CF124: =P124 -> Ω | CG124: =SQRT(3) -> 1.7320508 | CH124: =CE124/CG124 -> 0 | CJ124: Readability | CK124: 0.001 | CL124: =P124 -> Ω | CM124: =SQRT(12) -> 3.4641016 | CN124: =CK124/CM124 -> 0.00028867513 | CP124: Std. Dev of Reading | CQ124: =STDEV(X124:AL124) -> #DIV/0! | CR124: =P124 -> Ω | CS124: =SQRT(3) -> 1.7320508 | CT124: =CQ124/CS124 -> #DIV/0! | CV124: =SQRT(SUMSQ(CT124,CN124,CH124,CB124)) -> #DIV/0! | CW124: =(CV124^4)/(((CT124^4)/2)+((CN124^4)/200)+((CH124^4)/200)+((CB124^4)/200)) -> #DIV/0! | CX124: =ROUND(TINV(0.05,CW124),0) -> #DIV/0! | CY124: =(CV124*CX124) -> #DIV/0! | CZ124: =P124 -> Ω | DB124: 0.012 | DC124: =CZ124 -> Ω | DD124: =MAX(DB124,CY124) -> #DIV/0! | DE124: =DC124 -> Ω
...

Sheet Specification
