Workbook
Name DRY: #REF!
Name DRY: #REF!
Name dryx: #REF!
Name WET: #REF!
Name WET: #REF!
Name WET: #REF!

Sheet Cal Certificate
C5: Calibration Certificate
R7: Certificate No.: | V7: =CONCATENATE("25-",DataSheet!L5,DataSheet!N5,DataSheet!O5,DataSheet!AN5," ","Rev.00") -> 25- Rev.00
C9: Customer : | O9: Location of Calibration :
D10: =DataSheet!H23 -> 0 | P10: =IF(DataSheet!AE23="x","SONJU ENGINEERING SERVICES",D10) -> 0
D11: =DataSheet!H25 -> 0 | P11: =DataSheet!AG27 -> Electrical Room
C15: Manufacturer: | H15: =DataSheet!K9 -> Fluke | O15: Description: | T15: =DataSheet!K7 -> Digital Multimeter
C16: Model No: | H16: =DataSheet!K11 -> 114 | O16: Options Installed: | T16: =DataSheet!AL11 -> none
C17: Serial No: | H17: =DataSheet!K13 -> 0 | O17: Customer Asset No: | T17: =DataSheet!AL15 -> 0
C18: Calibration Date: | H18: =DataSheet!AL9 -> 0 | O18: Work Order No.: | T18: =DataSheet!L5 -> 0
C19: Received Date: | H19: =DataSheet!AL7 -> 0 | O19: Customer P.O.: | T19: =DataSheet!AL13 -> none
C20: Temperature: | H20: =IF(DataSheet!AE23="x","23 °C ± 5 °C",CONCATENATE(ROUND(AVERAGE(DataSheet!I37:J38),1)," ","°C")) -> #DIV/0! | O20: Humidity: | T20: =IF(DataSheet!AE23="x","55 %rh ± 15 %rh",CONCATENATE(ROUND(AVERAGE(DataSheet!R37:S38),1)," ","%rh")) -> #DIV/0!
C23: Cal Method / Procedure :
C24: =DataSheet!AB36 -> As per Manufacturer's recommended performance tests procedure for Fluke 114 Digital Multimeter Calibration Information, 1st - rev., September 2006.
C27: This is to certify that the above Measuring and Test Equipment has been calibrated by SONJU Engineering Services in accordance with relevant calibration procedure defined for this instrument.
C30: Uncertainty :
C31: The expanded uncertainty of measurement for the results given in this certificate was estimated with a coverage factor of k = 2 at 95% level of confidence. The uncertainties of measurement were calculated using a budget worksheet based on JCGM 100:2008 Evaluation of measurement data - Guide to the Expression of Uncertainty in Measurement, 1st edition- 2008.
C35: Traceability:
C36: The instrument was calibrated using reference standard/s traceable to SI Units as maintained by NML-ITDI (Philippines) through SONJU Engineering Services (Philippines).
C39: Reference Standard Used:
D41: Description | K41: Serial No. | O41: Cal Report Ref. | V41: Due Date
D43: =DataSheet!B31 -> Multiproduct Calibrator | K43: =DataSheet!Q31 -> 8100021 | O43: =DataSheet!AB31 -> 24-9973-01ALT Rev.00 | V43: =DataSheet!AO31 -> 0
C45: Remarks:
C46: 1. The results are the average of three (3) readings obtained during the time of calibration and refer only to the particular instrument submitted. Should the instrument be modified or damaged in any way, or develop inconsistent readings, the results may not be valid and the unit will require recalibration.
C49: 2. The user should determine the suitability of this instrument for its intended use.
C50: 3. Preliminary Inspection: Satisfactory.
C51: 4. A positive error is to be subtracted to UUT indication and a negative error added to give true value.
C52: 5. As per customer request the next calibration due date is on: | O52: =EDATE(DataSheet!AL9,12) -> 366
E56: =DataSheet!B111 -> 0 | S56: Jennefer S. Ilas
E57: Calibration Officer | S57: Approved Signatory
D59: Issue Date :
D67: Measurement Results:
E69: =DataSheet!F49 -> Resistance Test
E70: Range | I70: Nominal Value | M70: Measured Value | Q70: Error | U70: Uncertainty
E73: =DataSheet!F52 -> 600 Ω | I73: =CONCATENATE(DataSheet!L52," ",DataSheet!P52) -> 0 Ω | M73: =CONCATENATE(TEXT(DataSheet!AM52,"0.0")," ",DataSheet!P52) -> #DIV/0! | Q73: =CONCATENATE(TEXT(DataSheet!AR52,"0.0")," ",DataSheet!P52) -> #DIV/0! | U73: =CONCATENATE(TEXT(DataSheet!DE52,"0.000")," ",DataSheet!DF52) -> #DIV/0!
I74: =CONCATENATE(DataSheet!L53," ",DataSheet!P53) -> 500 Ω | M74: =CONCATENATE(TEXT(DataSheet!AM53,"0.0")," ",DataSheet!P53) -> #DIV/0! | Q74: =CONCATENATE(TEXT(DataSheet!AR53,"0.0")," ",DataSheet!P53) -> #DIV/0! | U74: =CONCATENATE(TEXT(DataSheet!DE53,"0.000")," ",DataSheet!DF53) -> #DIV/0!
E75: =DataSheet!F54 -> 6 kΩ | I75: =CONCATENATE(DataSheet!L54," ",DataSheet!P54) -> 5 kΩ | M75: =CONCATENATE(TEXT(DataSheet!AM54,"0.000")," ",DataSheet!P54) -> #DIV/0! | Q75: =CONCATENATE(TEXT(DataSheet!AR54,"0.000")," ",DataSheet!P54) -> #DIV/0! | U75: =CONCATENATE(TEXT(DataSheet!DE54,"0.000\ 00")," ",DataSheet!DF54) -> #DIV/0!
E76: =DataSheet!F55 -> 60 kΩ | I76: =CONCATENATE(DataSheet!L55," ",DataSheet!P55) -> 50 kΩ | M76: =CONCATENATE(TEXT(DataSheet!AM55,"0.00")," ",DataSheet!P55) -> #DIV/0! | Q76: =CONCATENATE(TEXT(DataSheet!AR55,"0.00")," ",DataSheet!P55) -> #DIV/0! | U76: =CONCATENATE(TEXT(DataSheet!DE55,"0.000\ 0")," ",DataSheet!DF55) -> #DIV/0!
E77: =DataSheet!F56 -> 600 kΩ | I77: =CONCATENATE(DataSheet!L56," ",DataSheet!P56) -> 500 kΩ | M77: =CONCATENATE(TEXT(DataSheet!AM56,"0.0")," ",DataSheet!P56) -> #DIV/0! | Q77: =CONCATENATE(TEXT(DataSheet!AR56,"0.0")," ",DataSheet!P56) -> #DIV/0! | U77: =CONCATENATE(TEXT(DataSheet!DE56,"0.000")," ",DataSheet!DF56) -> #DIV/0!
E78: =DataSheet!F57 -> 6 MΩ | I78: =CONCATENATE(DataSheet!L57," ",DataSheet!P57) -> 5 MΩ | M78: =CONCATENATE(TEXT(DataSheet!AM57,"0.000")," ",DataSheet!P57) -> #DIV/0! | Q78: =CONCATENATE(TEXT(DataSheet!AR57,"0.000")," ",DataSheet!P57) -> #DIV/0! | U78: =CONCATENATE(TEXT(DataSheet!DE57,"0.000\ 00")," ",DataSheet!DF57) -> #DIV/0!
E79: =DataSheet!F58 -> 40 MΩ | I79: =CONCATENATE(DataSheet!L58," ",DataSheet!P58) -> 10 MΩ | M79: =CONCATENATE(TEXT(DataSheet!AM58,"0.00")," ",DataSheet!P58) -> #DIV/0! | Q79: =CONCATENATE(TEXT(DataSheet!AR58,"0.00")," ",DataSheet!P58) -> #DIV/0! | U79: =CONCATENATE(TEXT(DataSheet!DE58,"0.000\ 0")," ",DataSheet!DF58) -> #DIV/0!
I80: =CONCATENATE(DataSheet!L59," ",DataSheet!P59) -> 30 MΩ | M80: =CONCATENATE(TEXT(DataSheet!AM59,"0.00")," ",DataSheet!P59) -> #DIV/0! | Q80: =CONCATENATE(TEXT(DataSheet!AR59,"0.00")," ",DataSheet!P59) -> #DIV/0! | U80: =CONCATENATE(TEXT(DataSheet!DE59,"0.000\ 0")," ",DataSheet!DF59) -> #DIV/0!
E82: =DataSheet!F61 -> Continuity Test
E83: Range | I83: Nominal Value | M83: UUT Indication | U83: Remarks
M85: Expected | Q85: Actual
E86: =DataSheet!F64 -> 600 Ω | I86: =CONCATENATE(DataSheet!L64," ",DataSheet!P64) -> 25 Ω | M86: =DataSheet!AA64 -> Beep On | Q86: =DataSheet!S64 -> Beep On | U86: =DataSheet!AI64 -> PASS
I87: =CONCATENATE(DataSheet!L65," ",DataSheet!P65) -> 250 Ω | M87: =DataSheet!AA65 -> Beep Off | Q87: =DataSheet!S65 -> Beep Off | U87: =DataSheet!AI65 -> PASS
E89: =DataSheet!F67 -> AC Voltage Test
E90: Range | I90: Nominal Value | M90: Measured Value | Q90: Error | U90: Uncertainty
E93: =DataSheet!F70 -> 6 V | I93: =CONCATENATE(DataSheet!L70," ",DataSheet!P70," / ",DataSheet!S70) -> 5 V / 45 Hz | M93: =CONCATENATE(DataSheet!AH70," ",DataSheet!P70) -> V | Q93: =CONCATENATE(TEXT(DataSheet!AR70,"0.000")," ",DataSheet!P70) -> #DIV/0! | U93: =CONCATENATE(TEXT(DataSheet!DE70,"0.000\ 0")," ",DataSheet!DF70) -> #DIV/0!
I94: =CONCATENATE(DataSheet!L71," ",DataSheet!P71," / ",DataSheet!S71) -> 5 V / 1 kHz | M94: =CONCATENATE(DataSheet!AH71," ",DataSheet!P71) -> V | Q94: =CONCATENATE(TEXT(DataSheet!AR71,"0.000")," ",DataSheet!P71) -> #DIV/0! | U94: =CONCATENATE(TEXT(DataSheet!DE71,"0.000\ 0")," ",DataSheet!DF71) -> #DIV/0!
E95: =DataSheet!F72 -> 60 V | I95: =CONCATENATE(DataSheet!L72," ",DataSheet!P72," / ",DataSheet!S72) -> 50 V / 45 Hz | M95: =CONCATENATE(DataSheet!AH72," ",DataSheet!P72) -> V | Q95: =CONCATENATE(TEXT(DataSheet!AR72,"0.00")," ",DataSheet!P72) -> #DIV/0! | U95: =CONCATENATE(TEXT(DataSheet!DE72,"0.000")," ",DataSheet!DF72) -> #DIV/0!
I96: =CONCATENATE(DataSheet!L73," ",DataSheet!P73," / ",DataSheet!S73) -> 50 V / 1 kHz | M96: =CONCATENATE(DataSheet!AH73," ",DataSheet!P73) -> V | Q96: =CONCATENATE(TEXT(DataSheet!AR73,"0.00")," ",DataSheet!P73) -> #DIV/0! | U96: =CONCATENATE(TEXT(DataSheet!DE73,"0.000")," ",DataSheet!DF73) -> #DIV/0!
E97: =DataSheet!F74 -> 600 V | I97: =CONCATENATE(DataSheet!L74," ",DataSheet!P74," / ",DataSheet!S74) -> 600 V / 45 Hz | M97: =CONCATENATE(DataSheet!AH74," ",DataSheet!P74) -> V | Q97: =CONCATENATE(TEXT(DataSheet!AR74,"0.0")," ",DataSheet!P74) -> #DIV/0! | U97: =CONCATENATE(TEXT(DataSheet!DE74,"0.000")," ",DataSheet!DF74) -> #DIV/0!
I98: =CONCATENATE(DataSheet!L75," ",DataSheet!P75," / ",DataSheet!S75) -> 600 V / 1 kHz | M98: =CONCATENATE(DataSheet!AH75," ",DataSheet!P75) -> V | Q98: =CONCATENATE(TEXT(DataSheet!AR75,"0.0")," ",DataSheet!P75) -> #DIV/0! | U98: =CONCATENATE(TEXT(DataSheet!DE75,"0.000")," ",DataSheet!DF75) -> #DIV/0!
E100: =DataSheet!F78 -> DC Voltage Test
E101: Range | I101: Nominal Value | M101: Measured Value | Q101: Error | U101: Uncertainty
E104: =DataSheet!F81 -> 6 V | I104: =CONCATENATE(DataSheet!L81," ",DataSheet!P81) -> 0 V | M104: =CONCATENATE(TEXT(DataSheet!AM81,"0.000")," ",DataSheet!P81) -> #DIV/0! | Q104: =CONCATENATE(TEXT(DataSheet!AR81,"0.000")," ",DataSheet!P81) -> #DIV/0! | U104: =CONCATENATE(TEXT(DataSheet!DE81,"0.000\ 00")," ",DataSheet!DF81) -> #DIV/0!
I105: =CONCATENATE(DataSheet!L82," ",DataSheet!P82) -> 5 V | M105: =CONCATENATE(TEXT(DataSheet!AM82,"0.000")," ",DataSheet!P82) -> #DIV/0! | Q105: =CONCATENATE(TEXT(DataSheet!AR82,"0.000")," ",DataSheet!P82) -> #DIV/0! | U105: =CONCATENATE(TEXT(DataSheet!DE82,"0.000\ 00")," ",DataSheet!DF82) -> #DIV/0!
E106: =DataSheet!F83 -> 60 V | I106: =CONCATENATE(DataSheet!L83," ",DataSheet!P83) -> 50 V | M106: =CONCATENATE(TEXT(DataSheet!AM83,"0.00")," ",DataSheet!P83) -> #DIV/0! | Q106: =CONCATENATE(TEXT(DataSheet!AR83,"0.00")," ",DataSheet!P83) -> #DIV/0! | U106: =CONCATENATE(TEXT(DataSheet!DE83,"0.000\ 0")," ",DataSheet!DF83) -> #DIV/0!
E107: =DataSheet!F84 -> 600 V | I107: =CONCATENATE(DataSheet!L84," ",DataSheet!P84) -> 600 V | M107: =CONCATENATE(TEXT(DataSheet!AM84,"0.0")," ",DataSheet!P84) -> #DIV/0! | Q107: =CONCATENATE(TEXT(DataSheet!AR84,"0.0")," ",DataSheet!P84) -> #DIV/0! | U107: =CONCATENATE(TEXT(DataSheet!DE84,"0.000")," ",DataSheet!DF84) -> #DIV/0!
I108: =CONCATENATE(DataSheet!L85," ",DataSheet!P85) -> -600 V | M108: =CONCATENATE(TEXT(DataSheet!AM85,"0.0")," ",DataSheet!P85) -> #DIV/0! | Q108: =CONCATENATE(TEXT(DataSheet!AR85,"0.0")," ",DataSheet!P85) -> #DIV/0! | U108: =CONCATENATE(TEXT(DataSheet!DE85,"0.000")," ",DataSheet!DF85) -> #DIV/0!
C111: =DataSheet!B111 -> 0
C112: Calibration Officer
D121: Measurement Results:
E123: =DataSheet!F87 -> AC milli Volt Test
E124: Range | I124: Nominal Value | M124: Measured Value | Q124: Error | U124: Uncertainty
E127: =DataSheet!F90 -> 600 mV | I127: =CONCATENATE(DataSheet!L90," ",DataSheet!P90," / ",DataSheet!S90) -> 6 mV / 45 Hz | M127: =CONCATENATE(TEXT(DataSheet!AM90,"0.0")," ",DataSheet!P90) -> 6.0 mV | Q127: =CONCATENATE(TEXT(DataSheet!AR90,"0.0")," ",DataSheet!P90) -> 0.0 mV | U127: =CONCATENATE(TEXT(DataSheet!DE90,"0.000")," ",DataSheet!DF90) -> 0.058 mV
I128: =CONCATENATE(DataSheet!L91," ",DataSheet!P91," / ",DataSheet!S91) -> 600 mV / 1 kHz | M128: =CONCATENATE(DataSheet!AM91," ",DataSheet!P91) -> 600 mV | Q128: =CONCATENATE(TEXT(DataSheet!AR91,"0.0")," ",DataSheet!P91) -> 0.0 mV | U128: =CONCATENATE(TEXT(DataSheet!DE91,"0.00")," ",DataSheet!DF91) -> 0.91 mV
E130: =DataSheet!F93 -> DC milli Volt Test
E131: Range | I131: Nominal Value | M131: Measured Value | Q131: Error | U131: Uncertainty
E134: =DataSheet!F96 -> 600 mV | I134: =CONCATENATE(DataSheet!L96," ",DataSheet!P96) -> 10 mV | M134: =CONCATENATE(TEXT(DataSheet!AM96,"0.0")," ",DataSheet!P96) -> #DIV/0! | Q134: =CONCATENATE(TEXT(DataSheet!AR96,"0.0")," ",DataSheet!P96) -> #DIV/0! | U134: =CONCATENATE(TEXT(DataSheet!DE96,"0.000")," ",DataSheet!DF96) -> #DIV/0!
I135: =CONCATENATE(DataSheet!L97," ",DataSheet!P97) -> 600 mV | M135: =CONCATENATE(DataSheet!AM97," ",DataSheet!P97) -> #DIV/0! | Q135: =CONCATENATE(TEXT(DataSheet!AR97,"0.0")," ",DataSheet!P97) -> #DIV/0! | U135: =CONCATENATE(TEXT(DataSheet!DE97,"0.000")," ",DataSheet!DF97) -> #DIV/0!
E137: =DataSheet!F99 -> Auto Volt LoZ Test
E138: Range | I138: Nominal Value | M138: Measured Value | Q138: Error | U138: Uncertainty
E141: 500 V | I141: =CONCATENATE(DataSheet!L102," ",DataSheet!P102," / ",DataSheet!S102) -> 0.5 V / 45 Hz | M141: =CONCATENATE(TEXT(DataSheet!AM102,"0.0")," ",DataSheet!P102) -> #DIV/0! | Q141: =CONCATENATE(TEXT(DataSheet!AR102,"0.0")," ",DataSheet!P102) -> #DIV/0! | U141: =CONCATENATE(TEXT(DataSheet!DE102,"0.000")," ",DataSheet!DF102) -> #DIV/0!
I142: =CONCATENATE(DataSheet!L103," ",DataSheet!P103," / ",DataSheet!S103) -> 0.5 V / 0 Hz | M142: =CONCATENATE(TEXT(DataSheet!AM103,"0.0")," ",DataSheet!P103) -> #DIV/0! | Q142: =CONCATENATE(TEXT(DataSheet!AR103,"0.0")," ",DataSheet!P103) -> #DIV/0! | U142: =CONCATENATE(TEXT(DataSheet!DE103,"0.000")," ",DataSheet!DF103) -> #DIV/0!
I143: =CONCATENATE(DataSheet!L104," ",DataSheet!P104," / ",DataSheet!S104) -> 500 V / 500 Hz | M143: =CONCATENATE(TEXT(DataSheet!AM104,"0.0")," ",DataSheet!P104) -> #DIV/0! | Q143: =CONCATENATE(TEXT(DataSheet!AR104,"0.0")," ",DataSheet!P104) -> #DIV/0! | U143: =CONCATENATE(TEXT(DataSheet!DE104,"0.000")," ",DataSheet!DF104) -> #DIV/0!
C164: =DataSheet!B111 -> 0
C165: Calibration Officer

Sheet DataSheet
B3: CALIBRATION DATASHEET
F5: Work Order No.: | AI5: Technical ID:
B6: Unit Under Calibration
B7: Description | J7: : | K7: Digital Multimeter | AB7: Received Date | AK7: :
B9: Manufacturer | J9: : | K9: Fluke | AB9: Calibration Date | AK9: :
B11: Model | J11: : | K11: 114 | AB11: Options Installed | AK11: : | AL11: none
B13: Serial Number | J13: : | AB13: Customer P.O. | AK13: : | AL13: none
B15: Range | J15: : | K15: See specification sheet | AB15: Asset Number | AK15: :
B17: Res/Readability | J17: : | K17: 3 1/2 digits | AB17: Accuracy | AK17: : | AL17: See specification sheet
B19: Prev. SES Cal Cert: | J19: : | AB19: Previous Technician | AK19: :
B22: Customer Details | AB22: Calibration Location
B23: Company | G23: : | AG23: In-House (SONJU Laboratory)
B25: Address | G25: : | AE25: x | AG25: On-Site Calibration (Please Specify)
AG27: Electrical Room
B29: Reference Standard/s Used
B30: Description | Q30: Serial No. | AB30: Cal Report Ref. | AO30: Due Date
B31: Multiproduct Calibrator | Q31: 8100021 | AB31: 24-9973-01ALT Rev.00
B32: Accessory Used
B33: Description | Q33: Serial No. | AB33: Cal Report Ref. | AO33: Due Date
B34: - | Q34: - | AB34: - | AO34: -
B35: Environmental Condition | AB35: Calibration Method
F36: Temperature | O36: Relative Humidity | AB36: As per Manufacturer's recommended performance tests procedure for Fluke 114 Digital Multimeter Calibration Information, 1st - rev., September 2006.
H37: Start: | K37: oC | Q37: Start: | T37: %rh
H38: End: | K38: oC | Q38: End: | T38: %rh
B40: Observations
C41: none | AU41: Adjustment
AU42: Needed?
AX43: YES
AW44: x | AX44: NO
B46: Measurement Results
F49: Resistance Test | BX49: Standard | CD49: Standard | CJ49: Unit Under Test | CP49: Unit Under Test | CV49: Expanded Uncertainty | DB49: Minimum Approved CMC | DE49: Final Declaration of Uncertainty
F50: Range | L50: Nominal Value | S50: Frequency | X50: Measured Value | AM50: Average | AR50: Error | BB50: Tolerance | BG50: Upper Limit | BL50: Lower Limit | BQ50: Remarks | BX50: Source | BY50: Uncertainty | CA50: Divisor | CB50: Ui | CD50: Source | CE50: Uncertainty | CG50: Divisor | CH50: Ui | CJ50: Source | CK50: Uncertainty | CM50: Divisor | CN50: Ui | CP50: Source | CQ50: Uncertainty | CS50: Divisor | CT50: Ui | CV50: COMBINED STANDARD | CW50: EFFECTIVE DEGREES | CX50: C. FACTOR, k = student's | CY50: EXPANDED UNCERTAINTY,
X51: 1 | AC51: 2 | AH51: 3 | CV51: UNCERTAINTY, Uc | CW51: OF FREEDOM, Veff | CX51: t for Veff and 95 % C.L. | CY51: U @ 95 % C.L. ±
F52: 600 Ω | L52: 0 | P52: Ω | S52: - | AM52: =ROUND(AVERAGE(X52:AL52),1) -> #DIV/0! | AR52: =AM52-L52 -> #DIV/0! | BB52: =ROUND((BG52-L52),1) -> 0.2 | BG52: 0.2 | BL52: 0 | BQ52: =IF(AND(AM52<=BG52,AM52>=BL52),"PASS","FAIL") -> #DIV/0! | BX52: COC | BY52: 7.7e-05 | BZ52: =P52 -> Ω | CA52: 2 | CB52: =BY52/CA52 -> 3.85e-05 | CD52: Annual Drift | CE52: 0 | CF52: =BZ52 -> Ω | CG52: =SQRT(3) -> 1.7320508 | CH52: =CE52/CG52 -> 0 | CJ52: Readability | CK52: 0.1 | CL52: =P52 -> Ω | CM52: =SQRT(12) -> 3.4641016 | CN52: =CK52/CM52 -> 0.028867513 | CP52: Repeatability | CQ52: =_xlfn.STDEV.P(X52:AL52) -> #DIV/0! | CR52: =P52 -> Ω | CS52: =SQRT(3) -> 1.7320508 | CT52: =CQ52/CS52 -> #DIV/0! | CV52: =SQRT(SUMSQ(CT52,CN52,CH52,CB52)) -> #DIV/0! | CW52: =(CV52^4)/(((CT52^4)/2)+((CN52^4)/200)+((CH52^4)/200)+((CB52^4)/200)) -> #DIV/0! | CX52: =ROUND(TINV(0.05,CW52),0) -> #DIV/0! | CY52: =ROUND((CV52*CX52),3) -> #DIV/0! | CZ52: =P52 -> Ω | DB52: 0.0078 | DC52: =CZ52 -> Ω | DE52: =MAX(CY52:DB52) -> #DIV/0! | DF52: =CZ52 -> Ω
F53: 600 Ω | L53: 500 | P53: Ω | S53: - | AM53: =ROUND(AVERAGE(X53:AL53),1) -> #DIV/0! | AR53: =AM53-L53 -> #DIV/0! | BB53: =ROUND((BG53-L53),1) -> 4.7 | BG53: 504.7 | BL53: 495.3 | BQ53: =IF(AND(AM53<=BG53,AM53>=BL53),"PASS","FAIL") -> #DIV/0! | BX53: COC | BY53: 0.003 | BZ53: =P53 -> Ω | CA53: 2 | CB53: =BY53/CA53 -> 0.0015 | CD53: Annual Drift | CE53: 0 | CF53: =BZ53 -> Ω | CG53: =SQRT(3) -> 1.7320508 | CH53: =CE53/CG53 -> 0 | CJ53: Readability | CK53: 0.1 | CL53: =P53 -> Ω | CM53: =SQRT(12) -> 3.4641016 | CN53: =CK53/CM53 -> 0.028867513 | CP53: Repeatability | CQ53: =_xlfn.STDEV.P(X53:AL53) -> #DIV/0! | CR53: =P53 -> Ω | CS53: =SQRT(3) -> 1.7320508 | CT53: =CQ53/CS53 -> #DIV/0! | CV53: =SQRT(SUMSQ(CT53,CN53,CH53,CB53)) -> #DIV/0! | CW53: =(CV53^4)/(((CT53^4)/2)+((CN53^4)/200)+((CH53^4)/200)+((CB53^4)/200)) -> #DIV/0! | CX53: =ROUND(TINV(0.05,CW53),0) -> #DIV/0! | CY53: =ROUND((CV53*CX53),5) -> #DIV/0! | CZ53: =P53 -> Ω | DB53: 0.023 | DC53: =CZ53 -> Ω | DE53: =MAX(CY53:DB53) -> #DIV/0! | DF53: =CZ53 -> Ω
F54: 6 kΩ | L54: 5 | P54: kΩ | S54: - | AM54: =ROUND(AVERAGE(X54:AL54),3) -> #DIV/0! | AR54: =AM54-L54 -> #DIV/0! | BB54: =ROUND((BG54-L54),3) -> 0.046 | BG54: 5.046 | BL54: 4.954 | BQ54: =IF(AND(AM54<=BG54,AM54>=BL54),"PASS","FAIL") -> #DIV/0! | BX54: COC | BY54: 5.5e-05 | BZ54: =P54 -> kΩ | CA54: 2 | CB54: =BY54/CA54 -> 2.75e-05 | CD54: Annual Drift | CE54: 0 | CF54: =BZ54 -> kΩ | CG54: =SQRT(3) -> 1.7320508 | CH54: =CE54/CG54 -> 0 | CJ54: Readability | CK54: 0.001 | CL54: =P54 -> kΩ | CM54: =SQRT(12) -> 3.4641016 | CN54: =CK54/CM54 -> 0.00028867513 | CP54: Repeatability | CQ54: =_xlfn.STDEV.P(X54:AL54) -> #DIV/0! | CR54: =P54 -> kΩ | CS54: =SQRT(3) -> 1.7320508 | CT54: =CQ54/CS54 -> #DIV/0! | CV54: =SQRT(SUMSQ(CT54,CN54,CH54,CB54)) -> #DIV/0! | CW54: =(CV54^4)/(((CT54^4)/2)+((CN54^4)/200)+((CH54^4)/200)+((CB54^4)/200)) -> #DIV/0! | CX54: =ROUND(TINV(0.05,CW54),0) -> #DIV/0! | CY54: =ROUND((CV54*CX54),5) -> #DIV/0! | CZ54: =P54 -> kΩ | DB54: 0.00023 | DC54: =CZ54 -> kΩ | DE54: =MAX(CY54:DB54) -> #DIV/0! | DF54: =CZ54 -> kΩ
F55: 60 kΩ | L55: 50 | P55: kΩ | S55: - | AM55: =ROUND(AVERAGE(X55:AL55),2) -> #DIV/0! | AR55: =AM55-L55 -> #DIV/0! | BB55: =ROUND((BG55-L55),2) -> 0.46 | BG55: 50.46 | BL55: 49.54 | BQ55: =IF(AND(AM55<=BG55,AM55>=BL55),"PASS","FAIL") -> #DIV/0! | BX55: COC | BY55: 0.00081 | BZ55: =P55 -> kΩ | CA55: 2 | CB55: =BY55/CA55 -> 0.000405 | CD55: Annual Drift | CE55: 0 | CF55: =BZ55 -> kΩ | CG55: =SQRT(3) -> 1.7320508 | CH55: =CE55/CG55 -> 0 | CJ55: Readability | CK55: 0.01 | CL55: =P55 -> kΩ | CM55: =SQRT(12) -> 3.4641016 | CN55: =CK55/CM55 -> 0.0028867513 | CP55: Repeatability | CQ55: =_xlfn.STDEV.P(X55:AL55) -> #DIV/0! | CR55: =P55 -> kΩ | CS55: =SQRT(3) -> 1.7320508 | CT55: =CQ55/CS55 -> #DIV/0! | CV55: =SQRT(SUMSQ(CT55,CN55,CH55,CB55)) -> #DIV/0! | CW55: =(CV55^4)/(((CT55^4)/2)+((CN55^4)/200)+((CH55^4)/200)+((CB55^4)/200)) -> #DIV/0! | CX55: =ROUND(TINV(0.05,CW55),0) -> #DIV/0! | CY55: =ROUND((CV55*CX55),4) -> #DIV/0! | CZ55: =P55 -> kΩ | DB55: 0.0015 | DC55: =CZ55 -> kΩ | DE55: =MAX(CY55:DB55) -> #DIV/0! | DF55: =CZ55 -> kΩ
F56: 600 kΩ | L56: 500 | P56: kΩ | S56: - | AM56: =ROUND(AVERAGE(X56:AL56),1) -> #DIV/0! | AR56: =AM56-L56 -> #DIV/0! | BB56: =ROUND((BG56-L56),1) -> 4.6 | BG56: 504.6 | BL56: 495.4 | BQ56: =IF(AND(AM56<=BG56,AM56>=BL56),"PASS","FAIL") -> #DIV/0! | BX56: COC | BY56: 0.0066 | BZ56: =P56 -> kΩ | CA56: 2 | CB56: =BY56/CA56 -> 0.0033 | CD56: Annual Drift | CE56: 0 | CF56: =BZ56 -> kΩ | CG56: =SQRT(3) -> 1.7320508 | CH56: =CE56/CG56 -> 0 | CJ56: Readability | CK56: 0.1 | CL56: =P56 -> kΩ | CM56: =SQRT(12) -> 3.4641016 | CN56: =CK56/CM56 -> 0.028867513 | CP56: Repeatability | CQ56: =_xlfn.STDEV.P(X56:AL56) -> #DIV/0! | CR56: =P56 -> kΩ | CS56: =SQRT(3) -> 1.7320508 | CT56: =CQ56/CS56 -> #DIV/0! | CV56: =SQRT(SUMSQ(CT56,CN56,CH56,CB56)) -> #DIV/0! | CW56: =(CV56^4)/(((CT56^4)/2)+((CN56^4)/200)+((CH56^4)/200)+((CB56^4)/200)) -> #DIV/0! | CX56: =ROUND(TINV(0.05,CW56),0) -> #DIV/0! | CY56: =ROUND((CV56*CX56),4) -> #DIV/0! | CZ56: =P56 -> kΩ | DB56: 0.016 | DC56: =CZ56 -> kΩ | DE56: =MAX(CY56:DB56) -> #DIV/0! | DF56: =CZ56 -> kΩ
F57: 6 MΩ | L57: 5 | P57: MΩ | S57: - | AM57: =ROUND(AVERAGE(X57:AL57),3) -> #DIV/0! | AR57: =AM57-L57 -> #DIV/0! | BB57: =ROUND((BG57-L57),3) -> 0.046 | BG57: 5.046 | BL57: 4.954 | BQ57: =IF(AND(AM57<=BG57,AM57>=BL57),"PASS","FAIL") -> #DIV/0! | BX57: COC | BY57: 0.00048 | BZ57: =P57 -> MΩ | CA57: 2 | CB57: =BY57/CA57 -> 0.00024 | CD57: Annual Drift | CE57: 0 | CF57: =BZ57 -> MΩ | CG57: =SQRT(3) -> 1.7320508 | CH57: =CE57/CG57 -> 0 | CJ57: Readability | CK57: 0.001 | CL57: =P57 -> MΩ | CM57: =SQRT(12) -> 3.4641016 | CN57: =CK57/CM57 -> 0.00028867513 | CP57: Repeatability | CQ57: =_xlfn.STDEV.P(X57:AL57) -> #DIV/0! | CR57: =P57 -> MΩ | CS57: =SQRT(3) -> 1.7320508 | CT57: =CQ57/CS57 -> #DIV/0! | CV57: =SQRT(SUMSQ(CT57,CN57,CH57,CB57)) -> #DIV/0! | CW57: =(CV57^4)/(((CT57^4)/2)+((CN57^4)/200)+((CH57^4)/200)+((CB57^4)/200)) -> #DIV/0! | CX57: =ROUND(TINV(0.05,CW57),0) -> #DIV/0! | CY57: =ROUND((CV57*CX57),4) -> #DIV/0! | CZ57: =P57 -> MΩ | DB57: 0.00053 | DC57: =CZ57 -> MΩ | DE57: =MAX(CY57:DB57) -> #DIV/0! | DF57: =CZ57 -> MΩ
F58: 40 MΩ | L58: 10 | P58: MΩ | S58: - | AM58: =ROUND(AVERAGE(X58:AL58),2) -> #DIV/0! | AR58: =AM58-L58 -> #DIV/0! | BB58: =ROUND((BG58-L58),2) -> 0.52 | BG58: 10.52 | BL58: 9.48 | BQ58: =IF(AND(AM58<=BG58,AM58>=BL58),"PASS","FAIL") -> #DIV/0! | BX58: COC | BY58: 0.00048 | BZ58: =P58 -> MΩ | CA58: 2 | CB58: =BY58/CA58 -> 0.00024 | CD58: Annual Drift | CE58: 0 | CF58: =BZ58 -> MΩ | CG58: =SQRT(3) -> 1.7320508 | CH58: =CE58/CG58 -> 0 | CJ58: Readability | CK58: 0.01 | CL58: =P58 -> MΩ | CM58: =SQRT(12) -> 3.4641016 | CN58: =CK58/CM58 -> 0.0028867513 | CP58: Repeatability | CQ58: =_xlfn.STDEV.P(X58:AL58) -> #DIV/0! | CR58: =P58 -> MΩ | CS58: =SQRT(3) -> 1.7320508 | CT58: =CQ58/CS58 -> #DIV/0! | CV58: =SQRT(SUMSQ(CT58,CN58,CH58,CB58)) -> #DIV/0! | CW58: =(CV58^4)/(((CT58^4)/2)+((CN58^4)/200)+((CH58^4)/200)+((CB58^4)/200)) -> #DIV/0! | CX58: =ROUND(TINV(0.05,CW58),0) -> #DIV/0! | CY58: =ROUND((CV58*CX58),4) -> #DIV/0! | CZ58: =P58 -> MΩ | DB58: 0.00053 | DC58: =CZ58 -> MΩ | DE58: =MAX(CY58:DB58) -> #DIV/0! | DF58: =CZ58 -> MΩ
L59: 30 | P59: MΩ | S59: - | AM59: =ROUND(AVERAGE(X59:AL59),2) -> #DIV/0! | AR59: =AM59-L59 -> #DIV/0! | BB59: =ROUND((BG59-L59),2) -> 0.52 | BG59: 30.52 | BL59: 29.48 | BQ59: =IF(AND(AM59<=BG59,AM59>=BL59),"PASS","FAIL") -> #DIV/0! | BX59: COC | BY59: 0.0014 | BZ59: =P59 -> MΩ | CA59: 2 | CB59: =BY59/CA59 -> 0.0007 | CD59: Annual Drift | CE59: 0 | CF59: =BZ59 -> MΩ | CG59: =SQRT(3) -> 1.7320508 | CH59: =CE59/CG59 -> 0 | CJ59: Readability | CK59: 0.01 | CL59: =P59 -> MΩ | CM59: =SQRT(12) -> 3.4641016 | CN59: =CK59/CM59 -> 0.0028867513 | CP59: Repeatability | CQ59: =_xlfn.STDEV.P(X59:AL59) -> #DIV/0! | CR59: =P59 -> MΩ | CS59: =SQRT(3) -> 1.7320508 | CT59: =CQ59/CS59 -> #DIV/0! | CV59: =SQRT(SUMSQ(CT59,CN59,CH59,CB59)) -> #DIV/0! | CW59: =(CV59^4)/(((CT59^4)/2)+((CN59^4)/200)+((CH59^4)/200)+((CB59^4)/200)) -> #DIV/0! | CX59: =ROUND(TINV(0.05,CW59),0) -> #DIV/0! | CY59: =ROUND((CV59*CX59),4) -> #DIV/0! | CZ59: =P59 -> MΩ | DB59: 0.0041 | DC59: =CZ59 -> MΩ | DE59: =MAX(CY59:DB59) -> #DIV/0! | DF59: =CZ59 -> MΩ
F61: Continuity Test
F62: Range | L62: Applied Value | S62: UUT Response | AI62: Remarks | BB62: Tolerance
S63: Expected | AA63: Actual
F64: 600 Ω | L64: 25 | P64: Ω | S64: Beep On | AA64: Beep On | AI64: =IF(AA64=S64,"PASS","FAIL") -> PASS | BB64: Beeper On
F65: 600 Ω | L65: 250 | P65: Ω | S65: Beep Off | AA65: Beep Off | AI65: =IF(AA65=S65,"PASS","FAIL") -> PASS | BB65: Beeper Off
F67: AC Voltage Test | BX67: Standard | CD67: Standard | CJ67: Unit Under Test | CP67: Unit Under Test | CV67: Expanded Uncertainty | DB67: Minimum Approved CMC | DE67: Final Declaration of Uncertainty
F68: Range | L68: Nominal Value | S68: Frequency | X68: Measured Value | AM68: Average | AR68: Error | BB68: Tolerance | BG68: Upper Limit | BL68: Lower Limit | BQ68: Remarks | BX68: Source | BY68: Uncertainty | CA68: Divisor | CB68: Ui | CD68: Source | CE68: Uncertainty | CG68: Divisor | CH68: Ui | CJ68: Source | CK68: Uncertainty | CM68: Divisor | CN68: Ui | CP68: Source | CQ68: Uncertainty | CS68: Divisor | CT68: Ui | CV68: COMBINED STANDARD | CW68: EFFECTIVE DEGREES | CX68: C. FACTOR, k = student's | CY68: EXPANDED UNCERTAINTY,
X69: 1 | AC69: 2 | AH69: 3 | CV69: UNCERTAINTY, Uc | CW69: OF FREEDOM, Veff | CX69: t for Veff and 95 % C.L. | CY69: U @ 95 % C.L. ±
F70: 6 V | L70: 5 | P70: V | S70: 45 Hz | AM70: =ROUND(AVERAGE(X70:AL70),3) -> #DIV/0! | AR70: =AM70-L70 -> #DIV/0! | BB70: =ROUND((BG70-L70),3) -> 0.053 | BG70: 5.053 | BL70: 4.947 | BQ70: =IF(AND(AM70<=BG70,AM70>=BL70),"PASS","FAIL") -> #DIV/0! | BX70: COC | BY70: 0.0073 | BZ70: =P70 -> V | CA70: 2 | CB70: =BY70/CA70 -> 0.00365 | CD70: Annual Drift | CE70: 0 | CF70: =BZ70 -> V | CG70: =SQRT(3) -> 1.7320508 | CH70: =CE70/CG70 -> 0 | CJ70: Readability | CK70: 0.001 | CL70: =P70 -> V | CM70: =SQRT(12) -> 3.4641016 | CN70: =CK70/CM70 -> 0.00028867513 | CP70: Repeatability | CQ70: =_xlfn.STDEV.P(X70:AL70) -> #DIV/0! | CR70: =P70 -> V | CS70: =SQRT(3) -> 1.7320508 | CT70: =CQ70/CS70 -> #DIV/0! | CV70: =SQRT(SUMSQ(CT70,CN70,CH70,CB70)) -> #DIV/0! | CW70: =(CV70^4)/(((CT70^4)/2)+((CN70^4)/200)+((CH70^4)/200)+((CB70^4)/200)) -> #DIV/0! | CX70: =ROUND(TINV(0.05,CW70),0) -> #DIV/0! | CY70: =ROUND((CV70*CX70),4) -> #DIV/0! | CZ70: =P70 -> V | DB70: 8.5e-05 | DC70: =CZ70 -> V | DE70: =MAX(CY70:DB70) -> #DIV/0! | DF70: =CZ70 -> V
F71: 6 V | L71: 5 | P71: V | S71: 1 kHz | AM71: =ROUND(AVERAGE(X71:AL71),3) -> #DIV/0! | AR71: =AM71-L71 -> #DIV/0! | BB71: =ROUND((BG71-L71),3) -> 0.103 | BG71: 5.103 | BL71: 4.897 | BQ71: =IF(AND(AM71<=BG71,AM71>=BL71),"PASS","FAIL") -> #DIV/0! | BX71: COC | BY71: 0.0073 | BZ71: =P71 -> V | CA71: 2 | CB71: =BY71/CA71 -> 0.00365 | CD71: Annual Drift | CE71: 0 | CF71: =BZ71 -> V | CG71: =SQRT(3) -> 1.7320508 | CH71: =CE71/CG71 -> 0 | CJ71: Readability | CK71: 0.001 | CL71: =P71 -> V | CM71: =SQRT(12) -> 3.4641016 | CN71: =CK71/CM71 -> 0.00028867513 | CP71: Repeatability | CQ71: =_xlfn.STDEV.P(X71:AL71) -> #DIV/0! | CR71: =P71 -> V | CS71: =SQRT(3) -> 1.7320508 | CT71: =CQ71/CS71 -> #DIV/0! | CV71: =SQRT(SUMSQ(CT71,CN71,CH71,CB71)) -> #DIV/0! | CW71: =(CV71^4)/(((CT71^4)/2)+((CN71^4)/200)+((CH71^4)/200)+((CB71^4)/200)) -> #DIV/0! | CX71: =ROUND(TINV(0.05,CW71),0) -> #DIV/0! | CY71: =ROUND((CV71*CX71),4) -> #DIV/0! | CZ71: =P71 -> V | DB71: 8.5e-05 | DC71: =CZ71 -> V | DE71: =IF(CY71<DB71,DB71,CY71) -> #DIV/0! | DF71: =CZ71 -> V
F72: 60 V | L72: 50 | P72: V | S72: 45 Hz | AM72: =ROUND(AVERAGE(X72:AL72),2) -> #DIV/0! | AR72: =AM72-L72 -> #DIV/0! | BB72: =ROUND((BG72-L72),2) -> 0.53 | BG72: 50.53 | BL72: 49.47 | BQ72: =IF(AND(AM72<=BG72,AM72>=BL72),"PASS","FAIL") -> #DIV/0! | BX72: COC | BY72: 0.071 | BZ72: =P72 -> V | CA72: 2 | CB72: =BY72/CA72 -> 0.0355 | CD72: Annual Drift | CE72: 0 | CF72: =BZ72 -> V | CG72: =SQRT(3) -> 1.7320508 | CH72: =CE72/CG72 -> 0 | CJ72: Readability | CK72: 0.01 | CL72: =P72 -> V | CM72: =SQRT(12) -> 3.4641016 | CN72: =CK72/CM72 -> 0.0028867513 | CP72: Repeatability | CQ72: =_xlfn.STDEV.P(X72:AL72) -> #DIV/0! | CR72: =P72 -> V | CS72: =SQRT(3) -> 1.7320508 | CT72: =CQ72/CS72 -> #DIV/0! | CV72: =SQRT(SUMSQ(CT72,CN72,CH72,CB72)) -> #DIV/0! | CW72: =(CV72^4)/(((CT72^4)/2)+((CN72^4)/200)+((CH72^4)/200)+((CB72^4)/200)) -> #DIV/0! | CX72: =ROUND(TINV(0.05,CW72),0) -> #DIV/0! | CY72: =ROUND((CV72*CX72),3) -> #DIV/0! | CZ72: =P72 -> V | DB72: 0.0064 | DC72: =CZ72 -> V | DE72: =IF(CY72<DB72,DB72,CY72) -> #DIV/0! | DF72: =CZ72 -> V
F73: 60 V | L73: 50 | P73: V | S73: 1 kHz | AM73: =ROUND(AVERAGE(X73:AL73),2) -> #DIV/0! | AR73: =AM73-L73 -> #DIV/0! | BB73: =ROUND((BG73-L73),2) -> 1.03 | BG73: 51.03 | BL73: 48.97 | BQ73: =IF(AND(AM73<=BG73,AM73>=BL73),"PASS","FAIL") -> #DIV/0! | BX73: COC | BY73: 0.071 | BZ73: =P73 -> V | CA73: 2 | CB73: =BY73/CA73 -> 0.0355 | CD73: Annual Drift | CE73: 0 | CF73: =BZ73 -> V | CG73: =SQRT(3) -> 1.7320508 | CH73: =CE73/CG73 -> 0 | CJ73: Readability | CK73: 0.01 | CL73: =P73 -> V | CM73: =SQRT(12) -> 3.4641016 | CN73: =CK73/CM73 -> 0.0028867513 | CP73: Repeatability | CQ73: =_xlfn.STDEV.P(X73:AL73) -> #DIV/0! | CR73: =P73 -> V | CS73: =SQRT(3) -> 1.7320508 | CT73: =CQ73/CS73 -> #DIV/0! | CV73: =SQRT(SUMSQ(CT73,CN73,CH73,CB73)) -> #DIV/0! | CW73: =(CV73^4)/(((CT73^4)/2)+((CN73^4)/200)+((CH73^4)/200)+((CB73^4)/200)) -> #DIV/0! | CX73: =ROUND(TINV(0.05,CW73),0) -> #DIV/0! | CY73: =ROUND((CV73*CX73),3) -> #DIV/0! | CZ73: =P73 -> V | DB73: 0.0064 | DC73: =CZ73 -> V | DE73: =IF(CY73<DB73,DB73,CY73) -> #DIV/0! | DF73: =CZ73 -> V
F74: 600 V | L74: 600 | P74: V | S74: 45 Hz | AM74: =ROUND(AVERAGE(X74:AL74),1) -> #DIV/0! | AR74: =AM74-L74 -> #DIV/0! | BB74: =ROUND((BG74-L74),1) -> 6.3 | BG74: 606.3 | BL74: 593.7 | BQ74: =IF(AND(AM74<=BG74,AM74>=BL74),"PASS","FAIL") -> #DIV/0! | BX74: COC | BY74: 0.071 | BZ74: =P74 -> V | CA74: 2 | CB74: =BY74/CA74 -> 0.0355 | CD74: Annual Drift | CE74: 0 | CF74: =BZ74 -> V | CG74: =SQRT(3) -> 1.7320508 | CH74: =CE74/CG74 -> 0 | CJ74: Readability | CK74: 0.1 | CL74: =P74 -> V | CM74: =SQRT(12) -> 3.4641016 | CN74: =CK74/CM74 -> 0.028867513 | CP74: Repeatability | CQ74: =_xlfn.STDEV.P(X74:AL74) -> #DIV/0! | CR74: =P74 -> V | CS74: =SQRT(3) -> 1.7320508 | CT74: =CQ74/CS74 -> #DIV/0! | CV74: =SQRT(SUMSQ(CT74,CN74,CH74,CB74)) -> #DIV/0! | CW74: =(CV74^4)/(((CT74^4)/2)+((CN74^4)/200)+((CH74^4)/200)+((CB74^4)/200)) -> #DIV/0! | CX74: =ROUND(TINV(0.05,CW74),0) -> #DIV/0! | CY74: =ROUND((CV74*CX74),4) -> #DIV/0! | CZ74: =P74 -> V | DB74: 0.084 | DC74: =CZ74 -> V | DE74: =IF(CY74<DB74,DB74,CY74) -> #DIV/0! | DF74: =CZ74 -> V
F75: 600 V | L75: 600 | P75: V | S75: 1 kHz | AM75: =ROUND(AVERAGE(X75:AL75),1) -> #DIV/0! | AR75: =AM75-L75 -> #DIV/0! | BB75: =ROUND((BG75-L75),1) -> 12.3 | BG75: 612.3 | BL75: 587.7 | BQ75: =IF(AND(AM75<=BG75,AM75>=BL75),"PASS","FAIL") -> #DIV/0! | BX75: COC | BY75: 0.071 | BZ75: =P75 -> V | CA75: 2 | CB75: =BY75/CA75 -> 0.0355 | CD75: Annual Drift | CE75: 0 | CF75: =BZ75 -> V | CG75: =SQRT(3) -> 1.7320508 | CH75: =CE75/CG75 -> 0 | CJ75: Readability | CK75: 0.1 | CL75: =P75 -> V | CM75: =SQRT(12) -> 3.4641016 | CN75: =CK75/CM75 -> 0.028867513 | CP75: Repeatability | CQ75: =_xlfn.STDEV.P(X75:AL75) -> #DIV/0! | CR75: =P75 -> V | CS75: =SQRT(3) -> 1.7320508 | CT75: =CQ75/CS75 -> #DIV/0! | CV75: =SQRT(SUMSQ(CT75,CN75,CH75,CB75)) -> #DIV/0! | CW75: =(CV75^4)/(((CT75^4)/2)+((CN75^4)/200)+((CH75^4)/200)+((CB75^4)/200)) -> #DIV/0! | CX75: =ROUND(TINV(0.05,CW75),0) -> #DIV/0! | CY75: =ROUND((CV75*CX75),4) -> #DIV/0! | CZ75: =P75 -> V | DB75: 0.084 | DC75: =CZ75 -> V | DE75: =IF(CY75<DB75,DB75,CY75) -> #DIV/0! | DF75: =CZ75 -> V
F78: DC Voltage Test | BX78: Standard | CD78: Standard | CJ78: Unit Under Test | CP78: Unit Under Test | CV78: Expanded Uncertainty | DB78: Minimum Approved CMC | DE78: Final Declaration of Uncertainty
F79: Range | L79: Nominal Value | S79: Voltage | X79: Measured Value | AM79: Average | AR79: Error | BB79: Tolerance | BG79: Upper Limit | BL79: Lower Limit | BQ79: Remarks | BX79: Source | BY79: Uncertainty | CA79: Divisor | CB79: Ui | CD79: Source | CE79: Uncertainty | CG79: Divisor | CH79: Ui | CJ79: Source | CK79: Uncertainty | CM79: Divisor | CN79: Ui | CP79: Source | CQ79: Uncertainty | CS79: Divisor | CT79: Ui | CV79: COMBINED STANDARD | CW79: EFFECTIVE DEGREES | CX79: C. FACTOR, k = student's | CY79: EXPANDED UNCERTAINTY,
X80: 1 | AC80: 2 | AH80: 3 | CV80: UNCERTAINTY, Uc | CW80: OF FREEDOM, Veff | CX80: t for Veff and 95 % C.L. | CY80: U @ 95 % C.L. ±
F81: 6 V | L81: 0 | P81: V | S81: - | AM81: =ROUND(AVERAGE(X81:AL81),3) -> #DIV/0! | AR81: =AM81-L81 -> #DIV/0! | BB81: =ROUND((BG81-L81),3) -> 0.002 | BG81: 0.002 | BL81: -0.002 | BQ81: =IF(AND(AM81<=BG81,AM81>=BL81),"PASS","FAIL") -> #DIV/0! | BX81: COC | BY81: 3.1e-07 | BZ81: =P81 -> V | CA81: 2 | CB81: =BY81/CA81 -> 1.55e-07 | CD81: Annual Drift | CE81: 0 | CF81: =BZ81 -> V | CG81: =SQRT(3) -> 1.7320508 | CH81: =CE81/CG81 -> 0 | CJ81: Readability | CK81: 0.001 | CL81: =P81 -> V | CM81: =SQRT(12) -> 3.4641016 | CN81: =CK81/CM81 -> 0.00028867513 | CP81: Repeatability | CQ81: =_xlfn.STDEV.P(X81:AL81) -> #DIV/0! | CR81: =P81 -> V | CS81: =SQRT(3) -> 1.7320508 | CT81: =CQ81/CS81 -> #DIV/0! | CV81: =SQRT(SUMSQ(CT81,CN81,CH81,CB81)) -> #DIV/0! | CW81: =(CV81^4)/(((CT81^4)/2)+((CN81^4)/200)+((CH81^4)/200)+((CB81^4)/200)) -> #DIV/0! | CX81: =ROUND(TINV(0.05,CW81),0) -> #DIV/0! | CY81: =ROUND((CV81*CX81),5) -> #DIV/0! | CZ81: =P81 -> V | DB81: 1.8e-06 | DC81: =CZ81 -> V | DE81: =MAX(CY81:DB81) -> #DIV/0! | DF81: =CZ81 -> V
F82: 6 V | L82: 5 | P82: V | S82: - | AM82: =ROUND(AVERAGE(X82:AL82),3) -> #DIV/0! | AR82: =AM82-L82 -> #DIV/0! | BB82: =ROUND((BG82-L82),3) -> 0.027 | BG82: 5.027 | BL82: 4.973 | BQ82: =IF(AND(AM82<=BG82,AM82>=BL82),"PASS","FAIL") -> #DIV/0! | BX82: COC | BY82: 1.8e-05 | BZ82: =P82 -> V | CA82: 2 | CB82: =BY82/CA82 -> 9e-06 | CD82: Annual Drift | CE82: 0 | CF82: =BZ82 -> V | CG82: =SQRT(3) -> 1.7320508 | CH82: =CE82/CG82 -> 0 | CJ82: Readability | CK82: 0.001 | CL82: =P82 -> V | CM82: =SQRT(12) -> 3.4641016 | CN82: =CK82/CM82 -> 0.00028867513 | CP82: Repeatability | CQ82: =_xlfn.STDEV.P(X82:AL82) -> #DIV/0! | CR82: =P82 -> V | CS82: =SQRT(3) -> 1.7320508 | CT82: =CQ82/CS82 -> #DIV/0! | CV82: =SQRT(SUMSQ(CT82,CN82,CH82,CB82)) -> #DIV/0! | CW82: =(CV82^4)/(((CT82^4)/2)+((CN82^4)/200)+((CH82^4)/200)+((CB82^4)/200)) -> #DIV/0! | CX82: =ROUND(TINV(0.05,CW82),0) -> #DIV/0! | CY82: =ROUND((CV82*CX82),5) -> #DIV/0! | CZ82: =P82 -> V | DB82: 1e-05 | DC82: =CZ82 -> V | DE82: =MAX(CY82:DB82) -> #DIV/0! | DF82: =CZ82 -> V
F83: 60 V | L83: 50 | P83: V | S83: - | AM83: =ROUND(AVERAGE(X83:AL83),2) -> #DIV/0! | AR83: =AM83-L83 -> #DIV/0! | BB83: =ROUND((BG83-L83),2) -> 0.27 | BG83: 50.27 | BL83: 49.73 | BQ83: =IF(AND(AM83<=BG83,AM83>=BL83),"PASS","FAIL") -> #DIV/0! | BX83: COC | BY83: 0.00016 | BZ83: =P83 -> V | CA83: 2 | CB83: =BY83/CA83 -> 8e-05 | CD83: Annual Drift | CE83: 0 | CF83: =BZ83 -> V | CG83: =SQRT(3) -> 1.7320508 | CH83: =CE83/CG83 -> 0 | CJ83: Readability | CK83: 0.01 | CL83: =P83 -> V | CM83: =SQRT(12) -> 3.4641016 | CN83: =CK83/CM83 -> 0.0028867513 | CP83: Repeatability | CQ83: =_xlfn.STDEV.P(X83:AL83) -> #DIV/0! | CR83: =P83 -> V | CS83: =SQRT(3) -> 1.7320508 | CT83: =CQ83/CS83 -> #DIV/0! | CV83: =SQRT(SUMSQ(CT83,CN83,CH83,CB83)) -> #DIV/0! | CW83: =(CV83^4)/(((CT83^4)/2)+((CN83^4)/200)+((CH83^4)/200)+((CB83^4)/200)) -> #DIV/0! | CX83: =ROUND(TINV(0.05,CW83),0) -> #DIV/0! | CY83: =ROUND((CV83*CX83),4) -> #DIV/0! | CZ83: =P83 -> V | DB83: 0.00018 | DC83: =CZ83 -> V | DE83: =MAX(CY83:DB83) -> #DIV/0! | DF83: =CZ83 -> V
F84: 600 V | L84: 600 | P84: V | S84: - | AM84: =ROUND(AVERAGE(X84:AL84),1) -> #DIV/0! | AR84: =AM84-L84 -> #DIV/0! | BB84: =ROUND((BG84-L84),1) -> 3.2 | BG84: 603.2 | BL84: 596.8 | BQ84: =IF(AND(AM84<=BG84,AM84>=BL84),"PASS","FAIL") -> #DIV/0! | BX84: COC | BY84: 0.0033 | BZ84: =P84 -> V | CA84: 2 | CB84: =BY84/CA84 -> 0.00165 | CD84: Annual Drift | CE84: 0 | CF84: =BZ84 -> V | CG84: =SQRT(3) -> 1.7320508 | CH84: =CE84/CG84 -> 0 | CJ84: Readability | CK84: 0.1 | CL84: =P84 -> V | CM84: =SQRT(12) -> 3.4641016 | CN84: =CK84/CM84 -> 0.028867513 | CP84: Repeatability | CQ84: =_xlfn.STDEV.P(X84:AL84) -> #DIV/0! | CR84: =P84 -> V | CS84: =SQRT(3) -> 1.7320508 | CT84: =CQ84/CS84 -> #DIV/0! | CV84: =SQRT(SUMSQ(CT84,CN84,CH84,CB84)) -> #DIV/0! | CW84: =(CV84^4)/(((CT84^4)/2)+((CN84^4)/200)+((CH84^4)/200)+((CB84^4)/200)) -> #DIV/0! | CX84: =ROUND(TINV(0.05,CW84),0) -> #DIV/0! | CY84: =ROUND((CV84*CX84),4) -> #DIV/0! | CZ84: =P84 -> V | DB84: 0.0014 | DC84: =CZ84 -> V | DE84: =MAX(CY84:DB84) -> #DIV/0! | DF84: =CZ84 -> V
F85: 600 V | L85: -600 | P85: V | S85: - | AM85: =ROUND(AVERAGE(X85:AL85),1) -> #DIV/0! | AR85: =AM85-L85 -> #DIV/0! | BB85: =ROUND((BG85-L85),1) -> 3.2 | BG85: -596.8 | BL85: -603.2 | BQ85: =IF(AND(AM85<=BG85,AM85>=BL85),"PASS","FAIL") -> #DIV/0! | BX85: COC | BY85: 0.0033 | BZ85: =P85 -> V | CA85: 2 | CB85: =BY85/CA85 -> 0.00165 | CD85: Annual Drift | CE85: 0 | CF85: =BZ85 -> V | CG85: =SQRT(3) -> 1.7320508 | CH85: =CE85/CG85 -> 0 | CJ85: Readability | CK85: 0.1 | CL85: =P85 -> V | CM85: =SQRT(12) -> 3.4641016 | CN85: =CK85/CM85 -> 0.028867513 | CP85: Repeatability | CQ85: =_xlfn.STDEV.P(X85:AL85) -> #DIV/0! | CR85: =P85 -> V | CS85: =SQRT(3) -> 1.7320508 | CT85: =CQ85/CS85 -> #DIV/0! | CV85: =SQRT(SUMSQ(CT85,CN85,CH85,CB85)) -> #DIV/0! | CW85: =(CV85^4)/(((CT85^4)/2)+((CN85^4)/200)+((CH85^4)/200)+((CB85^4)/200)) -> #DIV/0! | CX85: =ROUND(TINV(0.05,CW85),0) -> #DIV/0! | CY85: =ROUND((CV85*CX85),4) -> #DIV/0! | CZ85: =P85 -> V | DB85: 0.0014 | DC85: =CZ85 -> V | DE85: =MAX(CY85:DB85) -> #DIV/0! | DF85: =CZ85 -> V
F87: AC milli Volt Test | BX87: Standard | CD87: Standard | CJ87: Unit Under Test | CP87: Unit Under Test | CV87: Expanded Uncertainty | DB87: Minimum Approved CMC | DE87: Final Declaration of Uncertainty
F88: Range | L88: Nominal Value | S88: Frequency | X88: Measured Value | AM88: Average | AR88: Error | BB88: Tolerance | BG88: Upper Limit | BL88: Lower Limit | BQ88: Remarks | BX88: Source | BY88: Uncertainty | CA88: Divisor | CB88: Ui | CD88: Source | CE88: Uncertainty | CG88: Divisor | CH88: Ui | CJ88: Source | CK88: Uncertainty | CM88: Divisor | CN88: Ui | CP88: Source | CQ88: Uncertainty | CS88: Divisor | CT88: Ui | CV88: COMBINED STANDARD | CW88: EFFECTIVE DEGREES | CX88: C. FACTOR, k = student's | CY88: EXPANDED UNCERTAINTY,
X89: 1 | AC89: 2 | AH89: 3 | CV89: UNCERTAINTY, Uc | CW89: OF FREEDOM, Veff | CX89: t for Veff and 95 % C.L. | CY89: U @ 95 % C.L. ±
F90: 600 mV | L90: 6 | P90: mV | S90: 45 Hz | X90: 6 | AC90: 6 | AH90: 6 | AM90: =ROUND(AVERAGE(X90:AL90),1) -> 6 | AR90: =AM90-L90 -> 0 | BB90: =ROUND((BG90-L90),1) -> 0.4 | BG90: 6.4 | BL90: 5.6 | BQ90: =IF(AND(AM90<=BG90,AM90>=BL90),"PASS","FAIL") -> PASS | BX90: COC | BY90: 0.0088 | BZ90: =P90 -> mV | CA90: 2 | CB90: =BY90/CA90 -> 0.0044 | CD90: Annual Drift | CE90: 0 | CF90: =BZ90 -> mV | CG90: =SQRT(3) -> 1.7320508 | CH90: =CE90/CG90 -> 0 | CJ90: Readability | CK90: 0.1 | CL90: =P90 -> mV | CM90: =SQRT(12) -> 3.4641016 | CN90: =CK90/CM90 -> 0.028867513 | CP90: Repeatability | CQ90: =_xlfn.STDEV.P(X90:AL90) -> 0 | CR90: =P90 -> mV | CS90: =SQRT(3) -> 1.7320508 | CT90: =CQ90/CS90 -> 0 | CV90: =SQRT(SUMSQ(CT90,CN90,CH90,CB90)) -> 0.029200913 | CW90: =(CV90^4)/(((CT90^4)/2)+((CN90^4)/200)+((CH90^4)/200)+((CB90^4)/200)) -> 209.28779 | CX90: =ROUND(TINV(0.05,CW90),0) -> 2 | CY90: =ROUND((CV90*CX90),3) -> 0.058 | CZ90: =P90 -> mV | DB90: 0.0053 | DC90: =CZ90 -> mV | DE90: =MAX(CY90:DB90) -> 0.058 | DF90: =CZ90 -> mV
F91: 600 mV | L91: 600 | P91: mV | S91: 1 kHz | X91: 600 | AC91: 600 | AH91: 600 | AM91: =ROUND(AVERAGE(X91:AL91),1) -> 600 | AR91: =AM91-L91 -> 0 | BB91: =ROUND((BG91-L91),1) -> 12.3 | BG91: 612.3 | BL91: 587.7 | BQ91: =IF(AND(AM91<=BG91,AM91>=BL91),"PASS","FAIL") -> PASS | BX91: COC | BY91: 0.91 | BZ91: =P91 -> mV | CA91: 2 | CB91: =BY91/CA91 -> 0.455 | CD91: Annual Drift | CE91: 0 | CF91: =BZ91 -> mV | CG91: =SQRT(3) -> 1.7320508 | CH91: =CE91/CG91 -> 0 | CJ91: Readability | CK91: 0.1 | CL91: =P91 -> mV | CM91: =SQRT(12) -> 3.4641016 | CN91: =CK91/CM91 -> 0.028867513 | CP91: Repeatability | CQ91: =_xlfn.STDEV.P(X91:AL91) -> 0 | CR91: =P91 -> mV | CS91: =SQRT(3) -> 1.7320508 | CT91: =CQ91/CS91 -> 0 | CV91: =SQRT(SUMSQ(CT91,CN91,CH91,CB91)) -> 0.45591483 | CW91: =(CV91^4)/(((CT91^4)/2)+((CN91^4)/200)+((CH91^4)/200)+((CB91^4)/200)) -> 201.61009 | CX91: =ROUND(TINV(0.05,CW91),0) -> 2 | CY91: =ROUND((CV91*CX91),3) -> 0.912 | CZ91: =P91 -> mV | DB91: 0.085 | DC91: =CZ91 -> mV | DE91: =IF(CY91<DB91,DB91,CY91) -> 0.912 | DF91: =CZ91 -> mV
F93: DC milli Volt Test | BX93: Standard | CD93: Standard | CJ93: Unit Under Test | CP93: Unit Under Test | CV93: Expanded Uncertainty | DB93: Minimum Approved CMC | DE93: Final Declaration of Uncertainty
F94: Range | L94: Nominal Value | S94: Frequency | X94: Measured Value | AM94: Average | AR94: Error | BB94: Tolerance | BG94: Upper Limit | BL94: Lower Limit | BQ94: Remarks | BX94: Source | BY94: Uncertainty | CA94: Divisor | CB94: Ui | CD94: Source | CE94: Uncertainty | CG94: Divisor | CH94: Ui | CJ94: Source | CK94: Uncertainty | CM94: Divisor | CN94: Ui | CP94: Source | CQ94: Uncertainty | CS94: Divisor | CT94: Ui | CV94: COMBINED STANDARD | CW94: EFFECTIVE DEGREES | CX94: C. FACTOR, k = student's | CY94: EXPANDED UNCERTAINTY,
X95: 1 | AC95: 2 | AH95: 3 | CV95: UNCERTAINTY, Uc | CW95: OF FREEDOM, Veff | CX95: t for Veff and 95 % C.L. | CY95: U @ 95 % C.L. ±
F96: 600 mV | L96: 10 | P96: mV | S96: - | AM96: =ROUND(AVERAGE(X96:AL96),1) -> #DIV/0! | AR96: =AM96-L96 -> #DIV/0! | BB96: =ROUND((BG96-L96),1) -> 0.3 | BG96: 10.3 | BL96: 9.7 | BQ96: =IF(AND(AM96<=BG96,AM96>=BL96),"PASS","FAIL") -> #DIV/0! | BX96: COC | BY96: 0.00077 | BZ96: =P96 -> mV | CA96: 2 | CB96: =BY96/CA96 -> 0.000385 | CD96: Annual Drift | CE96: 0 | CF96: =BZ96 -> mV | CG96: =SQRT(3) -> 1.7320508 | CH96: =CE96/CG96 -> 0 | CJ96: Readability | CK96: 0.1 | CL96: =P96 -> mV | CM96: =SQRT(12) -> 3.4641016 | CN96: =CK96/CM96 -> 0.028867513 | CP96: Repeatability | CQ96: =_xlfn.STDEV.P(X96:AL96) -> #DIV/0! | CR96: =P96 -> mV | CS96: =SQRT(3) -> 1.7320508 | CT96: =CQ96/CS96 -> #DIV/0! | CV96: =SQRT(SUMSQ(CT96,CN96,CH96,CB96)) -> #DIV/0! | CW96: =(CV96^4)/(((CT96^4)/2)+((CN96^4)/200)+((CH96^4)/200)+((CB96^4)/200)) -> #DIV/0! | CX96: =ROUND(TINV(0.05,CW96),0) -> #DIV/0! | CY96: =ROUND((CV96*CX96),3) -> #DIV/0! | CZ96: =P96 -> mV | DB96: 0.0016 | DC96: =CZ96 -> mV | DE96: =MAX(CY96:DB96) -> #DIV/0! | DF96: =CZ96 -> mV
F97: 600 mV | L97: 600 | P97: mV | S97: - | AM97: =ROUND(AVERAGE(X97:AL97),1) -> #DIV/0! | AR97: =AM97-L97 -> #DIV/0! | BB97: =ROUND((BG97-L97),1) -> 3.2 | BG97: 603.2 | BL97: 596.8 | BQ97: =IF(AND(AM97<=BG97,AM97>=BL97),"PASS","FAIL") -> #DIV/0! | BX97: COC | BY97: 0.0021 | BZ97: =P97 -> mV | CA97: 2 | CB97: =BY97/CA97 -> 0.00105 | CD97: Annual Drift | CE97: 0 | CF97: =BZ97 -> mV | CG97: =SQRT(3) -> 1.7320508 | CH97: =CE97/CG97 -> 0 | CJ97: Readability | CK97: 0.1 | CL97: =P97 -> mV | CM97: =SQRT(12) -> 3.4641016 | CN97: =CK97/CM97 -> 0.028867513 | CP97: Repeatability | CQ97: =_xlfn.STDEV.P(X97:AL97) -> #DIV/0! | CR97: =P97 -> mV | CS97: =SQRT(3) -> 1.7320508 | CT97: =CQ97/CS97 -> #DIV/0! | CV97: =SQRT(SUMSQ(CT97,CN97,CH97,CB97)) -> #DIV/0! | CW97: =(CV97^4)/(((CT97^4)/2)+((CN97^4)/200)+((CH97^4)/200)+((CB97^4)/200)) -> #DIV/0! | CX97: =ROUND(TINV(0.05,CW97),0) -> #DIV/0! | CY97: =ROUND((CV97*CX97),3) -> #DIV/0! | CZ97: =P97 -> mV | DB97: 0.0018 | DC97: =CZ97 -> mV | DE97: =MAX(CY97:DB97) -> #DIV/0! | DF97: =CZ97 -> mV
F99: Auto Volt LoZ Test | BX99: Standard | CD99: Standard | CJ99: Unit Under Test | CP99: Unit Under Test | CV99: Expanded Uncertainty | DB99: Minimum Approved CMC | DE99: Final Declaration of Uncertainty
F100: Range | L100: Nominal Value | S100: Frequency | X100: Measured Value | AM100: Average | AR100: Error | BB100: Tolerance | BG100: Upper Limit | BL100: Lower Limit | BQ100: Remarks | BX100: Source | BY100: Uncertainty | CA100: Divisor | CB100: Ui | CD100: Source | CE100: Uncertainty | CG100: Divisor | CH100: Ui | CJ100: Source | CK100: Uncertainty | CM100: Divisor | CN100: Ui | CP100: Source | CQ100: Uncertainty | CS100: Divisor | CT100: Ui | CV100: COMBINED STANDARD | CW100: EFFECTIVE DEGREES | CX100: C. FACTOR, k = student's | CY100: EXPANDED UNCERTAINTY,
X101: 1 | AC101: 2 | AH101: 3 | CV101: UNCERTAINTY, Uc | CW101: OF FREEDOM, Veff | CX101: t for Veff and 95 % C.L. | CY101: U @ 95 % C.L. ±
F102: - | L102: 0.5 | P102: V | S102: 45 Hz | AM102: =AVERAGE(X102:AL102) -> #DIV/0! | AR102: =AM102-L102 -> #DIV/0! | BB102: =ROUND((BG102-L102),2) -> 0.3 | BG102: 0.8 | BL102: 0.2 | BQ102: =IF(AND(AM102<=BG102,AM102>=BL102),"PASS","FAIL") -> #DIV/0! | BX102: COC | BY102: 0.00091 | BZ102: =P102 -> V | CA102: 2 | CB102: =BY102/CA102 -> 0.000455 | CD102: Annual Drift | CE102: 0 | CF102: =BZ102 -> V | CG102: =SQRT(3) -> 1.7320508 | CH102: =CE102/CG102 -> 0 | CJ102: Readability | CK102: 0.1 | CL102: =P102 -> V | CM102: =SQRT(12) -> 3.4641016 | CN102: =CK102/CM102 -> 0.028867513 | CP102: Repeatability | CQ102: =_xlfn.STDEV.P(X102:AL102) -> #DIV/0! | CR102: =P102 -> V | CS102: =SQRT(3) -> 1.7320508 | CT102: =CQ102/CS102 -> #DIV/0! | CV102: =SQRT(SUMSQ(CT102,CN102,CH102,CB102)) -> #DIV/0! | CW102: =(CV102^4)/(((CT102^4)/2)+((CN102^4)/200)+((CH102^4)/200)+((CB102^4)/200)) -> #DIV/0! | CX102: =ROUND(TINV(0.05,CW102),0) -> #DIV/0! | CY102: =(CV102*CX102) -> #DIV/0! | CZ102: =P102 -> V | DB102: 8.5e-05 | DC102: =CZ102 -> V | DE102: =MAX(CY102:DB102) -> #DIV/0! | DF102: =CZ102 -> V
F103: - | L103: 0.5 | P103: V | S103: 0 Hz | AM103: =AVERAGE(X103:AL103) -> #DIV/0! | AR103: =AM103-L103 -> #DIV/0! | BB103: =ROUND((BG103-L103),2) -> 0.3 | BG103: 0.8 | BL103: 0.2 | BQ103: =IF(AND(AM103<=BG103,AM103>=BL103),"PASS","FAIL") -> #DIV/0! | BX103: COC | BY103: 2.1e-06 | BZ103: =P103 -> V | CA103: 2 | CB103: =BY103/CA103 -> 1.05e-06 | CD103: Annual Drift | CE103: 0 | CF103: =BZ103 -> V | CG103: =SQRT(3) -> 1.7320508 | CH103: =CE103/CG103 -> 0 | CJ103: Readability | CK103: 0.1 | CL103: =P103 -> V | CM103: =SQRT(12) -> 3.4641016 | CN103: =CK103/CM103 -> 0.028867513 | CP103: Repeatability | CQ103: =_xlfn.STDEV.P(X103:AL103) -> #DIV/0! | CR103: =P103 -> V | CS103: =SQRT(3) -> 1.7320508 | CT103: =CQ103/CS103 -> #DIV/0! | CV103: =SQRT(SUMSQ(CT103,CN103,CH103,CB103)) -> #DIV/0! | CW103: =(CV103^4)/(((CT103^4)/2)+((CN103^4)/200)+((CH103^4)/200)+((CB103^4)/200)) -> #DIV/0! | CX103: =ROUND(TINV(0.05,CW103),0) -> #DIV/0! | CY103: =(CV103*CX103) -> #DIV/0! | CZ103: =P103 -> V | DB103: 1.8e-06 | DC103: =CZ103 -> V | DE103: =MAX(CY103:DB103) -> #DIV/0! | DF103: =CZ103 -> V
F104: - | L104: 500 | P104: V | S104: 500 Hz | AM104: =AVERAGE(X104:AL104) -> #DIV/0! | AR104: =AM104-L104 -> #DIV/0! | BB104: =ROUND((BG104-L104),2) -> 10.3 | BG104: 510.3 | BL104: 489.7 | BQ104: =IF(AND(AM104<=BG104,AM104>=BL104),"PASS","FAIL") -> #DIV/0! | BX104: COC | BY104: 0.071 | BZ104: =P104 -> V | CA104: 2 | CB104: =BY104/CA104 -> 0.0355 | CD104: Annual Drift | CE104: 0 | CF104: =BZ104 -> V | CG104: =SQRT(3) -> 1.7320508 | CH104: =CE104/CG104 -> 0 | CJ104: Readability | CK104: 0.1 | CL104: =P104 -> V | CM104: =SQRT(12) -> 3.4641016 | CN104: =CK104/CM104 -> 0.028867513 | CP104: Repeatability | CQ104: =_xlfn.STDEV.P(X104:AL104) -> #DIV/0! | CR104: =P104 -> V | CS104: =SQRT(3) -> 1.7320508 | CT104: =CQ104/CS104 -> #DIV/0! | CV104: =SQRT(SUMSQ(CT104,CN104,CH104,CB104)) -> #DIV/0! | CW104: =(CV104^4)/(((CT104^4)/2)+((CN104^4)/200)+((CH104^4)/200)+((CB104^4)/200)) -> #DIV/0! | CX104: =ROUND(TINV(0.05,CW104),0) -> #DIV/0! | CY104: =(CV104*CX104) -> #DIV/0! | CZ104: =P104 -> V | DB104: 0.084 | DC104: =CZ104 -> V | DE104: =MAX(CY104:DB104) -> #DIV/0! | DF104: =CZ104 -> V
B110: Calibrated By
AK111: =AL9 -> 0
B112: Calibration Officer's Name | U112: Signature | AK112: Date
B113: Checked By
AK114: 45049
B115: Interim Manager (Electrical) | U115: Signature | AK115: Date
B116: Encoded By
B117: - | AK117: -
B118: =B112 -> Calibration Officer's Name | U118: Signature | AK118: Date

Sheet Specification
