Workbook
Name DRY: #REF!
Name DRY: #REF!
Name dryx: #REF!
Name WET: #REF!
Name WET: #REF!
Name WET: #REF!

Sheet Cal Certificate
C5: Calibration Certificate
R7: Certificate No.: | V7: =CONCATENATE("25-",DataSheet!L5,DataSheet!N5,DataSheet!O5,DataSheet!AN5," ","Rev.00") -> 25- Rev.00
C9: Customer : | O9: Location of Calibration :
D10: =DataSheet!H23 -> 0 | P10: =IF(DataSheet!AE23="x","SONJU ENGINEERING SERVICES",D10) -> SONJU ENGINEERING SERVICES
D11: =DataSheet!H25 -> 0 | P11: =DataSheet!AG27 -> Electrical Calibration Area
C15: Manufacturer: | H15: =DataSheet!K9 -> Fluke | O15: Description: | T15: =DataSheet!K7 -> Digital Multimeter
C16: Model No: | H16: =DataSheet!K11 -> 117 | O16: Options Installed: | T16: =DataSheet!AL11 -> none
C17: Serial No: | H17: =DataSheet!K13 -> 0 | O17: Customer Asset No: | T17: =DataSheet!AL15 -> none
C18: Calibration Date: | H18: =DataSheet!AL9 -> 0 | O18: Work Order No.: | T18: =DataSheet!L5 -> 0
C19: Received Date: | H19: =DataSheet!AL7 -> 0 | O19: Customer P.O.: | T19: =DataSheet!AL13 -> none
C20: Temperature: | H20: =IF(DataSheet!AE23="x","23 °C ± 5 °C",CONCATENATE(ROUND(AVERAGE(DataSheet!I39:J40),1)," ","°C")) -> 23 °C ± 5 °C | O20: Humidity: | T20: =IF(DataSheet!AE23="x","55 %rh ± 15 %rh",CONCATENATE(ROUND(AVERAGE(DataSheet!R39:S40),1)," ","%rh")) -> 55 %rh ± 15 %rh
C22: Cal Method / Procedure :
C23: =DataSheet!AB38 -> As per Manufacturer's recommended performance tests procedure for Fluke 117 Digital Multimeters Calibration Information, 1st - rev., September 2006.
C26: This is to certify that the above Measuring and Test Equipment has been calibrated by SONJU Engineering Services in accordance with relevant calibration procedure defined for this instrument.
C29: Uncertainty :
C30: The expanded uncertainty of measurement for the results given in this certificate was estimated with a coverage factor of k = 2 at 95% level of confidence. The uncertainties of measurement were calculated using a budget worksheet based on JCGM 100:2008 Evaluation of measurement data - Guide to the Expression of Uncertainty in Measurement, 1st edition- 2008.
C34: Traceability: The instrument was calibrated using reference standard/s traceable to SI Units as maintained by NML-ITDI (Philippines) through SONJU Engineering Services (Philippines).
C38: Reference Standard Used:
D40: Description | K40: Serial No. | O40: Cal Report Ref. | V40: Due Date
D42: =DataSheet!B31 -> Multiproduct Calibrator | K42: =DataSheet!Q31 -> 8100021 | O42: =DataSheet!AB31 -> 24-9973-01ALT Rev.00 | V42: =DataSheet!AO31 -> 0
C44: Remarks:
C45: 1. The results were the average of the three (3) readings and were obtained during the time of calibration and refer only to the particular instrument submitted. Should the instrument be modified or damaged in any way, or develop inconsistent readings, the results may not be valid and the unit will require recalibration.
C48: 2. The user should determine the suitability of this instrument for its intended use.
C49: 3. Preliminary Inspection: Satisfactory
C50: 4. Nominal values marked with " * " are outside Scope of Accreditation.
C51: 5. A positve error is to subtracted to the UUT indication and negative error added to give true value.
C52: 6. As per customer request the next calibration due date is on: | P52: =EDATE(DataSheet!AL9,12) -> 366
E54: =DataSheet!B131 -> 0 | S54: Jennefer S. Ilas
E55: Calibration Officer | S55: Approved Signatory
D57: Issue Date :
C65: Measurement Results:
E67: =DataSheet!F50 -> Resistance Test
E68: Range | I68: Nominal Value | M68: Measured Value | Q68: Error | U68: Uncertainty
E70: =DataSheet!F53 -> 600 Ω | I70: =CONCATENATE(DataSheet!L53," ",DataSheet!P53) -> 0 Ω | M70: =CONCATENATE(TEXT(DataSheet!AH53,"0.0")," ",DataSheet!P53) -> #DIV/0! | Q70: =CONCATENATE(TEXT(DataSheet!AM53,"0.0")," ",DataSheet!P53) -> #DIV/0! | U70: =CONCATENATE(TEXT(DataSheet!EL53,"0.000")," ",DataSheet!EH53) -> #DIV/0!
I71: =CONCATENATE(DataSheet!L54," ",DataSheet!P54) -> 500 Ω | M71: =CONCATENATE(TEXT(DataSheet!AH54,"0.0")," ",DataSheet!P54) -> #DIV/0! | Q71: =CONCATENATE(TEXT(DataSheet!AM54,"0.0")," ",DataSheet!P54) -> #DIV/0! | U71: =CONCATENATE(TEXT(DataSheet!EL54,"0.000")," ",DataSheet!EH54) -> #DIV/0!
E72: =DataSheet!F55 -> 6 kΩ | I72: =CONCATENATE(DataSheet!L55," ",DataSheet!P55) -> 5 kΩ | M72: =CONCATENATE(TEXT(DataSheet!AH55,"0.000")," ",DataSheet!P55) -> #DIV/0! | Q72: =CONCATENATE(TEXT(DataSheet!AM55,"0.000")," ",DataSheet!P55) -> #DIV/0! | U72: =CONCATENATE(TEXT(DataSheet!EL55,"0.000 00")," ",DataSheet!EH55) -> #DIV/0!
E73: =DataSheet!F56 -> 60 kΩ | I73: =CONCATENATE(DataSheet!L56," ",DataSheet!P56) -> 50 kΩ | M73: =CONCATENATE(TEXT(DataSheet!AH56,"0.00")," ",DataSheet!P56) -> #DIV/0! | Q73: =CONCATENATE(TEXT(DataSheet!AM56,"0.00")," ",DataSheet!P56) -> #DIV/0! | U73: =CONCATENATE(TEXT(DataSheet!EL56,"0.000 0")," ",DataSheet!EH56) -> #DIV/0!
E74: =DataSheet!F57 -> 600 kΩ | I74: =CONCATENATE(DataSheet!L57," ",DataSheet!P57) -> 500 kΩ | M74: =CONCATENATE(TEXT(DataSheet!AH57,"0.0")," ",DataSheet!P57) -> #DIV/0! | Q74: =CONCATENATE(TEXT(DataSheet!AM57,"0.0")," ",DataSheet!P57) -> #DIV/0! | U74: =CONCATENATE(TEXT(DataSheet!EL57,"0.000")," ",DataSheet!EH57) -> #DIV/0!
E75: =DataSheet!F58 -> 6 MΩ | I75: =CONCATENATE(DataSheet!L58," ",DataSheet!P58) -> 5 MΩ | M75: =CONCATENATE(TEXT(DataSheet!AH58,"0.000")," ",DataSheet!P58) -> #DIV/0! | Q75: =CONCATENATE(TEXT(DataSheet!AM58,"0.000")," ",DataSheet!P58) -> #DIV/0! | U75: =CONCATENATE(TEXT(DataSheet!EL58,"0.000 0")," ",DataSheet!EH58) -> #DIV/0!
E76: =DataSheet!F59 -> 40 MΩ | I76: =CONCATENATE(DataSheet!L59," ",DataSheet!P59) -> 10 MΩ | M76: =CONCATENATE(TEXT(DataSheet!AH59,"0.00")," ",DataSheet!P59) -> #DIV/0! | Q76: =CONCATENATE(TEXT(DataSheet!AM59,"0.00")," ",DataSheet!P59) -> #DIV/0! | U76: =CONCATENATE(TEXT(DataSheet!EL59,"0.000 0")," ",DataSheet!EH59) -> #DIV/0!
I77: =CONCATENATE(DataSheet!L60," ",DataSheet!P60) -> 30 MΩ | M77: =CONCATENATE(TEXT(DataSheet!AH60,"0.00")," ",DataSheet!P60) -> #DIV/0! | Q77: =CONCATENATE(TEXT(DataSheet!AM60,"0.00")," ",DataSheet!P60) -> #DIV/0! | U77: =CONCATENATE(TEXT(DataSheet!EL60,"0.000 0")," ",DataSheet!EH60) -> #DIV/0!
E79: =DataSheet!F62 -> Continuity Test
E80: Range | I80: Applied Value | M80: UUT Response | U80: Remarks
M81: Expected | Q81: Actual
E82: =DataSheet!F65 -> 600 Ω | I82: =CONCATENATE(DataSheet!L65," ",DataSheet!P65) -> 25 Ω | M82: =DataSheet!AA65 -> Beep On | Q82: =DataSheet!S65 -> Beep On | U82: =DataSheet!AI65 -> PASS
I83: =CONCATENATE(DataSheet!L66," ",DataSheet!P66) -> 250 Ω | M83: =DataSheet!AA66 -> Beep Off | Q83: =DataSheet!S66 -> Beep Off | U83: =DataSheet!AI66 -> PASS
E85: =DataSheet!F68 -> AC Voltage Test
E86: Range | I86: Nominal Value | M86: Measured Value | Q86: Error | U86: Uncertainty
E88: =DataSheet!F71 -> 6 V | I88: =CONCATENATE(DataSheet!L71," ",DataSheet!P71," / ",DataSheet!S71) -> 5 V / 45 Hz | M88: =CONCATENATE(TEXT(DataSheet!AM71,"0.000")," ",DataSheet!P71) -> #DIV/0! | Q88: =CONCATENATE(TEXT(DataSheet!AR71,"0.000")," ",DataSheet!P71) -> #DIV/0! | U88: =CONCATENATE(,TEXT(DataSheet!EL71,"0.000 0")," ",DataSheet!EH71) -> #DIV/0!
I89: =CONCATENATE(DataSheet!L72," ",DataSheet!P72," / ",DataSheet!S72) -> 5 V / 1 kHz | M89: =CONCATENATE(TEXT(DataSheet!AM72,"0.000")," ",DataSheet!P72) -> #DIV/0! | Q89: =CONCATENATE(TEXT(DataSheet!AR72,"0.000")," ",DataSheet!P72) -> #DIV/0! | U89: =CONCATENATE(,TEXT(DataSheet!EL72,"0.000 0")," ",DataSheet!EH72) -> #DIV/0!
E90: =DataSheet!F73 -> 60 V | I90: =CONCATENATE(DataSheet!L73," ",DataSheet!P73," / ",DataSheet!S73) -> 50 V / 45 Hz | M90: =CONCATENATE(TEXT(DataSheet!AM73,"0.00")," ",DataSheet!P73) -> #DIV/0! | Q90: =CONCATENATE(TEXT(DataSheet!AR73,"0.00")," ",DataSheet!P73) -> #DIV/0! | U90: =CONCATENATE(,TEXT(DataSheet!EL73,"0.000")," ",DataSheet!EH73) -> #DIV/0!
I91: =CONCATENATE(DataSheet!L74," ",DataSheet!P74," / ",DataSheet!S74) -> 50 V / 1 kHz | M91: =CONCATENATE(TEXT(DataSheet!AM74,"0.00")," ",DataSheet!P74) -> #DIV/0! | Q91: =CONCATENATE(TEXT(DataSheet!AR74,"0.00")," ",DataSheet!P74) -> #DIV/0! | U91: =CONCATENATE(,TEXT(DataSheet!EL74,"0.000")," ",DataSheet!EH74) -> #DIV/0!
E92: =DataSheet!F75 -> 600 V | I92: =CONCATENATE(DataSheet!L75," ",DataSheet!P75," / ",DataSheet!S75) -> 600 V / 45 Hz | M92: =CONCATENATE(TEXT(DataSheet!AM75,"0.0")," ",DataSheet!P75) -> #DIV/0! | Q92: =CONCATENATE(TEXT(DataSheet!AR75,"0.0")," ",DataSheet!P75) -> #DIV/0! | U92: =CONCATENATE(,TEXT(DataSheet!EL75,"0.00")," ",DataSheet!EH75) -> #DIV/0!
I93: =CONCATENATE(DataSheet!L76," ",DataSheet!P76," / ",DataSheet!S76) -> 600 V / 1 kHz | M93: =CONCATENATE(TEXT(DataSheet!AM76,"0.0")," ",DataSheet!P76) -> #DIV/0! | Q93: =CONCATENATE(TEXT(DataSheet!AR76,"0.0")," ",DataSheet!P76) -> #DIV/0! | U93: =CONCATENATE(,TEXT(DataSheet!EL76,"0.000")," ",DataSheet!EH76) -> #DIV/0!
E95: =DataSheet!F78 -> AC Voltage Frequency Test
E96: Range | I96: Nominal Value | M96: Measured Value | Q96: Error | U96: Uncertainty
E98: =DataSheet!F81 -> 6 V | I98: =CONCATENATE(DataSheet!L81," ",DataSheet!P81," / ",DataSheet!S81) -> 50 kHz / 2 V | M98: =CONCATENATE(TEXT(DataSheet!AM81,"0.00")," ",DataSheet!P81) -> #DIV/0! | Q98: =CONCATENATE(TEXT(DataSheet!AR81,"0.00")," ",DataSheet!P81) -> #DIV/0! | U98: =CONCATENATE(,TEXT(DataSheet!EL81,"0.000 0")," ",DataSheet!EH81) -> #DIV/0!
B108: =DataSheet!B131 -> 0
B109: Calibration Officer
C119: Measurement Results:
E121: =DataSheet!F83 -> DC Voltage Test
E122: Range | I122: Nominal Value | M122: Measured Value | Q122: Error | U122: Uncertainty
E124: =DataSheet!F86 -> 6 V | I124: =CONCATENATE(DataSheet!L86," ",DataSheet!P86) -> 0 V | M124: =CONCATENATE(TEXT(DataSheet!AH86,"0.000")," ",DataSheet!P86) -> #DIV/0! | Q124: =CONCATENATE(TEXT(DataSheet!AM86,"0.000")," ",DataSheet!P86) -> #DIV/0! | U124: =CONCATENATE(TEXT(DataSheet!EL86,"0.000 00")," ",DataSheet!EH86) -> #DIV/0!
I125: =CONCATENATE(DataSheet!L87," ",DataSheet!P87) -> 5 V | M125: =CONCATENATE(TEXT(DataSheet!AH87,"0.000")," ",DataSheet!P87) -> #DIV/0! | Q125: =CONCATENATE(TEXT(DataSheet!AM87,"0.000")," ",DataSheet!P87) -> #DIV/0! | U125: =CONCATENATE(TEXT(DataSheet!EL87,"0.000 00")," ",DataSheet!EH87) -> #DIV/0!
E126: =DataSheet!F88 -> 60 V | I126: =CONCATENATE(DataSheet!L88," ",DataSheet!P88) -> 50 V | M126: =CONCATENATE(TEXT(DataSheet!AH88,"0.00")," ",DataSheet!P88) -> #DIV/0! | Q126: =CONCATENATE(TEXT(DataSheet!AM88,"0.00")," ",DataSheet!P88) -> #DIV/0! | U126: =CONCATENATE(TEXT(DataSheet!EL88,"0.000 0")," ",DataSheet!EH88) -> #DIV/0!
E127: =DataSheet!F89 -> 600 V | I127: =CONCATENATE(DataSheet!L89," ",DataSheet!P89) -> 600 V | M127: =CONCATENATE(TEXT(DataSheet!AH89,"0.0")," ",DataSheet!P89) -> #DIV/0! | Q127: =CONCATENATE(TEXT(DataSheet!AM89,"0.0")," ",DataSheet!P89) -> #DIV/0! | U127: =CONCATENATE(TEXT(DataSheet!EL89,"0.000")," ",DataSheet!EH89) -> #DIV/0!
I128: =CONCATENATE(DataSheet!L90," ",DataSheet!P90) -> -600 V | M128: =CONCATENATE(TEXT(DataSheet!AH90,"0.0")," ",DataSheet!P90) -> #DIV/0! | Q128: =CONCATENATE(TEXT(DataSheet!AM90,"0.0")," ",DataSheet!P90) -> #DIV/0! | U128: =CONCATENATE(TEXT(DataSheet!EL90,"0.000")," ",DataSheet!EH90) -> #DIV/0!
E130: =DataSheet!F92 -> AC milli Volt Test
E131: Range | I131: Nominal Value | M131: Measured Value | Q131: Error | U131: Uncertainty
E133: =DataSheet!F95 -> 600 mV | I133: =CONCATENATE(DataSheet!L95," ",DataSheet!P95," / ",DataSheet!S95) -> 6 mV / 45 Hz | M133: =CONCATENATE(TEXT(DataSheet!AM95,"0.0")," ",DataSheet!P95) -> #DIV/0! | Q133: =CONCATENATE(TEXT(DataSheet!AR95,"0.0")," ",DataSheet!P95) -> #DIV/0! | U133: =CONCATENATE(,TEXT(DataSheet!EL95,"0.000")," ",DataSheet!EH95) -> #DIV/0!
I134: =CONCATENATE(DataSheet!L96," ",DataSheet!P96," / ",DataSheet!S96) -> 600 mV / 1 kHz | M134: =CONCATENATE(TEXT(DataSheet!AM96,"0.0")," ",DataSheet!P96) -> #DIV/0! | Q134: =CONCATENATE(TEXT(DataSheet!AR96,"0.0")," ",DataSheet!P96) -> #DIV/0! | U134: =CONCATENATE(,TEXT(DataSheet!EL96,"0.00")," ",DataSheet!EH96) -> #DIV/0!
E136: =DataSheet!F98 -> DC milli Volt Test
E137: Range | I137: Nominal Value | M137: Measured Value | Q137: Error | U137: Uncertainty
E139: =DataSheet!F101 -> 600 mV | I139: =CONCATENATE(DataSheet!L101," ",DataSheet!P101) -> 10 mV | M139: =CONCATENATE(TEXT(DataSheet!AH101,"0.0")," ",DataSheet!P101) -> #DIV/0! | Q139: =CONCATENATE(TEXT(DataSheet!AM101,"0.0")," ",DataSheet!P101) -> #DIV/0! | U139: =CONCATENATE(,TEXT(DataSheet!EL101,"0.000")," ",DataSheet!EH101) -> #DIV/0!
I140: =CONCATENATE(DataSheet!L102," ",DataSheet!P102) -> 600 mV | M140: =CONCATENATE(TEXT(DataSheet!AH102,"0.0")," ",DataSheet!P102) -> #DIV/0! | Q140: =CONCATENATE(TEXT(DataSheet!AM102,"0.0")," ",DataSheet!P102) -> #DIV/0! | U140: =CONCATENATE(,TEXT(DataSheet!EL102,"0.000")," ",DataSheet!EH102) -> #DIV/0!
E142: =DataSheet!F104 -> Diode Test
E143: Range | I143: Nominal Value | M143: Measured Value | Q143: Error | U143: Uncertainty
E145: =DataSheet!F107 -> 2 V | I145: =CONCATENATE(DataSheet!L107," ",DataSheet!P107) -> 1.9 V | M145: =CONCATENATE(TEXT(DataSheet!AH107,"0.000")," ",DataSheet!P107) -> #DIV/0! | Q145: =CONCATENATE(TEXT(DataSheet!AM107,"0.000")," ",DataSheet!P107) -> #DIV/0! | U145: =CONCATENATE(,TEXT(DataSheet!EL107,"0.000 00")," ",DataSheet!EH107) -> #DIV/0!
E147: =DataSheet!F109 -> Capacitance Test
E148: Range | I148: Nominal Value | M148: Measured Value | Q148: Error | U148: Uncertainty
E150: =DataSheet!F112 -> 1 000 nF | I150: =DataSheet!L112&" *" -> Open * | M150: =CONCATENATE(TEXT(DataSheet!AH112,"0")," ",DataSheet!P112) -> #DIV/0! | Q150: =CONCATENATE(TEXT(DataSheet!AM112,"0")," ",DataSheet!P112) -> #DIV/0! | U150: -
E151: =DataSheet!F113 -> 9 999 µF | I151: =CONCATENATE(DataSheet!L113," ",DataSheet!P113,)&" *" -> 900 µF * | M151: =CONCATENATE(TEXT(DataSheet!AH113,"0")," ",DataSheet!P113) -> #DIV/0! | Q151: =CONCATENATE(TEXT(DataSheet!AM113,"0")," ",DataSheet!P113) -> #DIV/0! | U151: =CONCATENATE(TEXT(DataSheet!EL113,"0.0")," ",DataSheet!EH113) -> #DIV/0!
E153: =DataSheet!F115 -> LoZ Capacitance Test
E154: Range | I154: Nominal Value | M154: Measured Value | Q154: Error | U154: Uncertainty
E156: =DataSheet!F118 -> 10 µF | I156: =CONCATENATE(DataSheet!L118," ",DataSheet!P118)&" *" -> 9 µF * | M156: =CONCATENATE(TEXT(DataSheet!AH118,"0.00")," ",DataSheet!P118) -> #DIV/0! | Q156: =CONCATENATE(TEXT(DataSheet!AM118,"0.00")," ",DataSheet!P118) -> #DIV/0! | U156: =CONCATENATE(,TEXT(DataSheet!EL118,"0.000")," ",DataSheet!EH118) -> #DIV/0!
B160: =DataSheet!B131 -> 0
B161: Calibration Officer
C171: Measurement Results:
E173: =DataSheet!F120 -> DC Current Test
E174: Range | I174: Nominal Value | M174: Measured Value | Q174: Error | U174: Uncertainty
E176: =DataSheet!F123 -> 10 A | I176: =CONCATENATE(DataSheet!L123," ",DataSheet!P123) -> 10 A | M176: =CONCATENATE(TEXT(DataSheet!AH123,"0.00")," ",DataSheet!P123) -> #DIV/0! | Q176: =CONCATENATE(TEXT(DataSheet!AM123,"0.00")," ",DataSheet!P123) -> #DIV/0! | U176: =CONCATENATE(,TEXT(DataSheet!EL123,"0.000 0")," ",DataSheet!EH123) -> #DIV/0!
E178: =DataSheet!F125 -> AC Current Test
E179: Range | I179: Nominal Value | M179: Measured Value | Q179: Error | U179: Uncertainty
E181: =DataSheet!F128 -> 6 A | I181: =CONCATENATE(DataSheet!L128," ",DataSheet!P128," / ",DataSheet!S128) -> 5 A / 45 Hz | M181: =CONCATENATE(TEXT(DataSheet!AH128,"0.00")," ",DataSheet!P128) -> 0.00 A | Q181: =CONCATENATE(TEXT(DataSheet!AR128,"0.00")," ",DataSheet!P128) -> #DIV/0! | U181: =CONCATENATE(,TEXT(DataSheet!EL128,"0.000")," ",DataSheet!EH128) -> #DIV/0!
A192: i
A207: i
B214: =DataSheet!B131 -> 0
B215: Calibration Officer
E273: =DataSheet!B131 -> 0
E274: Calibration Officer

Sheet DataSheet
B3: CALIBRATION DATASHEET
F5: Work Order No.: | AI5: Technical ID:
B6: Unit Under Calibration
B7: Description | J7: : | K7: Digital Multimeter | AB7: Received Date | AK7: :
B9: Manufacturer | J9: : | K9: Fluke | AB9: Calibration Date | AK9: :
B11: Model | J11: : | K11: 117 | AB11: Options Installed | AK11: : | AL11: none
B13: Serial Number | J13: : | AB13: Customer P.O. | AK13: : | AL13: none
B15: Range | J15: : | K15: See specification sheet | AB15: Asset Number | AK15: : | AL15: none
B17: Res/Readability | J17: : | K17: See specification sheet | AB17: Accuracy | AK17: : | AL17: See specification sheet
B19: Prev. SES Cal Cert: | J19: : | K19: none | AB19: Previous Technician | AK19: : | AL19: none
B22: Customer Details | AB22: Calibration Location
B23: Company | G23: : | AE23: X | AG23: In-House (SONJU Laboratory)
B25: Address | G25: : | AG25: On-Site Calibration (Please Specify)
AG27: Electrical Calibration Area
B29: Reference Standard/s Used
B30: Description | Q30: Serial No. | AB30: Cal Report Ref. | AO30: Due Date
B31: Multiproduct Calibrator | Q31: 8100021 | AB31: 24-9973-01ALT Rev.00
B33: Accessory Used
B34: Description | Q34: Serial No. | AB34: Brand | AO34: Model
B35: none | Q35: none | AB35: none | AO35: none
B37: Environmental Condition | AB37: Calibration Method
F38: Temperature | O38: Relative Humidity | AB38: As per Manufacturer's recommended performance tests procedure for Fluke 117 Digital Multimeters Calibration Information, 1st - rev., September 2006.
H39: Start: | K39: oC | Q39: Start: | T39: %rh
H40: End: | K40: oC | Q40: End: | T40: %rh
B42: Observations
AU43: Adjustment
AU44: Needed?
AX45: YES
AW46: x | AX46: NO
B48: Measurement Results
F50: Resistance Test | BY50: Standard | CL50: Drift | CY50: Resolution | DM50: Repeatability | EB50: Expanded Uncertainty | EJ50: MINIMUM CMC | EL50: FINAL UNCERTAINTY DECLARATION
F51: Range | L51: Nominal Value | S51: Measured Value | AH51: Average | AM51: Error | BC51: Tolerance | BH51: Upper Limit | BM51: Lower Limit | BR51: Remarks | BY51: Source | BZ51: Distribution | CA51: Type | CB51: or | CC51: Unit | CD51: Divisor | CE51: Ui | CF51: Ci | CG51: UiCi | CH51: (UiCi)^2 | CI51: Vi | CJ51: (UiCi)^4 / Vi | CL51: Source | CM51: Distribution | CN51: Type | CO51: or | CP51: Unit | CQ51: Divisor | CR51: Ui | CS51: Ci | CT51: UiCi | CU51: (UiCi)^2 | CV51: Vi | CW51: (UiCi)^4 / Vi | CY51: Resolution | CZ51: Source | DA51: Distribution | DB51: Type | DC51: or | DD51: Unit | DE51: Divisor | DF51: Ui | DG51: Ci | DH51: UiCi | DI51: (UiCi)^2 | DJ51: Vi | DK51: (UiCi)^4 / Vi | DM51: No. of trial | DN51: Std. Dev | DO51: Source | DP51: Distribution | DQ51: Type | DR51: or | DS51: Unit | DT51: Divisor | DU51: Ui | DV51: Ci | DW51: UiCi | DX51: (UiCi)^2 | DY51: Vi | DZ51: (UiCi)^4 / Vi | EB51: Sum of | EC51: Sum of | ED51: COMBINED STANDARD | EE51: EFFECTIVE DEGREES | EF51: C. FACTOR, k = student's | EG51: EXPANDED UNCERTAINTY,
S52: 1 | X52: 2 | AC52: 3 | CB52: (±) | CO52: (±) | DC52: (±) | DR52: (±) | EB52: (UiCi)^2 | EC52: (UiCi)^4 | ED52: UNCERTAINTY, Uc | EE52: OF FREEDOM, Veff | EF52: t for Veff and 95 % C.L. | EG52: U @ 95 % C.L. ±
F53: 600 Ω | L53: 0 | P53: Ω | AH53: =AVERAGE(S53:AG53) -> #DIV/0! | AM53: =AH53-L53 -> #DIV/0! | BC53: =(AH53*0.9%)+(2+CY53) -> #DIV/0! | BH53: =L53+BC53 -> #DIV/0! | BM53: =L53-BC53 -> #DIV/0! | BR53: =IF(AND(AH53<=BH53,AH53>=BM53),"PASS","FAIL") -> #DIV/0! | BY53: COC | BZ53: Normal | CA53: B | CB53: 7.7e-05 | CC53: =P53 -> Ω | CD53: 2 | CE53: =CB53/CD53 -> 3.85e-05 | CF53: 1 | CG53: =CE53*CF53 -> 3.85e-05 | CH53: =CG53^2 -> 1.48225e-09 | CI53: 200 | CJ53: =CG53^4/CI53 -> 1.0985325e-20 | CL53: Annual Drift | CM53: Rectangular | CN53: B | CO53: 0 | CP53: =CC53 -> Ω | CQ53: =SQRT(3) -> 1.7320508 | CR53: =CO53/CQ53 -> 0 | CS53: 1 | CT53: =CR53*CS53 -> 0 | CU53: =CT53^2 -> 0 | CV53: 200 | CW53: =CT53^4/CV53 -> 0 | CY53: 0.1 | CZ53: Readability | DA53: Rectangular | DB53: B | DC53: =CY53/2 -> 0.05 | DD53: =P53 -> Ω | DE53: =SQRT(3) -> 1.7320508 | DF53: =DC53/DE53 -> 0.028867513 | DG53: 1 | DH53: =DF53*DG53 -> 0.028867513 | DI53: =DH53^2 -> 0.00083333333 | DJ53: 200 | DK53: =DH53^4/DJ53 -> 3.4722222e-09 | DM53: 3 | DN53: =STDEV(S53:AG53) -> #DIV/0! | DO53: Std. Dev of Reading | DP53: Normal | DQ53: A | DR53: =DN53 -> #DIV/0! | DS53: =P53 -> Ω | DT53: =SQRT(DM53) -> 1.7320508 | DU53: =DR53/DT53 -> #DIV/0! | DV53: 1 | DW53: =DU53*DV53 -> #DIV/0! | DX53: =DW53^2 -> #DIV/0! | DY53: 2 | DZ53: =DW53^4/DY53 -> #DIV/0! | EB53: =CH53+DI53+DX53 -> #DIV/0! | EC53: =CJ53+DK53+DZ53 -> #DIV/0! | ED53: =SQRT(EB53) -> #DIV/0! | EE53: =(ED53^4)/EC53 -> #DIV/0! | EF53: =ROUND(TINV(0.05,EE53),0) -> #DIV/0! | EG53: =(ED53*EF53) -> #DIV/0! | EH53: =P53 -> Ω | EJ53: 0.0078 | EK53: =EH53 -> Ω | EL53: =MAX(EJ53,EG53) -> #DIV/0! | EM53: =EK53 -> Ω
F54: 600 Ω | L54: 500 | P54: Ω | AH54: =AVERAGE(S54:AG54) -> #DIV/0! | AM54: =AH54-L54 -> #DIV/0! | BC54: =(AH54*0.9%)+(2+CY54) -> #DIV/0! | BH54: =L54+BC54 -> #DIV/0! | BM54: =L54-BC54 -> #DIV/0! | BR54: =IF(AND(AH54<=BH54,AH54>=BM54),"PASS","FAIL") -> #DIV/0! | BY54: COC | BZ54: Normal | CA54: B | CB54: 0.003 | CC54: =P54 -> Ω | CD54: 2 | CE54: =CB54/CD54 -> 0.0015 | CF54: 1 | CG54: =CE54*CF54 -> 0.0015 | CH54: =CG54^2 -> 2.25e-06 | CI54: 200 | CJ54: =CG54^4/CI54 -> 2.53125e-14 | CL54: Annual Drift | CM54: Rectangular | CN54: B | CO54: 0 | CP54: =CC54 -> Ω | CQ54: =SQRT(3) -> 1.7320508 | CR54: =CO54/CQ54 -> 0 | CS54: 1 | CT54: =CR54*CS54 -> 0 | CU54: =CT54^2 -> 0 | CV54: 200 | CW54: =CT54^4/CV54 -> 0 | CY54: 0.1 | CZ54: Readability | DA54: Rectangular | DB54: B | DC54: =CY54/2 -> 0.05 | DD54: =P54 -> Ω | DE54: =SQRT(3) -> 1.7320508 | DF54: =DC54/DE54 -> 0.028867513 | DG54: 1 | DH54: =DF54*DG54 -> 0.028867513 | DI54: =DH54^2 -> 0.00083333333 | DJ54: 200 | DK54: =DH54^4/DJ54 -> 3.4722222e-09 | DM54: 3 | DN54: =STDEV(S54:AG54) -> #DIV/0! | DO54: Std. Dev of Reading | DP54: Normal | DQ54: A | DR54: =DN54 -> #DIV/0! | DS54: =P54 -> Ω | DT54: =SQRT(DM54) -> 1.7320508 | DU54: =DR54/DT54 -> #DIV/0! | DV54: 1 | DW54: =DU54*DV54 -> #DIV/0! | DX54: =DW54^2 -> #DIV/0! | DY54: 2 | DZ54: =DW54^4/DY54 -> #DIV/0! | EB54: =CH54+DI54+DX54 -> #DIV/0! | EC54: =CJ54+DK54+DZ54 -> #DIV/0! | ED54: =SQRT(EB54) -> #DIV/0! | EE54: =(ED54^4)/EC54 -> #DIV/0! | EF54: =ROUND(TINV(0.05,EE54),0) -> #DIV/0! | EG54: =(ED54*EF54) -> #DIV/0! | EH54: =P54 -> Ω | EJ54: 0.023 | EK54: =EH54 -> Ω | EL54: =MAX(EJ54,EG54) -> #DIV/0! | EM54: =EK54 -> Ω
F55: 6 kΩ | L55: 5 | P55: kΩ | AH55: =AVERAGE(S55:AG55) -> #DIV/0! | AM55: =AH55-L55 -> #DIV/0! | BC55: =(AH55*0.9%)+(1+CY55) -> #DIV/0! | BH55: =L55+BC55 -> #DIV/0! | BM55: =L55-BC55 -> #DIV/0! | BR55: =IF(AND(AH55<=BH55,AH55>=BM55),"PASS","FAIL") -> #DIV/0! | BY55: COC | BZ55: Normal | CA55: B | CB55: 5.5e-05 | CC55: =P55 -> kΩ | CD55: 2 | CE55: =CB55/CD55 -> 2.75e-05 | CF55: 1 | CG55: =CE55*CF55 -> 2.75e-05 | CH55: =CG55^2 -> 7.5625e-10 | CI55: 200 | CJ55: =CG55^4/CI55 -> 2.8595703e-21 | CL55: Annual Drift | CM55: Rectangular | CN55: B | CO55: 0 | CP55: =CC55 -> kΩ | CQ55: =SQRT(3) -> 1.7320508 | CR55: =CO55/CQ55 -> 0 | CS55: 1 | CT55: =CR55*CS55 -> 0 | CU55: =CT55^2 -> 0 | CV55: 200 | CW55: =CT55^4/CV55 -> 0 | CY55: 0.001 | CZ55: Readability | DA55: Rectangular | DB55: B | DC55: =CY55/2 -> 0.0005 | DD55: =P55 -> kΩ | DE55: =SQRT(3) -> 1.7320508 | DF55: =DC55/DE55 -> 0.00028867513 | DG55: 1 | DH55: =DF55*DG55 -> 0.00028867513 | DI55: =DH55^2 -> 8.3333333e-08 | DJ55: 200 | DK55: =DH55^4/DJ55 -> 3.4722222e-17 | DM55: 3 | DN55: =STDEV(S55:AG55) -> #DIV/0! | DO55: Std. Dev of Reading | DP55: Normal | DQ55: A | DR55: =DN55 -> #DIV/0! | DS55: =P55 -> kΩ | DT55: =SQRT(DM55) -> 1.7320508 | DU55: =DR55/DT55 -> #DIV/0! | DV55: 1 | DW55: =DU55*DV55 -> #DIV/0! | DX55: =DW55^2 -> #DIV/0! | DY55: 2 | DZ55: =DW55^4/DY55 -> #DIV/0! | EB55: =CH55+DI55+DX55 -> #DIV/0! | EC55: =CJ55+DK55+DZ55 -> #DIV/0! | ED55: =SQRT(EB55) -> #DIV/0! | EE55: =(ED55^4)/EC55 -> #DIV/0! | EF55: =ROUND(TINV(0.05,EE55),0) -> #DIV/0! | EG55: =(ED55*EF55) -> #DIV/0! | EH55: =P55 -> kΩ | EJ55: 0.00023 | EK55: =EH55 -> kΩ | EL55: =MAX(EJ55,EG55) -> #DIV/0! | EM55: =EK55 -> kΩ
F56: 60 kΩ | L56: 50 | P56: kΩ | AH56: =AVERAGE(S56:AG56) -> #DIV/0! | AM56: =AH56-L56 -> #DIV/0! | BC56: =(AH56*0.9%)+(1+CY56) -> #DIV/0! | BH56: =L56+BC56 -> #DIV/0! | BM56: =L56-BC56 -> #DIV/0! | BR56: =IF(AND(AH56<=BH56,AH56>=BM56),"PASS","FAIL") -> #DIV/0! | BY56: COC | BZ56: Normal | CA56: B | CB56: 0.00081 | CC56: =P56 -> kΩ | CD56: 2 | CE56: =CB56/CD56 -> 0.000405 | CF56: 1 | CG56: =CE56*CF56 -> 0.000405 | CH56: =CG56^2 -> 1.64025e-07 | CI56: 200 | CJ56: =CG56^4/CI56 -> 1.34521e-16 | CL56: Annual Drift | CM56: Rectangular | CN56: B | CO56: 0 | CP56: =CC56 -> kΩ | CQ56: =SQRT(3) -> 1.7320508 | CR56: =CO56/CQ56 -> 0 | CS56: 1 | CT56: =CR56*CS56 -> 0 | CU56: =CT56^2 -> 0 | CV56: 200 | CW56: =CT56^4/CV56 -> 0 | CY56: 0.01 | CZ56: Readability | DA56: Rectangular | DB56: B | DC56: =CY56/2 -> 0.005 | DD56: =P56 -> kΩ | DE56: =SQRT(3) -> 1.7320508 | DF56: =DC56/DE56 -> 0.0028867513 | DG56: 1 | DH56: =DF56*DG56 -> 0.0028867513 | DI56: =DH56^2 -> 8.3333333e-06 | DJ56: 200 | DK56: =DH56^4/DJ56 -> 3.4722222e-13 | DM56: 3 | DN56: =STDEV(S56:AG56) -> #DIV/0! | DO56: Std. Dev of Reading | DP56: Normal | DQ56: A | DR56: =DN56 -> #DIV/0! | DS56: =P56 -> kΩ | DT56: =SQRT(DM56) -> 1.7320508 | DU56: =DR56/DT56 -> #DIV/0! | DV56: 1 | DW56: =DU56*DV56 -> #DIV/0! | DX56: =DW56^2 -> #DIV/0! | DY56: 2 | DZ56: =DW56^4/DY56 -> #DIV/0! | EB56: =CH56+DI56+DX56 -> #DIV/0! | EC56: =CJ56+DK56+DZ56 -> #DIV/0! | ED56: =SQRT(EB56) -> #DIV/0! | EE56: =(ED56^4)/EC56 -> #DIV/0! | EF56: =ROUND(TINV(0.05,EE56),0) -> #DIV/0! | EG56: =(ED56*EF56) -> #DIV/0! | EH56: =P56 -> kΩ | EJ56: 0.0015 | EK56: =EH56 -> kΩ | EL56: =MAX(EJ56,EG56) -> #DIV/0! | EM56: =EK56 -> kΩ
F57: 600 kΩ | L57: 500 | P57: kΩ | AH57: =AVERAGE(S57:AG57) -> #DIV/0! | AM57: =AH57-L57 -> #DIV/0! | BC57: =(AH57*0.9%)+(1+CY57) -> #DIV/0! | BH57: =L57+BC57 -> #DIV/0! | BM57: =L57-BC57 -> #DIV/0! | BR57: =IF(AND(AH57<=BH57,AH57>=BM57),"PASS","FAIL") -> #DIV/0! | BY57: COC | BZ57: Normal | CA57: B | CB57: 0.0066 | CC57: =P57 -> kΩ | CD57: 2 | CE57: =CB57/CD57 -> 0.0033 | CF57: 1 | CG57: =CE57*CF57 -> 0.0033 | CH57: =CG57^2 -> 1.089e-05 | CI57: 200 | CJ57: =CG57^4/CI57 -> 5.929605e-13 | CL57: Annual Drift | CM57: Rectangular | CN57: B | CO57: 0 | CP57: =CC57 -> kΩ | CQ57: =SQRT(3) -> 1.7320508 | CR57: =CO57/CQ57 -> 0 | CS57: 1 | CT57: =CR57*CS57 -> 0 | CU57: =CT57^2 -> 0 | CV57: 200 | CW57: =CT57^4/CV57 -> 0 | CY57: 0.1 | CZ57: Readability | DA57: Rectangular | DB57: B | DC57: =CY57/2 -> 0.05 | DD57: =P57 -> kΩ | DE57: =SQRT(3) -> 1.7320508 | DF57: =DC57/DE57 -> 0.028867513 | DG57: 1 | DH57: =DF57*DG57 -> 0.028867513 | DI57: =DH57^2 -> 0.00083333333 | DJ57: 200 | DK57: =DH57^4/DJ57 -> 3.4722222e-09 | DM57: 3 | DN57: =STDEV(S57:AG57) -> #DIV/0! | DO57: Std. Dev of Reading | DP57: Normal | DQ57: A | DR57: =DN57 -> #DIV/0! | DS57: =P57 -> kΩ | DT57: =SQRT(DM57) -> 1.7320508 | DU57: =DR57/DT57 -> #DIV/0! | DV57: 1 | DW57: =DU57*DV57 -> #DIV/0! | DX57: =DW57^2 -> #DIV/0! | DY57: 2 | DZ57: =DW57^4/DY57 -> #DIV/0! | EB57: =CH57+DI57+DX57 -> #DIV/0! | EC57: =CJ57+DK57+DZ57 -> #DIV/0! | ED57: =SQRT(EB57) -> #DIV/0! | EE57: =(ED57^4)/EC57 -> #DIV/0! | EF57: =ROUND(TINV(0.05,EE57),0) -> #DIV/0! | EG57: =(ED57*EF57) -> #DIV/0! | EH57: =P57 -> kΩ | EJ57: 0.016 | EK57: =EH57 -> kΩ | EL57: =MAX(EJ57,EG57) -> #DIV/0! | EM57: =EK57 -> kΩ
F58: 6 MΩ | L58: 5 | P58: MΩ | AH58: =AVERAGE(S58:AG58) -> #DIV/0! | AM58: =AH58-L58 -> #DIV/0! | BC58: =(AH58*0.9%)+(1+CY58) -> #DIV/0! | BH58: =L58+BC58 -> #DIV/0! | BM58: =L58-BC58 -> #DIV/0! | BR58: =IF(AND(AH58<=BH58,AH58>=BM58),"PASS","FAIL") -> #DIV/0! | BY58: COC | BZ58: Normal | CA58: B | CB58: 0.00048 | CC58: =P58 -> MΩ | CD58: 2 | CE58: =CB58/CD58 -> 0.00024 | CF58: 1 | CG58: =CE58*CF58 -> 0.00024 | CH58: =CG58^2 -> 5.76e-08 | CI58: 200 | CJ58: =CG58^4/CI58 -> 1.65888e-17 | CL58: Annual Drift | CM58: Rectangular | CN58: B | CO58: 0 | CP58: =CC58 -> MΩ | CQ58: =SQRT(3) -> 1.7320508 | CR58: =CO58/CQ58 -> 0 | CS58: 1 | CT58: =CR58*CS58 -> 0 | CU58: =CT58^2 -> 0 | CV58: 200 | CW58: =CT58^4/CV58 -> 0 | CY58: 0.001 | CZ58: Readability | DA58: Rectangular | DB58: B | DC58: =CY58/2 -> 0.0005 | DD58: =P58 -> MΩ | DE58: =SQRT(3) -> 1.7320508 | DF58: =DC58/DE58 -> 0.00028867513 | DG58: 1 | DH58: =DF58*DG58 -> 0.00028867513 | DI58: =DH58^2 -> 8.3333333e-08 | DJ58: 200 | DK58: =DH58^4/DJ58 -> 3.4722222e-17 | DM58: 3 | DN58: =STDEV(S58:AG58) -> #DIV/0! | DO58: Std. Dev of Reading | DP58: Normal | DQ58: A | DR58: =DN58 -> #DIV/0! | DS58: =P58 -> MΩ | DT58: =SQRT(DM58) -> 1.7320508 | DU58: =DR58/DT58 -> #DIV/0! | DV58: 1 | DW58: =DU58*DV58 -> #DIV/0! | DX58: =DW58^2 -> #DIV/0! | DY58: 2 | DZ58: =DW58^4/DY58 -> #DIV/0! | EB58: =CH58+DI58+DX58 -> #DIV/0! | EC58: =CJ58+DK58+DZ58 -> #DIV/0! | ED58: =SQRT(EB58) -> #DIV/0! | EE58: =(ED58^4)/EC58 -> #DIV/0! | EF58: =ROUND(TINV(0.05,EE58),0) -> #DIV/0! | EG58: =(ED58*EF58) -> #DIV/0! | EH58: =P58 -> MΩ | EJ58: 0.00053 | EK58: =EH58 -> MΩ | EL58: =MAX(EJ58,EG58) -> #DIV/0! | EM58: =EK58 -> MΩ
F59: 40 MΩ | L59: 10 | P59: MΩ | AH59: =AVERAGE(S59:AG59) -> #DIV/0! | AM59: =AH59-L59 -> #DIV/0! | BC59: =(AH59*5%)+(2+CY59) -> #DIV/0! | BH59: =L59+BC59 -> #DIV/0! | BM59: =L59-BC59 -> #DIV/0! | BR59: =IF(AND(AH59<=BH59,AH59>=BM59),"PASS","FAIL") -> #DIV/0! | BY59: COC | BZ59: Normal | CA59: B | CB59: 0.00048 | CC59: =P59 -> MΩ | CD59: 2 | CE59: =CB59/CD59 -> 0.00024 | CF59: 1 | CG59: =CE59*CF59 -> 0.00024 | CH59: =CG59^2 -> 5.76e-08 | CI59: 200 | CJ59: =CG59^4/CI59 -> 1.65888e-17 | CL59: Annual Drift | CM59: Rectangular | CN59: B | CO59: 0 | CP59: =CC59 -> MΩ | CQ59: =SQRT(3) -> 1.7320508 | CR59: =CO59/CQ59 -> 0 | CS59: 1 | CT59: =CR59*CS59 -> 0 | CU59: =CT59^2 -> 0 | CV59: 200 | CW59: =CT59^4/CV59 -> 0 | CY59: 0.01 | CZ59: Readability | DA59: Rectangular | DB59: B | DC59: =CY59/2 -> 0.005 | DD59: =P59 -> MΩ | DE59: =SQRT(3) -> 1.7320508 | DF59: =DC59/DE59 -> 0.0028867513 | DG59: 1 | DH59: =DF59*DG59 -> 0.0028867513 | DI59: =DH59^2 -> 8.3333333e-06 | DJ59: 200 | DK59: =DH59^4/DJ59 -> 3.4722222e-13 | DM59: 3 | DN59: =STDEV(S59:AG59) -> #DIV/0! | DO59: Std. Dev of Reading | DP59: Normal | DQ59: A | DR59: =DN59 -> #DIV/0! | DS59: =P59 -> MΩ | DT59: =SQRT(DM59) -> 1.7320508 | DU59: =DR59/DT59 -> #DIV/0! | DV59: 1 | DW59: =DU59*DV59 -> #DIV/0! | DX59: =DW59^2 -> #DIV/0! | DY59: 2 | DZ59: =DW59^4/DY59 -> #DIV/0! | EB59: =CH59+DI59+DX59 -> #DIV/0! | EC59: =CJ59+DK59+DZ59 -> #DIV/0! | ED59: =SQRT(EB59) -> #DIV/0! | EE59: =(ED59^4)/EC59 -> #DIV/0! | EF59: =ROUND(TINV(0.05,EE59),0) -> #DIV/0! | EG59: =(ED59*EF59) -> #DIV/0! | EH59: =P59 -> MΩ | EJ59: 0.00053 | EK59: =EH59 -> MΩ | EL59: =MAX(EJ59,EG59) -> #DIV/0! | EM59: =EK59 -> MΩ
F60: 40 MΩ | L60: 30 | P60: MΩ | AH60: =AVERAGE(S60:AG60) -> #DIV/0! | AM60: =AH60-L60 -> #DIV/0! | BC60: =(AH60*5%)+(2+CY60) -> #DIV/0! | BH60: =L60+BC60 -> #DIV/0! | BM60: =L60-BC60 -> #DIV/0! | BR60: =IF(AND(AH60<=BH60,AH60>=BM60),"PASS","FAIL") -> #DIV/0! | BY60: COC | BZ60: Normal | CA60: B | CB60: 0.0014 | CC60: =P60 -> MΩ | CD60: 2 | CE60: =CB60/CD60 -> 0.0007 | CF60: 1 | CG60: =CE60*CF60 -> 0.0007 | CH60: =CG60^2 -> 4.9e-07 | CI60: 200 | CJ60: =CG60^4/CI60 -> 1.2005e-15 | CL60: Annual Drift | CM60: Rectangular | CN60: B | CO60: 0 | CP60: =CC60 -> MΩ | CQ60: =SQRT(3) -> 1.7320508 | CR60: =CO60/CQ60 -> 0 | CS60: 1 | CT60: =CR60*CS60 -> 0 | CU60: =CT60^2 -> 0 | CV60: 200 | CW60: =CT60^4/CV60 -> 0 | CY60: 0.01 | CZ60: Readability | DA60: Rectangular | DB60: B | DC60: =CY60/2 -> 0.005 | DD60: =P60 -> MΩ | DE60: =SQRT(3) -> 1.7320508 | DF60: =DC60/DE60 -> 0.0028867513 | DG60: 1 | DH60: =DF60*DG60 -> 0.0028867513 | DI60: =DH60^2 -> 8.3333333e-06 | DJ60: 200 | DK60: =DH60^4/DJ60 -> 3.4722222e-13 | DM60: 3 | DN60: =STDEV(S60:AG60) -> #DIV/0! | DO60: Std. Dev of Reading | DP60: Normal | DQ60: A | DR60: =DN60 -> #DIV/0! | DS60: =P60 -> MΩ | DT60: =SQRT(DM60) -> 1.7320508 | DU60: =DR60/DT60 -> #DIV/0! | DV60: 1 | DW60: =DU60*DV60 -> #DIV/0! | DX60: =DW60^2 -> #DIV/0! | DY60: 2 | DZ60: =DW60^4/DY60 -> #DIV/0! | EB60: =CH60+DI60+DX60 -> #DIV/0! | EC60: =CJ60+DK60+DZ60 -> #DIV/0! | ED60: =SQRT(EB60) -> #DIV/0! | EE60: =(ED60^4)/EC60 -> #DIV/0! | EF60: =ROUND(TINV(0.05,EE60),0) -> #DIV/0! | EG60: =(ED60*EF60) -> #DIV/0! | EH60: =P60 -> MΩ | EJ60: 0.0041 | EK60: =EH60 -> MΩ | EL60: =MAX(EJ60,EG60) -> #DIV/0! | EM60: =EK60 -> MΩ
F62: Continuity Test
F63: Range | L63: Applied Value | S63: UUT Response | AI63: Remarks | BC63: Tolerance
S64: Expected | AA64: Actual
F65: 600 Ω | L65: 25 | P65: Ω | S65: Beep On | AA65: Beep On | AI65: =IF(AA65=S65,"PASS","FAIL") -> PASS | BC65: Beeper On
F66: 600 Ω | L66: 250 | P66: Ω | S66: Beep Off | AA66: Beep Off | AI66: =IF(AA66=S66,"PASS","FAIL") -> PASS | BC66: Beeper Off
F68: AC Voltage Test | BY68: Standard | CY68: Resolution | DM68: Repeatability | EB68: Expanded Uncertainty | EJ68: MINIMUM CMC | EL68: FINAL UNCERTAINTY DECLARATION
F69: Range | L69: Nominal Value | S69: Frequency | X69: Measured Value | AM69: Average | AR69: Error | BC69: Tolerance | BH69: Upper Limit | BM69: Lower Limit | BR69: Remarks | BY69: Source | BZ69: Distribution | CA69: Type | CB69: or | CC69: Unit | CD69: Divisor | CE69: Ui | CF69: Ci | CG69: UiCi | CH69: (UiCi)^2 | CI69: Vi | CJ69: (UiCi)^4 / Vi | CL69: Source | CM69: Distribution | CN69: Type | CO69: or | CP69: Unit | CQ69: Divisor | CR69: Ui | CS69: Ci | CT69: UiCi | CU69: (UiCi)^2 | CV69: Vi | CW69: (UiCi)^4 / Vi | CY69: Resolution | CZ69: Source | DA69: Distribution | DB69: Type | DC69: or | DD69: Unit | DE69: Divisor | DF69: Ui | DG69: Ci | DH69: UiCi | DI69: (UiCi)^2 | DJ69: Vi | DK69: (UiCi)^4 / Vi | DM69: No. of trial | DN69: Std. Dev | DO69: Source | DP69: Distribution | DQ69: Type | DR69: or | DS69: Unit | DT69: Divisor | DU69: Ui | DV69: Ci | DW69: UiCi | DX69: (UiCi)^2 | DY69: Vi | DZ69: (UiCi)^4 / Vi | EB69: Sum of | EC69: Sum of | ED69: COMBINED STANDARD | EE69: EFFECTIVE DEGREES | EF69: C. FACTOR, k = student's | EG69: EXPANDED UNCERTAINTY,
X70: 1 | AC70: 2 | AH70: 3 | CB70: (±) | CO70: (±) | DC70: (±) | DR70: (±) | EB70: (UiCi)^2 | EC70: (UiCi)^4 | ED70: UNCERTAINTY, Uc | EE70: OF FREEDOM, Veff | EF70: t for Veff and 95 % C.L. | EG70: U @ 95 % C.L. ±
F71: 6 V | L71: 5 | P71: V | S71: 45 Hz | AM71: =AVERAGE(X71:AL71) -> #DIV/0! | AR71: =AM71-L71 -> #DIV/0! | BC71: =(AM71*1%)+(3*CY71) -> #DIV/0! | BH71: =L71+BC71 -> #DIV/0! | BM71: =L71-BC71 -> #DIV/0! | BR71: =IF(AND(AM71<=BH71,AM71>=BM71),"PASS","FAIL") -> #DIV/0! | BY71: COC | BZ71: Normal | CA71: B | CB71: 0.0093 | CC71: =P71 -> V | CD71: 2 | CE71: =CB71/CD71 -> 0.00465 | CF71: 1 | CG71: =CE71*CF71 -> 0.00465 | CH71: =CG71^2 -> 2.16225e-05 | CI71: 200 | CJ71: =CG71^4/CI71 -> 2.3376625e-12 | CL71: Annual Drift | CM71: Rectangular | CN71: B | CO71: 0 | CP71: =CC71 -> V | CQ71: =SQRT(3) -> 1.7320508 | CR71: =CO71/CQ71 -> 0 | CS71: 1 | CT71: =CR71*CS71 -> 0 | CU71: =CT71^2 -> 0 | CV71: 200 | CW71: =CT71^4/CV71 -> 0 | CY71: 0.001 | CZ71: Readability | DA71: Rectangular | DB71: B | DC71: =CY71/2 -> 0.0005 | DD71: =P71 -> V | DE71: =SQRT(3) -> 1.7320508 | DF71: =DC71/DE71 -> 0.00028867513 | DG71: 1 | DH71: =DF71*DG71 -> 0.00028867513 | DI71: =DH71^2 -> 8.3333333e-08 | DJ71: 200 | DK71: =DH71^4/DJ71 -> 3.4722222e-17 | DM71: 3 | DN71: =STDEV(X71:AL71) -> #DIV/0! | DO71: Std. Dev of Reading | DP71: Normal | DQ71: A | DR71: =DN71 -> #DIV/0! | DS71: =P71 -> V | DT71: =SQRT(DM71) -> 1.7320508 | DU71: =DR71/DT71 -> #DIV/0! | DV71: 1 | DW71: =DU71*DV71 -> #DIV/0! | DX71: =DW71^2 -> #DIV/0! | DY71: 2 | DZ71: =DW71^4/DY71 -> #DIV/0! | EB71: =CH71+DI71+DX71 -> #DIV/0! | EC71: =CJ71+DK71+DZ71 -> #DIV/0! | ED71: =SQRT(EB71) -> #DIV/0! | EE71: =(ED71^4)/EC71 -> #DIV/0! | EF71: =ROUND(TINV(0.05,EE71),0) -> #DIV/0! | EG71: =(ED71*EF71) -> #DIV/0! | EH71: =P71 -> V | EJ71: 0.00085 | EK71: =EH71 -> V | EL71: =MAX(EJ71,EG71) -> #DIV/0! | EM71: =EK71 -> V
F72: 6 V | L72: 5 | P72: V | S72: 1 kHz | AM72: =AVERAGE(X72:AL72) -> #DIV/0! | AR72: =AM72-L72 -> #DIV/0! | BC72: =(AM72*2%)+(3*CY72) -> #DIV/0! | BH72: =L72+BC72 -> #DIV/0! | BM72: =L72-BC72 -> #DIV/0! | BR72: =IF(AND(AM72<=BH72,AM72>=BM72),"PASS","FAIL") -> #DIV/0! | BY72: COC | BZ72: Normal | CA72: B | CB72: 0.0073 | CC72: =P72 -> V | CD72: 2 | CE72: =CB72/CD72 -> 0.00365 | CF72: 1 | CG72: =CE72*CF72 -> 0.00365 | CH72: =CG72^2 -> 1.33225e-05 | CI72: 200 | CJ72: =CG72^4/CI72 -> 8.8744503e-13 | CL72: Annual Drift | CM72: Rectangular | CN72: B | CO72: 0 | CP72: =CC72 -> V | CQ72: =SQRT(3) -> 1.7320508 | CR72: =CO72/CQ72 -> 0 | CS72: 1 | CT72: =CR72*CS72 -> 0 | CU72: =CT72^2 -> 0 | CV72: 200 | CW72: =CT72^4/CV72 -> 0 | CY72: 0.001 | CZ72: Readability | DA72: Rectangular | DB72: B | DC72: =CY72/2 -> 0.0005 | DD72: =P72 -> V | DE72: =SQRT(3) -> 1.7320508 | DF72: =DC72/DE72 -> 0.00028867513 | DG72: 1 | DH72: =DF72*DG72 -> 0.00028867513 | DI72: =DH72^2 -> 8.3333333e-08 | DJ72: 200 | DK72: =DH72^4/DJ72 -> 3.4722222e-17 | DM72: 3 | DN72: =STDEV(X72:AL72) -> #DIV/0! | DO72: Std. Dev of Reading | DP72: Normal | DQ72: A | DR72: =DN72 -> #DIV/0! | DS72: =P72 -> V | DT72: =SQRT(DM72) -> 1.7320508 | DU72: =DR72/DT72 -> #DIV/0! | DV72: 1 | DW72: =DU72*DV72 -> #DIV/0! | DX72: =DW72^2 -> #DIV/0! | DY72: 2 | DZ72: =DW72^4/DY72 -> #DIV/0! | EB72: =CH72+DI72+DX72 -> #DIV/0! | EC72: =CJ72+DK72+DZ72 -> #DIV/0! | ED72: =SQRT(EB72) -> #DIV/0! | EE72: =(ED72^4)/EC72 -> #DIV/0! | EF72: =ROUND(TINV(0.05,EE72),0) -> #DIV/0! | EG72: =(ED72*EF72) -> #DIV/0! | EH72: =P72 -> V | EJ72: 0.00085 | EK72: =EH72 -> V | EL72: =MAX(EJ72,EG72) -> #DIV/0! | EM72: =EK72 -> V
F73: 60 V | L73: 50 | P73: V | S73: 45 Hz | AM73: =AVERAGE(X73:AL73) -> #DIV/0! | AR73: =AM73-L73 -> #DIV/0! | BC73: =(AM73*1%)+(3*CY73) -> #DIV/0! | BH73: =L73+BC73 -> #DIV/0! | BM73: =L73-BC73 -> #DIV/0! | BR73: =IF(AND(AM73<=BH73,AM73>=BM73),"PASS","FAIL") -> #DIV/0! | BY73: COC | BZ73: Normal | CA73: B | CB73: 0.091 | CC73: =P73 -> V | CD73: 2 | CE73: =CB73/CD73 -> 0.0455 | CF73: 1 | CG73: =CE73*CF73 -> 0.0455 | CH73: =CG73^2 -> 0.00207025 | CI73: 200 | CJ73: =CG73^4/CI73 -> 2.1429675e-08 | CL73: Annual Drift | CM73: Rectangular | CN73: B | CO73: 0 | CP73: =CC73 -> V | CQ73: =SQRT(3) -> 1.7320508 | CR73: =CO73/CQ73 -> 0 | CS73: 1 | CT73: =CR73*CS73 -> 0 | CU73: =CT73^2 -> 0 | CV73: 200 | CW73: =CT73^4/CV73 -> 0 | CY73: 0.01 | CZ73: Readability | DA73: Rectangular | DB73: B | DC73: =CY73/2 -> 0.005 | DD73: =P73 -> V | DE73: =SQRT(3) -> 1.7320508 | DF73: =DC73/DE73 -> 0.0028867513 | DG73: 1 | DH73: =DF73*DG73 -> 0.0028867513 | DI73: =DH73^2 -> 8.3333333e-06 | DJ73: 200 | DK73: =DH73^4/DJ73 -> 3.4722222e-13 | DM73: 3 | DN73: =STDEV(X73:AL73) -> #DIV/0! | DO73: Std. Dev of Reading | DP73: Normal | DQ73: A | DR73: =DN73 -> #DIV/0! | DS73: =P73 -> V | DT73: =SQRT(DM73) -> 1.7320508 | DU73: =DR73/DT73 -> #DIV/0! | DV73: 1 | DW73: =DU73*DV73 -> #DIV/0! | DX73: =DW73^2 -> #DIV/0! | DY73: 2 | DZ73: =DW73^4/DY73 -> #DIV/0! | EB73: =CH73+DI73+DX73 -> #DIV/0! | EC73: =CJ73+DK73+DZ73 -> #DIV/0! | ED73: =SQRT(EB73) -> #DIV/0! | EE73: =(ED73^4)/EC73 -> #DIV/0! | EF73: =ROUND(TINV(0.05,EE73),0) -> #DIV/0! | EG73: =(ED73*EF73) -> #DIV/0! | EH73: =P73 -> V | EJ73: 0.0064 | EK73: =EH73 -> V | EL73: =MAX(EJ73,EG73) -> #DIV/0! | EM73: =EK73 -> V
F74: 60 V | L74: 50 | P74: V | S74: 1 kHz | AM74: =AVERAGE(X74:AL74) -> #DIV/0! | AR74: =AM74-L74 -> #DIV/0! | BC74: =(AM74*2%)+(3*CY74) -> #DIV/0! | BH74: =L74+BC74 -> #DIV/0! | BM74: =L74-BC74 -> #DIV/0! | BR74: =IF(AND(AM74<=BH74,AM74>=BM74),"PASS","FAIL") -> #DIV/0! | BY74: COC | BZ74: Normal | CA74: B | CB74: 0.071 | CC74: =P74 -> V | CD74: 2 | CE74: =CB74/CD74 -> 0.0355 | CF74: 1 | CG74: =CE74*CF74 -> 0.0355 | CH74: =CG74^2 -> 0.00126025 | CI74: 200 | CJ74: =CG74^4/CI74 -> 7.9411503e-09 | CL74: Annual Drift | CM74: Rectangular | CN74: B | CO74: 0 | CP74: =CC74 -> V | CQ74: =SQRT(3) -> 1.7320508 | CR74: =CO74/CQ74 -> 0 | CS74: 1 | CT74: =CR74*CS74 -> 0 | CU74: =CT74^2 -> 0 | CV74: 200 | CW74: =CT74^4/CV74 -> 0 | CY74: 0.01 | CZ74: Readability | DA74: Rectangular | DB74: B | DC74: =CY74/2 -> 0.005 | DD74: =P74 -> V | DE74: =SQRT(3) -> 1.7320508 | DF74: =DC74/DE74 -> 0.0028867513 | DG74: 1 | DH74: =DF74*DG74 -> 0.0028867513 | DI74: =DH74^2 -> 8.3333333e-06 | DJ74: 200 | DK74: =DH74^4/DJ74 -> 3.4722222e-13 | DM74: 3 | DN74: =STDEV(X74:AL74) -> #DIV/0! | DO74: Std. Dev of Reading | DP74: Normal | DQ74: A | DR74: =DN74 -> #DIV/0! | DS74: =P74 -> V | DT74: =SQRT(DM74) -> 1.7320508 | DU74: =DR74/DT74 -> #DIV/0! | DV74: 1 | DW74: =DU74*DV74 -> #DIV/0! | DX74: =DW74^2 -> #DIV/0! | DY74: 2 | DZ74: =DW74^4/DY74 -> #DIV/0! | EB74: =CH74+DI74+DX74 -> #DIV/0! | EC74: =CJ74+DK74+DZ74 -> #DIV/0! | ED74: =SQRT(EB74) -> #DIV/0! | EE74: =(ED74^4)/EC74 -> #DIV/0! | EF74: =ROUND(TINV(0.05,EE74),0) -> #DIV/0! | EG74: =(ED74*EF74) -> #DIV/0! | EH74: =P74 -> V | EJ74: 0.0064 | EK74: =EH74 -> V | EL74: =MAX(EJ74,EG74) -> #DIV/0! | EM74: =EK74 -> V
F75: 600 V | L75: 600 | P75: V | S75: 45 Hz | AM75: =AVERAGE(X75:AL75) -> #DIV/0! | AR75: =AM75-L75 -> #DIV/0! | BC75: =(AM75*1%)+(3*CY75) -> #DIV/0! | BH75: =L75+BC75 -> #DIV/0! | BM75: =L75-BC75 -> #DIV/0! | BR75: =IF(AND(AM75<=BH75,AM75>=BM75),"PASS","FAIL") -> #DIV/0! | BY75: COC | BZ75: Normal | CA75: B | CB75: 0.091 | CC75: =P75 -> V | CD75: 2 | CE75: =CB75/CD75 -> 0.0455 | CF75: 1 | CG75: =CE75*CF75 -> 0.0455 | CH75: =CG75^2 -> 0.00207025 | CI75: 200 | CJ75: =CG75^4/CI75 -> 2.1429675e-08 | CL75: Annual Drift | CM75: Rectangular | CN75: B | CO75: 0 | CP75: =CC75 -> V | CQ75: =SQRT(3) -> 1.7320508 | CR75: =CO75/CQ75 -> 0 | CS75: 1 | CT75: =CR75*CS75 -> 0 | CU75: =CT75^2 -> 0 | CV75: 200 | CW75: =CT75^4/CV75 -> 0 | CY75: 0.1 | CZ75: Readability | DA75: Rectangular | DB75: B | DC75: =CY75/2 -> 0.05 | DD75: =P75 -> V | DE75: =SQRT(3) -> 1.7320508 | DF75: =DC75/DE75 -> 0.028867513 | DG75: 1 | DH75: =DF75*DG75 -> 0.028867513 | DI75: =DH75^2 -> 0.00083333333 | DJ75: 200 | DK75: =DH75^4/DJ75 -> 3.4722222e-09 | DM75: 3 | DN75: =STDEV(X75:AL75) -> #DIV/0! | DO75: Std. Dev of Reading | DP75: Normal | DQ75: A | DR75: =DN75 -> #DIV/0! | DS75: =P75 -> V | DT75: =SQRT(DM75) -> 1.7320508 | DU75: =DR75/DT75 -> #DIV/0! | DV75: 1 | DW75: =DU75*DV75 -> #DIV/0! | DX75: =DW75^2 -> #DIV/0! | DY75: 2 | DZ75: =DW75^4/DY75 -> #DIV/0! | EB75: =CH75+DI75+DX75 -> #DIV/0! | EC75: =CJ75+DK75+DZ75 -> #DIV/0! | ED75: =SQRT(EB75) -> #DIV/0! | EE75: =(ED75^4)/EC75 -> #DIV/0! | EF75: =ROUND(TINV(0.05,EE75),0) -> #DIV/0! | EG75: =(ED75*EF75) -> #DIV/0! | EH75: =P75 -> V | EJ75: 0.084 | EK75: =EH75 -> V | EL75: =MAX(EJ75,EG75) -> #DIV/0! | EM75: =EK75 -> V
F76: 600 V | L76: 600 | P76: V | S76: 1 kHz | AM76: =AVERAGE(X76:AL76) -> #DIV/0! | AR76: =AM76-L76 -> #DIV/0! | BC76: =(AM76*2%)+(3*CY76) -> #DIV/0! | BH76: =L76+BC76 -> #DIV/0! | BM76: =L76-BC76 -> #DIV/0! | BR76: =IF(AND(AM76<=BH76,AM76>=BM76),"PASS","FAIL") -> #DIV/0! | BY76: COC | BZ76: Normal | CA76: B | CB76: 0.071 | CC76: =P76 -> V | CD76: 2 | CE76: =CB76/CD76 -> 0.0355 | CF76: 1 | CG76: =CE76*CF76 -> 0.0355 | CH76: =CG76^2 -> 0.00126025 | CI76: 200 | CJ76: =CG76^4/CI76 -> 7.9411503e-09 | CL76: Annual Drift | CM76: Rectangular | CN76: B | CO76: 0 | CP76: =CC76 -> V | CQ76: =SQRT(3) -> 1.7320508 | CR76: =CO76/CQ76 -> 0 | CS76: 1 | CT76: =CR76*CS76 -> 0 | CU76: =CT76^2 -> 0 | CV76: 200 | CW76: =CT76^4/CV76 -> 0 | CY76: 0.1 | CZ76: Readability | DA76: Rectangular | DB76: B | DC76: =CY76/2 -> 0.05 | DD76: =P76 -> V | DE76: =SQRT(3) -> 1.7320508 | DF76: =DC76/DE76 -> 0.028867513 | DG76: 1 | DH76: =DF76*DG76 -> 0.028867513 | DI76: =DH76^2 -> 0.00083333333 | DJ76: 200 | DK76: =DH76^4/DJ76 -> 3.4722222e-09 | DM76: 3 | DN76: =STDEV(X76:AL76) -> #DIV/0! | DO76: Std. Dev of Reading | DP76: Normal | DQ76: A | DR76: =DN76 -> #DIV/0! | DS76: =P76 -> V | DT76: =SQRT(DM76) -> 1.7320508 | DU76: =DR76/DT76 -> #DIV/0! | DV76: 1 | DW76: =DU76*DV76 -> #DIV/0! | DX76: =DW76^2 -> #DIV/0! | DY76: 2 | DZ76: =DW76^4/DY76 -> #DIV/0! | EB76: =CH76+DI76+DX76 -> #DIV/0! | EC76: =CJ76+DK76+DZ76 -> #DIV/0! | ED76: =SQRT(EB76) -> #DIV/0! | EE76: =(ED76^4)/EC76 -> #DIV/0! | EF76: =ROUND(TINV(0.05,EE76),0) -> #DIV/0! | EG76: =(ED76*EF76) -> #DIV/0! | EH76: =P76 -> V | EJ76: 0.084 | EK76: =EH76 -> V | EL76: =MAX(EJ76,EG76) -> #DIV/0! | EM76: =EK76 -> V
F78: AC Voltage Frequency Test | BY78: Standard | CY78: Resolution | DM78: Repeatability | EB78: Expanded Uncertainty | EJ78: MINIMUM CMC | EL78: FINAL UNCERTAINTY DECLARATION
F79: Range | L79: Nominal Value | S79: Voltage | X79: Measured Value | AM79: Average | AR79: Error | BC79: Tolerance | BH79: Upper Limit | BM79: Lower Limit | BR79: Remarks | BY79: Source | BZ79: Distribution | CA79: Type | CB79: or | CC79: Unit | CD79: Divisor | CE79: Ui | CF79: Ci | CG79: UiCi | CH79: (UiCi)^2 | CI79: Vi | CJ79: (UiCi)^4 / Vi | CL79: Source | CM79: Distribution | CN79: Type | CO79: or | CP79: Unit | CQ79: Divisor | CR79: Ui | CS79: Ci | CT79: UiCi | CU79: (UiCi)^2 | CV79: Vi | CW79: (UiCi)^4 / Vi | CY79: Resolution | CZ79: Source | DA79: Distribution | DB79: Type | DC79: or | DD79: Unit | DE79: Divisor | DF79: Ui | DG79: Ci | DH79: UiCi | DI79: (UiCi)^2 | DJ79: Vi | DK79: (UiCi)^4 / Vi | DM79: No. of trial | DN79: Std. Dev | DO79: Source | DP79: Distribution | DQ79: Type | DR79: or | DS79: Unit | DT79: Divisor | DU79: Ui | DV79: Ci | DW79: UiCi | DX79: (UiCi)^2 | DY79: Vi | DZ79: (UiCi)^4 / Vi | EB79: Sum of | EC79: Sum of | ED79: COMBINED STANDARD | EE79: EFFECTIVE DEGREES | EF79: C. FACTOR, k = student's | EG79: EXPANDED UNCERTAINTY,
X80: 1 | AC80: 2 | AH80: 3 | CB80: (±) | CO80: (±) | DC80: (±) | DR80: (±) | EB80: (UiCi)^2 | EC80: (UiCi)^4 | ED80: UNCERTAINTY, Uc | EE80: OF FREEDOM, Veff | EF80: t for Veff and 95 % C.L. | EG80: U @ 95 % C.L. ±
F81: 6 V | L81: 50 | P81: kHz | S81: 2 V | AM81: =AVERAGE(X81:AL81) -> #DIV/0! | AR81: =AM81-L81 -> #DIV/0! | BC81: =(AM81*0.1%)+(2*CY81) -> #DIV/0! | BH81: =L81+BC81 -> #DIV/0! | BM81: =L81-BC81 -> #DIV/0! | BR81: =IF(AND(AM81<=BH81,AM81>=BM81),"PASS","FAIL") -> #DIV/0! | BY81: COC | BZ81: Normal | CA81: B | CB81: 5.8e-05 | CC81: =P81 -> kHz | CD81: 2 | CE81: =CB81/CD81 -> 2.9e-05 | CF81: 1 | CG81: =CE81*CF81 -> 2.9e-05 | CH81: =CG81^2 -> 8.41e-10 | CI81: 200 | CJ81: =CG81^4/CI81 -> 3.536405e-21 | CL81: Annual Drift | CM81: Rectangular | CN81: B | CO81: 0 | CP81: =CC81 -> kHz | CQ81: =SQRT(3) -> 1.7320508 | CR81: =CO81/CQ81 -> 0 | CS81: 1 | CT81: =CR81*CS81 -> 0 | CU81: =CT81^2 -> 0 | CV81: 200 | CW81: =CT81^4/CV81 -> 0 | CY81: 0.01 | CZ81: Readability | DA81: Rectangular | DB81: B | DC81: =CY81/2 -> 0.005 | DD81: =P81 -> kHz | DE81: =SQRT(3) -> 1.7320508 | DF81: =DC81/DE81 -> 0.0028867513 | DG81: 1 | DH81: =DF81*DG81 -> 0.0028867513 | DI81: =DH81^2 -> 8.3333333e-06 | DJ81: 200 | DK81: =DH81^4/DJ81 -> 3.4722222e-13 | DM81: 3 | DN81: =STDEV(X81:AL81) -> #DIV/0! | DO81: Std. Dev of Reading | DP81: Normal | DQ81: A | DR81: =DN81 -> #DIV/0! | DS81: =P81 -> kHz | DT81: =SQRT(DM81) -> 1.7320508 | DU81: =DR81/DT81 -> #DIV/0! | DV81: 1 | DW81: =DU81*DV81 -> #DIV/0! | DX81: =DW81^2 -> #DIV/0! | DY81: 2 | DZ81: =DW81^4/DY81 -> #DIV/0! | EB81: =CH81+DI81+DX81 -> #DIV/0! | EC81: =CJ81+DK81+DZ81 -> #DIV/0! | ED81: =SQRT(EB81) -> #DIV/0! | EE81: =(ED81^4)/EC81 -> #DIV/0! | EF81: =ROUND(TINV(0.05,EE81),0) -> #DIV/0! | EG81: =(ED81*EF81) -> #DIV/0! | EH81: =P81 -> kHz | EK81: =EH81 -> kHz | EL81: =MAX(EJ81,EG81) -> #DIV/0! | EM81: =EK81 -> kHz
F83: DC Voltage Test | BY83: Standard | CY83: Resolution | DM83: Repeatability | EB83: Expanded Uncertainty | EJ83: MINIMUM CMC | EL83: FINAL UNCERTAINTY DECLARATION
F84: Range | L84: Nominal Value | S84: Measured Value | AH84: Average | AM84: Error | BC84: Tolerance | BH84: Upper Limit | BM84: Lower Limit | BR84: Remarks | BY84: Source | BZ84: Distribution | CA84: Type | CB84: or | CC84: Unit | CD84: Divisor | CE84: Ui | CF84: Ci | CG84: UiCi | CH84: (UiCi)^2 | CI84: Vi | CJ84: (UiCi)^4 / Vi | CL84: Source | CM84: Distribution | CN84: Type | CO84: or | CP84: Unit | CQ84: Divisor | CR84: Ui | CS84: Ci | CT84: UiCi | CU84: (UiCi)^2 | CV84: Vi | CW84: (UiCi)^4 / Vi | CY84: Resolution | CZ84: Source | DA84: Distribution | DB84: Type | DC84: or | DD84: Unit | DE84: Divisor | DF84: Ui | DG84: Ci | DH84: UiCi | DI84: (UiCi)^2 | DJ84: Vi | DK84: (UiCi)^4 / Vi | DM84: No. of trial | DN84: Std. Dev | DO84: Source | DP84: Distribution | DQ84: Type | DR84: or | DS84: Unit | DT84: Divisor | DU84: Ui | DV84: Ci | DW84: UiCi | DX84: (UiCi)^2 | DY84: Vi | DZ84: (UiCi)^4 / Vi | EB84: Sum of | EC84: Sum of | ED84: COMBINED STANDARD | EE84: EFFECTIVE DEGREES | EF84: C. FACTOR, k = student's | EG84: EXPANDED UNCERTAINTY,
S85: 1 | X85: 2 | AC85: 3 | CB85: (±) | CO85: (±) | DC85: (±) | DR85: (±) | EB85: (UiCi)^2 | EC85: (UiCi)^4 | ED85: UNCERTAINTY, Uc | EE85: OF FREEDOM, Veff | EF85: t for Veff and 95 % C.L. | EG85: U @ 95 % C.L. ±
F86: 6 V | L86: 0 | P86: V | AH86: =AVERAGE(S86:AG86) -> #DIV/0! | AM86: =AH86-L86 -> #DIV/0! | BC86: =(AH86*0.5%)+(2*CY86) -> #DIV/0! | BH86: =L86+BC86 -> #DIV/0! | BM86: =L86-BC86 -> #DIV/0! | BR86: =IF(AND(AH86<=BH86,AH86>=BM86),"PASS","FAIL") -> #DIV/0! | BY86: COC | BZ86: Normal | CA86: B | CB86: 8.3e-06 | CC86: =P86 -> V | CD86: 2 | CE86: =CB86/CD86 -> 4.15e-06 | CF86: 1 | CG86: =CE86*CF86 -> 4.15e-06 | CH86: =CG86^2 -> 1.72225e-11 | CI86: 200 | CJ86: =CG86^4/CI86 -> 1.4830725e-24 | CL86: Annual Drift | CM86: Rectangular | CN86: B | CO86: 0 | CP86: =CC86 -> V | CQ86: =SQRT(3) -> 1.7320508 | CR86: =CO86/CQ86 -> 0 | CS86: 1 | CT86: =CR86*CS86 -> 0 | CU86: =CT86^2 -> 0 | CV86: 200 | CW86: =CT86^4/CV86 -> 0 | CY86: 0.001 | CZ86: Readability | DA86: Rectangular | DB86: B | DC86: =CY86/2 -> 0.0005 | DD86: =P86 -> V | DE86: =SQRT(3) -> 1.7320508 | DF86: =DC86/DE86 -> 0.00028867513 | DG86: 1 | DH86: =DF86*DG86 -> 0.00028867513 | DI86: =DH86^2 -> 8.3333333e-08 | DJ86: 200 | DK86: =DH86^4/DJ86 -> 3.4722222e-17 | DM86: 3 | DN86: =STDEV(S86:AG86) -> #DIV/0! | DO86: Std. Dev of Reading | DP86: Normal | DQ86: A | DR86: =DN86 -> #DIV/0! | DS86: =P86 -> V | DT86: =SQRT(DM86) -> 1.7320508 | DU86: =DR86/DT86 -> #DIV/0! | DV86: 1 | DW86: =DU86*DV86 -> #DIV/0! | DX86: =DW86^2 -> #DIV/0! | DY86: 2 | DZ86: =DW86^4/DY86 -> #DIV/0! | EB86: =CH86+DI86+DX86 -> #DIV/0! | EC86: =CJ86+DK86+DZ86 -> #DIV/0! | ED86: =SQRT(EB86) -> #DIV/0! | EE86: =(ED86^4)/EC86 -> #DIV/0! | EF86: =ROUND(TINV(0.05,EE86),0) -> #DIV/0! | EG86: =(ED86*EF86) -> #DIV/0! | EH86: =P86 -> V | EJ86: 1.8e-06 | EK86: =EH86 -> V | EL86: =MAX(EJ86,EG86) -> #DIV/0! | EM86: =EK86 -> V
F87: 6 V | L87: 5 | P87: V | AH87: =AVERAGE(S87:AG87) -> #DIV/0! | AM87: =AH87-L87 -> #DIV/0! | BC87: =(AH87*0.5%)+(2*CY87) -> #DIV/0! | BH87: =L87+BC87 -> #DIV/0! | BM87: =L87-BC87 -> #DIV/0! | BR87: =IF(AND(AH87<=BH87,AH87>=BM87),"PASS","FAIL") -> #DIV/0! | BY87: COC | BZ87: Normal | CA87: B | CB87: 1.8e-05 | CC87: =P87 -> V | CD87: 2 | CE87: =CB87/CD87 -> 9e-06 | CF87: 1 | CG87: =CE87*CF87 -> 9e-06 | CH87: =CG87^2 -> 8.1e-11 | CI87: 200 | CJ87: =CG87^4/CI87 -> 3.2805e-23 | CL87: Annual Drift | CM87: Rectangular | CN87: B | CO87: 0 | CP87: =CC87 -> V | CQ87: =SQRT(3) -> 1.7320508 | CR87: =CO87/CQ87 -> 0 | CS87: 1 | CT87: =CR87*CS87 -> 0 | CU87: =CT87^2 -> 0 | CV87: 200 | CW87: =CT87^4/CV87 -> 0 | CY87: 0.001 | CZ87: Readability | DA87: Rectangular | DB87: B | DC87: =CY87/2 -> 0.0005 | DD87: =P87 -> V | DE87: =SQRT(3) -> 1.7320508 | DF87: =DC87/DE87 -> 0.00028867513 | DG87: 1 | DH87: =DF87*DG87 -> 0.00028867513 | DI87: =DH87^2 -> 8.3333333e-08 | DJ87: 200 | DK87: =DH87^4/DJ87 -> 3.4722222e-17 | DM87: 3 | DN87: =STDEV(S87:AG87) -> #DIV/0! | DO87: Std. Dev of Reading | DP87: Normal | DQ87: A | DR87: =DN87 -> #DIV/0! | DS87: =P87 -> V | DT87: =SQRT(DM87) -> 1.7320508 | DU87: =DR87/DT87 -> #DIV/0! | DV87: 1 | DW87: =DU87*DV87 -> #DIV/0! | DX87: =DW87^2 -> #DIV/0! | DY87: 2 | DZ87: =DW87^4/DY87 -> #DIV/0! | EB87: =CH87+DI87+DX87 -> #DIV/0! | EC87: =CJ87+DK87+DZ87 -> #DIV/0! | ED87: =SQRT(EB87) -> #DIV/0! | EE87: =(ED87^4)/EC87 -> #DIV/0! | EF87: =ROUND(TINV(0.05,EE87),0) -> #DIV/0! | EG87: =(ED87*EF87) -> #DIV/0! | EH87: =P87 -> V | EJ87: 1e-05 | EK87: =EH87 -> V | EL87: =MAX(EJ87,EG87) -> #DIV/0! | EM87: =EK87 -> V
F88: 60 V | L88: 50 | P88: V | AH88: =AVERAGE(S88:AG88) -> #DIV/0! | AM88: =AH88-L88 -> #DIV/0! | BC88: =(AH88*0.5%)+(2*CY88) -> #DIV/0! | BH88: =L88+BC88 -> #DIV/0! | BM88: =L88-BC88 -> #DIV/0! | BR88: =IF(AND(AH88<=BH88,AH88>=BM88),"PASS","FAIL") -> #DIV/0! | BY88: COC | BZ88: Normal | CA88: B | CB88: 0.00016 | CC88: =P88 -> V | CD88: 2 | CE88: =CB88/CD88 -> 8e-05 | CF88: 1 | CG88: =CE88*CF88 -> 8e-05 | CH88: =CG88^2 -> 6.4e-09 | CI88: 200 | CJ88: =CG88^4/CI88 -> 2.048e-19 | CL88: Annual Drift | CM88: Rectangular | CN88: B | CO88: 0 | CP88: =CC88 -> V | CQ88: =SQRT(3) -> 1.7320508 | CR88: =CO88/CQ88 -> 0 | CS88: 1 | CT88: =CR88*CS88 -> 0 | CU88: =CT88^2 -> 0 | CV88: 200 | CW88: =CT88^4/CV88 -> 0 | CY88: 0.01 | CZ88: Readability | DA88: Rectangular | DB88: B | DC88: =CY88/2 -> 0.005 | DD88: =P88 -> V | DE88: =SQRT(3) -> 1.7320508 | DF88: =DC88/DE88 -> 0.0028867513 | DG88: 1 | DH88: =DF88*DG88 -> 0.0028867513 | DI88: =DH88^2 -> 8.3333333e-06 | DJ88: 200 | DK88: =DH88^4/DJ88 -> 3.4722222e-13 | DM88: 3 | DN88: =STDEV(S88:AG88) -> #DIV/0! | DO88: Std. Dev of Reading | DP88: Normal | DQ88: A | DR88: =DN88 -> #DIV/0! | DS88: =P88 -> V | DT88: =SQRT(DM88) -> 1.7320508 | DU88: =DR88/DT88 -> #DIV/0! | DV88: 1 | DW88: =DU88*DV88 -> #DIV/0! | DX88: =DW88^2 -> #DIV/0! | DY88: 2 | DZ88: =DW88^4/DY88 -> #DIV/0! | EB88: =CH88+DI88+DX88 -> #DIV/0! | EC88: =CJ88+DK88+DZ88 -> #DIV/0! | ED88: =SQRT(EB88) -> #DIV/0! | EE88: =(ED88^4)/EC88 -> #DIV/0! | EF88: =ROUND(TINV(0.05,EE88),0) -> #DIV/0! | EG88: =(ED88*EF88) -> #DIV/0! | EH88: =P88 -> V | EJ88: 0.00018 | EK88: =EH88 -> V | EL88: =MAX(EJ88,EG88) -> #DIV/0! | EM88: =EK88 -> V
F89: 600 V | L89: 600 | P89: V | AH89: =AVERAGE(S89:AG89) -> #DIV/0! | AM89: =AH89-L89 -> #DIV/0! | BC89: =(AH89*0.5%)+(2*CY89) -> #DIV/0! | BH89: =L89+BC89 -> #DIV/0! | BM89: =L89-BC89 -> #DIV/0! | BR89: =IF(AND(AH89<=BH89,AH89>=BM89),"PASS","FAIL") -> #DIV/0! | BY89: COC | BZ89: Normal | CA89: B | CB89: 0.0033 | CC89: =P89 -> V | CD89: 2 | CE89: =CB89/CD89 -> 0.00165 | CF89: 1 | CG89: =CE89*CF89 -> 0.00165 | CH89: =CG89^2 -> 2.7225e-06 | CI89: 200 | CJ89: =CG89^4/CI89 -> 3.7060031e-14 | CL89: Annual Drift | CM89: Rectangular | CN89: B | CO89: 0 | CP89: =CC89 -> V | CQ89: =SQRT(3) -> 1.7320508 | CR89: =CO89/CQ89 -> 0 | CS89: 1 | CT89: =CR89*CS89 -> 0 | CU89: =CT89^2 -> 0 | CV89: 200 | CW89: =CT89^4/CV89 -> 0 | CY89: 0.1 | CZ89: Readability | DA89: Rectangular | DB89: B | DC89: =CY89/2 -> 0.05 | DD89: =P89 -> V | DE89: =SQRT(3) -> 1.7320508 | DF89: =DC89/DE89 -> 0.028867513 | DG89: 1 | DH89: =DF89*DG89 -> 0.028867513 | DI89: =DH89^2 -> 0.00083333333 | DJ89: 200 | DK89: =DH89^4/DJ89 -> 3.4722222e-09 | DM89: 3 | DN89: =STDEV(S89:AG89) -> #DIV/0! | DO89: Std. Dev of Reading | DP89: Normal | DQ89: A | DR89: =DN89 -> #DIV/0! | DS89: =P89 -> V | DT89: =SQRT(DM89) -> 1.7320508 | DU89: =DR89/DT89 -> #DIV/0! | DV89: 1 | DW89: =DU89*DV89 -> #DIV/0! | DX89: =DW89^2 -> #DIV/0! | DY89: 2 | DZ89: =DW89^4/DY89 -> #DIV/0! | EB89: =CH89+DI89+DX89 -> #DIV/0! | EC89: =CJ89+DK89+DZ89 -> #DIV/0! | ED89: =SQRT(EB89) -> #DIV/0! | EE89: =(ED89^4)/EC89 -> #DIV/0! | EF89: =ROUND(TINV(0.05,EE89),0) -> #DIV/0! | EG89: =(ED89*EF89) -> #DIV/0! | EH89: =P89 -> V | EJ89: 0.0014 | EK89: =EH89 -> V | EL89: =MAX(EJ89,EG89) -> #DIV/0! | EM89: =EK89 -> V
F90: 600 V | L90: -600 | P90: V | AH90: =AVERAGE(S90:AG90) -> #DIV/0! | AM90: =AH90-L90 -> #DIV/0! | BC90: =(AH90*0.5%)+(2*CY90) -> #DIV/0! | BH90: =L90-BC90 -> #DIV/0! | BM90: =L90+BC90 -> #DIV/0! | BR90: =IF(AND(AH90<=BH90,AH90>=BM90),"PASS","FAIL") -> #DIV/0! | BY90: COC | BZ90: Normal | CA90: B | CB90: 0.0033 | CC90: =P90 -> V | CD90: 2 | CE90: =CB90/CD90 -> 0.00165 | CF90: 1 | CG90: =CE90*CF90 -> 0.00165 | CH90: =CG90^2 -> 2.7225e-06 | CI90: 200 | CJ90: =CG90^4/CI90 -> 3.7060031e-14 | CL90: Annual Drift | CM90: Rectangular | CN90: B | CO90: 0 | CP90: =CC90 -> V | CQ90: =SQRT(3) -> 1.7320508 | CR90: =CO90/CQ90 -> 0 | CS90: 1 | CT90: =CR90*CS90 -> 0 | CU90: =CT90^2 -> 0 | CV90: 200 | CW90: =CT90^4/CV90 -> 0 | CY90: 0.1 | CZ90: Readability | DA90: Rectangular | DB90: B | DC90: =CY90/2 -> 0.05 | DD90: =P90 -> V | DE90: =SQRT(3) -> 1.7320508 | DF90: =DC90/DE90 -> 0.028867513 | DG90: 1 | DH90: =DF90*DG90 -> 0.028867513 | DI90: =DH90^2 -> 0.00083333333 | DJ90: 200 | DK90: =DH90^4/DJ90 -> 3.4722222e-09 | DM90: 3 | DN90: =STDEV(S90:AG90) -> #DIV/0! | DO90: Std. Dev of Reading | DP90: Normal | DQ90: A | DR90: =DN90 -> #DIV/0! | DS90: =P90 -> V | DT90: =SQRT(DM90) -> 1.7320508 | DU90: =DR90/DT90 -> #DIV/0! | DV90: 1 | DW90: =DU90*DV90 -> #DIV/0! | DX90: =DW90^2 -> #DIV/0! | DY90: 2 | DZ90: =DW90^4/DY90 -> #DIV/0! | EB90: =CH90+DI90+DX90 -> #DIV/0! | EC90: =CJ90+DK90+DZ90 -> #DIV/0! | ED90: =SQRT(EB90) -> #DIV/0! | EE90: =(ED90^4)/EC90 -> #DIV/0! | EF90: =ROUND(TINV(0.05,EE90),0) -> #DIV/0! | EG90: =(ED90*EF90) -> #DIV/0! | EH90: =P90 -> V | EJ90: 0.0014 | EK90: =EH90 -> V | EL90: =MAX(EJ90,EG90) -> #DIV/0! | EM90: =EK90 -> V
F92: AC milli Volt Test | BY92: Standard | CY92: Resolution | DM92: Repeatability | EB92: Expanded Uncertainty | EJ92: MINIMUM CMC | EL92: FINAL UNCERTAINTY DECLARATION
F93: Range | L93: Nominal Value | S93: Frequency | X93: Measured Value | AM93: Average | AR93: Error | BC93: Tolerance | BH93: Upper Limit | BM93: Lower Limit | BR93: Remarks | BY93: Source | BZ93: Distribution | CA93: Type | CB93: or | CC93: Unit | CD93: Divisor | CE93: Ui | CF93: Ci | CG93: UiCi | CH93: (UiCi)^2 | CI93: Vi | CJ93: (UiCi)^4 / Vi | CL93: Source | CM93: Distribution | CN93: Type | CO93: or | CP93: Unit | CQ93: Divisor | CR93: Ui | CS93: Ci | CT93: UiCi | CU93: (UiCi)^2 | CV93: Vi | CW93: (UiCi)^4 / Vi | CY93: Resolution | CZ93: Source | DA93: Distribution | DB93: Type | DC93: or | DD93: Unit | DE93: Divisor | DF93: Ui | DG93: Ci | DH93: UiCi | DI93: (UiCi)^2 | DJ93: Vi | DK93: (UiCi)^4 / Vi | DM93: No. of trial | DN93: Std. Dev | DO93: Source | DP93: Distribution | DQ93: Type | DR93: or | DS93: Unit | DT93: Divisor | DU93: Ui | DV93: Ci | DW93: UiCi | DX93: (UiCi)^2 | DY93: Vi | DZ93: (UiCi)^4 / Vi | EB93: Sum of | EC93: Sum of | ED93: COMBINED STANDARD | EE93: EFFECTIVE DEGREES | EF93: C. FACTOR, k = student's | EG93: EXPANDED UNCERTAINTY,
X94: 1 | AC94: 2 | AH94: 3 | CB94: (±) | CO94: (±) | DC94: (±) | DR94: (±) | EB94: (UiCi)^2 | EC94: (UiCi)^4 | ED94: UNCERTAINTY, Uc | EE94: OF FREEDOM, Veff | EF94: t for Veff and 95 % C.L. | EG94: U @ 95 % C.L. ±
F95: 600 mV | L95: 6 | P95: mV | S95: 45 Hz | AM95: =AVERAGE(X95:AL95) -> #DIV/0! | AR95: =AM95-L95 -> #DIV/0! | BC95: =(AM95*1%)+(3*CY95) -> #DIV/0! | BH95: =L95+BC95 -> #DIV/0! | BM95: =L95-BC95 -> #DIV/0! | BR95: =IF(AND(AM95<=BH95,AM95>=BM95),"PASS","FAIL") -> #DIV/0! | BY95: COC | BZ95: Normal | CA95: B | CB95: 0.0098 | CC95: =P95 -> mV | CD95: 2 | CE95: =CB95/CD95 -> 0.0049 | CF95: 1 | CG95: =CE95*CF95 -> 0.0049 | CH95: =CG95^2 -> 2.401e-05 | CI95: 200 | CJ95: =CG95^4/CI95 -> 2.8824005e-12 | CL95: Annual Drift | CM95: Rectangular | CN95: B | CO95: 0 | CP95: =CC95 -> mV | CQ95: =SQRT(3) -> 1.7320508 | CR95: =CO95/CQ95 -> 0 | CS95: 1 | CT95: =CR95*CS95 -> 0 | CU95: =CT95^2 -> 0 | CV95: 200 | CW95: =CT95^4/CV95 -> 0 | CY95: 0.1 | CZ95: Readability | DA95: Rectangular | DB95: B | DC95: =CY95/2 -> 0.05 | DD95: =P95 -> mV | DE95: =SQRT(3) -> 1.7320508 | DF95: =DC95/DE95 -> 0.028867513 | DG95: 1 | DH95: =DF95*DG95 -> 0.028867513 | DI95: =DH95^2 -> 0.00083333333 | DJ95: 200 | DK95: =DH95^4/DJ95 -> 3.4722222e-09 | DM95: 3 | DN95: =STDEV(X95:AL95) -> #DIV/0! | DO95: Std. Dev of Reading | DP95: Normal | DQ95: A | DR95: =DN95 -> #DIV/0! | DS95: =P95 -> mV | DT95: =SQRT(DM95) -> 1.7320508 | DU95: =DR95/DT95 -> #DIV/0! | DV95: 1 | DW95: =DU95*DV95 -> #DIV/0! | DX95: =DW95^2 -> #DIV/0! | DY95: 2 | DZ95: =DW95^4/DY95 -> #DIV/0! | EB95: =CH95+DI95+DX95 -> #DIV/0! | EC95: =CJ95+DK95+DZ95 -> #DIV/0! | ED95: =SQRT(EB95) -> #DIV/0! | EE95: =(ED95^4)/EC95 -> #DIV/0! | EF95: =ROUND(TINV(0.05,EE95),0) -> #DIV/0! | EG95: =(ED95*EF95) -> #DIV/0! | EH95: =P95 -> mV | EJ95: 0.0048 | EK95: =EH95 -> mV | EL95: =MAX(EJ95,EG95) -> #DIV/0! | EM95: =EK95 -> mV
F96: 600 mV | L96: 600 | P96: mV | S96: 1 kHz | AM96: =AVERAGE(X96:AL96) -> #DIV/0! | AR96: =AM96-L96 -> #DIV/0! | BC96: =(AM96*2%)+(3*CY96) -> #DIV/0! | BH96: =L96+BC96 -> #DIV/0! | BM96: =L96-BC96 -> #DIV/0! | BR96: =IF(AND(AM96<=BH96,AM96>=BM96),"PASS","FAIL") -> #DIV/0! | BY96: COC | BZ96: Normal | CA96: B | CB96: 0.91 | CC96: =P96 -> mV | CD96: 2 | CE96: =CB96/CD96 -> 0.455 | CF96: 1 | CG96: =CE96*CF96 -> 0.455 | CH96: =CG96^2 -> 0.207025 | CI96: 200 | CJ96: =CG96^4/CI96 -> 0.00021429675 | CL96: Annual Drift | CM96: Rectangular | CN96: B | CO96: 0 | CP96: =CC96 -> mV | CQ96: =SQRT(3) -> 1.7320508 | CR96: =CO96/CQ96 -> 0 | CS96: 1 | CT96: =CR96*CS96 -> 0 | CU96: =CT96^2 -> 0 | CV96: 200 | CW96: =CT96^4/CV96 -> 0 | CY96: 0.1 | CZ96: Readability | DA96: Rectangular | DB96: B | DC96: =CY96/2 -> 0.05 | DD96: =P96 -> mV | DE96: =SQRT(3) -> 1.7320508 | DF96: =DC96/DE96 -> 0.028867513 | DG96: 1 | DH96: =DF96*DG96 -> 0.028867513 | DI96: =DH96^2 -> 0.00083333333 | DJ96: 200 | DK96: =DH96^4/DJ96 -> 3.4722222e-09 | DM96: 3 | DN96: =STDEV(X96:AL96) -> #DIV/0! | DO96: Std. Dev of Reading | DP96: Normal | DQ96: A | DR96: =DN96 -> #DIV/0! | DS96: =P96 -> mV | DT96: =SQRT(DM96) -> 1.7320508 | DU96: =DR96/DT96 -> #DIV/0! | DV96: 1 | DW96: =DU96*DV96 -> #DIV/0! | DX96: =DW96^2 -> #DIV/0! | DY96: 2 | DZ96: =DW96^4/DY96 -> #DIV/0! | EB96: =CH96+DI96+DX96 -> #DIV/0! | EC96: =CJ96+DK96+DZ96 -> #DIV/0! | ED96: =SQRT(EB96) -> #DIV/0! | EE96: =(ED96^4)/EC96 -> #DIV/0! | EF96: =ROUND(TINV(0.05,EE96),0) -> #DIV/0! | EG96: =(ED96*EF96) -> #DIV/0! | EH96: =P96 -> mV | EJ96: 0.085 | EK96: =EH96 -> mV | EL96: =MAX(EJ96,EG96) -> #DIV/0! | EM96: =EK96 -> mV
F98: DC milli Volt Test | BY98: Standard | CY98: Resolution | DM98: Repeatability | EB98: Expanded Uncertainty | EJ98: MINIMUM CMC | EL98: FINAL UNCERTAINTY DECLARATION
F99: Range | L99: Nominal Value | S99: Measured Value | AH99: Average | AM99: Error | BC99: Tolerance | BH99: Upper Limit | BM99: Lower Limit | BR99: Remarks | BY99: Source | BZ99: Distribution | CA99: Type | CB99: or | CC99: Unit | CD99: Divisor | CE99: Ui | CF99: Ci | CG99: UiCi | CH99: (UiCi)^2 | CI99: Vi | CJ99: (UiCi)^4 / Vi | CL99: Source | CM99: Distribution | CN99: Type | CO99: or | CP99: Unit | CQ99: Divisor | CR99: Ui | CS99: Ci | CT99: UiCi | CU99: (UiCi)^2 | CV99: Vi | CW99: (UiCi)^4 / Vi | CY99: Resolution | CZ99: Source | DA99: Distribution | DB99: Type | DC99: or | DD99: Unit | DE99: Divisor | DF99: Ui | DG99: Ci | DH99: UiCi | DI99: (UiCi)^2 | DJ99: Vi | DK99: (UiCi)^4 / Vi | DM99: No. of trial | DN99: Std. Dev | DO99: Source | DP99: Distribution | DQ99: Type | DR99: or | DS99: Unit | DT99: Divisor | DU99: Ui | DV99: Ci | DW99: UiCi | DX99: (UiCi)^2 | DY99: Vi | DZ99: (UiCi)^4 / Vi | EB99: Sum of | EC99: Sum of | ED99: COMBINED STANDARD | EE99: EFFECTIVE DEGREES | EF99: C. FACTOR, k = student's | EG99: EXPANDED UNCERTAINTY,
S100: 1 | X100: 2 | AC100: 3 | CB100: (±) | CO100: (±) | DC100: (±) | DR100: (±) | EB100: (UiCi)^2 | EC100: (UiCi)^4 | ED100: UNCERTAINTY, Uc | EE100: OF FREEDOM, Veff | EF100: t for Veff and 95 % C.L. | EG100: U @ 95 % C.L. ±
F101: 600 mV | L101: 10 | P101: mV | AH101: =AVERAGE(S101:AG101) -> #DIV/0! | AM101: =AH101-L101 -> #DIV/0! | BC101: =(AH101*0.5%)+(2*CY101) -> #DIV/0! | BH101: =L101+BC101 -> #DIV/0! | BM101: =L101-BC101 -> #DIV/0! | BR101: =IF(AND(AH101<=BH101,AH101>=BM101),"PASS","FAIL") -> #DIV/0! | BY101: COC | BZ101: Normal | CA101: B | CB101: 0.00077 | CC101: =P101 -> mV | CD101: 2 | CE101: =CB101/CD101 -> 0.000385 | CF101: 1 | CG101: =CE101*CF101 -> 0.000385 | CH101: =CG101^2 -> 1.48225e-07 | CI101: 200 | CJ101: =CG101^4/CI101 -> 1.0985325e-16 | CL101: Annual Drift | CM101: Rectangular | CN101: B | CO101: 0 | CP101: =CC101 -> mV | CQ101: =SQRT(3) -> 1.7320508 | CR101: =CO101/CQ101 -> 0 | CS101: 1 | CT101: =CR101*CS101 -> 0 | CU101: =CT101^2 -> 0 | CV101: 200 | CW101: =CT101^4/CV101 -> 0 | CY101: 0.1 | CZ101: Readability | DA101: Rectangular | DB101: B | DC101: =CY101/2 -> 0.05 | DD101: =P101 -> mV | DE101: =SQRT(3) -> 1.7320508 | DF101: =DC101/DE101 -> 0.028867513 | DG101: 1 | DH101: =DF101*DG101 -> 0.028867513 | DI101: =DH101^2 -> 0.00083333333 | DJ101: 200 | DK101: =DH101^4/DJ101 -> 3.4722222e-09 | DM101: 3 | DN101: =STDEV(S101:AG101) -> #DIV/0! | DO101: Std. Dev of Reading | DP101: Normal | DQ101: A | DR101: =DN101 -> #DIV/0! | DS101: =P101 -> mV | DT101: =SQRT(DM101) -> 1.7320508 | DU101: =DR101/DT101 -> #DIV/0! | DV101: 1 | DW101: =DU101*DV101 -> #DIV/0! | DX101: =DW101^2 -> #DIV/0! | DY101: 2 | DZ101: =DW101^4/DY101 -> #DIV/0! | EB101: =CH101+DI101+DX101 -> #DIV/0! | EC101: =CJ101+DK101+DZ101 -> #DIV/0! | ED101: =SQRT(EB101) -> #DIV/0! | EE101: =(ED101^4)/EC101 -> #DIV/0! | EF101: =ROUND(TINV(0.05,EE101),0) -> #DIV/0! | EG101: =(ED101*EF101) -> #DIV/0! | EH101: =P101 -> mV | EJ101: 0.0016 | EK101: =EH101 -> mV | EL101: =MAX(EJ101,EG101) -> #DIV/0! | EM101: =EK101 -> mV
F102: 600 mV | L102: 600 | P102: mV | AH102: =AVERAGE(S102:AG102) -> #DIV/0! | AM102: =AH102-L102 -> #DIV/0! | BC102: =(AH102*0.5%)+(2*CY102) -> #DIV/0! | BH102: =L102+BC102 -> #DIV/0! | BM102: =L102-BC102 -> #DIV/0! | BR102: =IF(AND(AH102<=BH102,AH102>=BM102),"PASS","FAIL") -> #DIV/0! | BY102: COC | BZ102: Normal | CA102: B | CB102: 0.0021 | CC102: =P102 -> mV | CD102: 2 | CE102: =CB102/CD102 -> 0.00105 | CF102: 1 | CG102: =CE102*CF102 -> 0.00105 | CH102: =CG102^2 -> 1.1025e-06 | CI102: 200 | CJ102: =CG102^4/CI102 -> 6.0775312e-15 | CL102: Annual Drift | CM102: Rectangular | CN102: B | CO102: 0 | CP102: =CC102 -> mV | CQ102: =SQRT(3) -> 1.7320508 | CR102: =CO102/CQ102 -> 0 | CS102: 1 | CT102: =CR102*CS102 -> 0 | CU102: =CT102^2 -> 0 | CV102: 200 | CW102: =CT102^4/CV102 -> 0 | CY102: 0.1 | CZ102: Readability | DA102: Rectangular | DB102: B | DC102: =CY102/2 -> 0.05 | DD102: =P102 -> mV | DE102: =SQRT(3) -> 1.7320508 | DF102: =DC102/DE102 -> 0.028867513 | DG102: 1 | DH102: =DF102*DG102 -> 0.028867513 | DI102: =DH102^2 -> 0.00083333333 | DJ102: 200 | DK102: =DH102^4/DJ102 -> 3.4722222e-09 | DM102: 3 | DN102: =STDEV(S102:AG102) -> #DIV/0! | DO102: Std. Dev of Reading | DP102: Normal | DQ102: A | DR102: =DN102 -> #DIV/0! | DS102: =P102 -> mV | DT102: =SQRT(DM102) -> 1.7320508 | DU102: =DR102/DT102 -> #DIV/0! | DV102: 1 | DW102: =DU102*DV102 -> #DIV/0! | DX102: =DW102^2 -> #DIV/0! | DY102: 2 | DZ102: =DW102^4/DY102 -> #DIV/0! | EB102: =CH102+DI102+DX102 -> #DIV/0! | EC102: =CJ102+DK102+DZ102 -> #DIV/0! | ED102: =SQRT(EB102) -> #DIV/0! | EE102: =(ED102^4)/EC102 -> #DIV/0! | EF102: =ROUND(TINV(0.05,EE102),0) -> #DIV/0! | EG102: =(ED102*EF102) -> #DIV/0! | EH102: =P102 -> mV | EJ102: 0.0018 | EK102: =EH102 -> mV | EL102: =MAX(EJ102,EG102) -> #DIV/0! | EM102: =EK102 -> mV
F104: Diode Test | BY104: Standard | CY104: Resolution | DM104: Repeatability | EB104: Expanded Uncertainty | EJ104: MINIMUM CMC | EL104: FINAL UNCERTAINTY DECLARATION
F105: Range | L105: Nominal Value | S105: Measured Value | AH105: Average | AM105: Error | BC105: Tolerance | BH105: Upper Limit | BM105: Lower Limit | BR105: Remarks | BY105: Source | BZ105: Distribution | CA105: Type | CB105: or | CC105: Unit | CD105: Divisor | CE105: Ui | CF105: Ci | CG105: UiCi | CH105: (UiCi)^2 | CI105: Vi | CJ105: (UiCi)^4 / Vi | CL105: Source | CM105: Distribution | CN105: Type | CO105: or | CP105: Unit | CQ105: Divisor | CR105: Ui | CS105: Ci | CT105: UiCi | CU105: (UiCi)^2 | CV105: Vi | CW105: (UiCi)^4 / Vi | CY105: Resolution | CZ105: Source | DA105: Distribution | DB105: Type | DC105: or | DD105: Unit | DE105: Divisor | DF105: Ui | DG105: Ci | DH105: UiCi | DI105: (UiCi)^2 | DJ105: Vi | DK105: (UiCi)^4 / Vi | DM105: No. of trial | DN105: Std. Dev | DO105: Source | DP105: Distribution | DQ105: Type | DR105: or | DS105: Unit | DT105: Divisor | DU105: Ui | DV105: Ci | DW105: UiCi | DX105: (UiCi)^2 | DY105: Vi | DZ105: (UiCi)^4 / Vi | EB105: Sum of | EC105: Sum of | ED105: COMBINED STANDARD | EE105: EFFECTIVE DEGREES | EF105: C. FACTOR, k = student's | EG105: EXPANDED UNCERTAINTY,
S106: 1 | X106: 2 | AC106: 3 | CB106: (±) | CO106: (±) | DC106: (±) | DR106: (±) | EB106: (UiCi)^2 | EC106: (UiCi)^4 | ED106: UNCERTAINTY, Uc | EE106: OF FREEDOM, Veff | EF106: t for Veff and 95 % C.L. | EG106: U @ 95 % C.L. ±
F107: 2 V | L107: 1.9 | P107: V | AH107: =AVERAGE(S107:AG107) -> #DIV/0! | AM107: =AH107-L107 -> #DIV/0! | BC107: =(AH107*0.9%)+(2*0.001) -> #DIV/0! | BH107: =L107+BC107 -> #DIV/0! | BM107: =L107-BC107 -> #DIV/0! | BR107: =IF(AND(AH107<=BH107,AH107>=BM107),"PASS","FAIL") -> #DIV/0! | BY107: COC | BZ107: Normal | CA107: B | CB107: 8.3e-06 | CC107: =P107 -> V | CD107: 2 | CE107: =CB107/CD107 -> 4.15e-06 | CF107: 1 | CG107: =CE107*CF107 -> 4.15e-06 | CH107: =CG107^2 -> 1.72225e-11 | CI107: 200 | CJ107: =CG107^4/CI107 -> 1.4830725e-24 | CL107: Annual Drift | CM107: Rectangular | CN107: B | CO107: 0 | CP107: =CC107 -> V | CQ107: =SQRT(3) -> 1.7320508 | CR107: =CO107/CQ107 -> 0 | CS107: 1 | CT107: =CR107*CS107 -> 0 | CU107: =CT107^2 -> 0 | CV107: 200 | CW107: =CT107^4/CV107 -> 0 | CY107: 0.001 | CZ107: Readability | DA107: Rectangular | DB107: B | DC107: =CY107/2 -> 0.0005 | DD107: =P107 -> V | DE107: =SQRT(3) -> 1.7320508 | DF107: =DC107/DE107 -> 0.00028867513 | DG107: 1 | DH107: =DF107*DG107 -> 0.00028867513 | DI107: =DH107^2 -> 8.3333333e-08 | DJ107: 200 | DK107: =DH107^4/DJ107 -> 3.4722222e-17 | DM107: 3 | DN107: =STDEV(S107:AG107) -> #DIV/0! | DO107: Std. Dev of Reading | DP107: Normal | DQ107: A | DR107: =DN107 -> #DIV/0! | DS107: =P107 -> V | DT107: =SQRT(DM107) -> 1.7320508 | DU107: =DR107/DT107 -> #DIV/0! | DV107: 1 | DW107: =DU107*DV107 -> #DIV/0! | DX107: =DW107^2 -> #DIV/0! | DY107: 2 | DZ107: =DW107^4/DY107 -> #DIV/0! | EB107: =CH107+DI107+DX107 -> #DIV/0! | EC107: =CJ107+DK107+DZ107 -> #DIV/0! | ED107: =SQRT(EB107) -> #DIV/0! | EE107: =(ED107^4)/EC107 -> #DIV/0! | EF107: =ROUND(TINV(0.05,EE107),0) -> #DIV/0! | EG107: =(ED107*EF107) -> #DIV/0! | EH107: =P107 -> V | EJ107: 1.8e-06 | EK107: =EH107 -> V | EL107: =MAX(EJ107,EG107) -> #DIV/0! | EM107: =EK107 -> V
F109: Capacitance Test | BY109: Standard | CY109: Resolution | DM109: Repeatability | EB109: Expanded Uncertainty | EJ109: MINIMUM CMC | EL109: FINAL UNCERTAINTY DECLARATION
F110: Range | L110: Nominal Value | S110: Measured Value | AH110: Average | AM110: Error | BC110: Tolerance | BH110: Upper Limit | BM110: Lower Limit | BR110: Remarks | BY110: Source | BZ110: Distribution | CA110: Type | CB110: or | CC110: Unit | CD110: Divisor | CE110: Ui | CF110: Ci | CG110: UiCi | CH110: (UiCi)^2 | CI110: Vi | CJ110: (UiCi)^4 / Vi | CL110: Source | CM110: Distribution | CN110: Type | CO110: or | CP110: Unit | CQ110: Divisor | CR110: Ui | CS110: Ci | CT110: UiCi | CU110: (UiCi)^2 | CV110: Vi | CW110: (UiCi)^4 / Vi | CY110: Resolution | CZ110: Source | DA110: Distribution | DB110: Type | DC110: or | DD110: Unit | DE110: Divisor | DF110: Ui | DG110: Ci | DH110: UiCi | DI110: (UiCi)^2 | DJ110: Vi | DK110: (UiCi)^4 / Vi | DM110: No. of trial | DN110: Std. Dev | DO110: Source | DP110: Distribution | DQ110: Type | DR110: or | DS110: Unit | DT110: Divisor | DU110: Ui | DV110: Ci | DW110: UiCi | DX110: (UiCi)^2 | DY110: Vi | DZ110: (UiCi)^4 / Vi | EB110: Sum of | EC110: Sum of | ED110: COMBINED STANDARD | EE110: EFFECTIVE DEGREES | EF110: C. FACTOR, k = student's | EG110: EXPANDED UNCERTAINTY,
S111: 1 | X111: 2 | AC111: 3 | CB111: (±) | CO111: (±) | DC111: (±) | DR111: (±) | EB111: (UiCi)^2 | EC111: (UiCi)^4 | ED111: UNCERTAINTY, Uc | EE111: OF FREEDOM, Veff | EF111: t for Veff and 95 % C.L. | EG111: U @ 95 % C.L. ±
F112: 1 000 nF | L112: Open | P112: nF | AH112: =AVERAGE(S112:AG112) -> #DIV/0! | AM112: =AH112-0 -> #DIV/0! | BC112: =(AH112*1.9%)+(2*1) -> #DIV/0! | BH112: =0+BC112 -> #DIV/0! | BM112: =0-BC112 -> #DIV/0! | BR112: =IF(AND(AH112<=BH112,AH112>=BM112),"PASS","FAIL") -> #DIV/0! | BY112: Specification | BZ112: Normal | CA112: B | CC112: nF | CD112: 2.58 | CE112: =CB112/CD112 -> 0 | CF112: 1 | CG112: =CE112*CF112 -> 0 | CH112: =CG112^2 -> 0 | CI112: 200 | CJ112: =CG112^4/CI112 -> 0 | CL112: Annual Drift | CM112: Rectangular | CN112: B | CO112: 0 | CP112: =CC112 -> nF | CQ112: =SQRT(3) -> 1.7320508 | CR112: =CO112/CQ112 -> 0 | CS112: 1 | CT112: =CR112*CS112 -> 0 | CU112: =CT112^2 -> 0 | CV112: 200 | CW112: =CT112^4/CV112 -> 0 | CY112: 1 | CZ112: Readability | DA112: Rectangular | DB112: B | DC112: =CY112/2 -> 0.5 | DD112: nF | DE112: =SQRT(3) -> 1.7320508 | DF112: =DC112/DE112 -> 0.28867513 | DG112: 1 | DH112: =DF112*DG112 -> 0.28867513 | DI112: =DH112^2 -> 0.083333333 | DJ112: 200 | DK112: =DH112^4/DJ112 -> 3.4722222e-05 | DM112: 3 | DN112: =STDEV(S112:AG112) -> #DIV/0! | DO112: Std. Dev of Reading | DP112: Normal | DQ112: A | DR112: =DN112 -> #DIV/0! | DS112: =P112 -> nF | DT112: =SQRT(DM112) -> 1.7320508 | DU112: =DR112/DT112 -> #DIV/0! | DV112: 1 | DW112: =DU112*DV112 -> #DIV/0! | DX112: =DW112^2 -> #DIV/0! | DY112: 2 | DZ112: =DW112^4/DY112 -> #DIV/0! | EB112: =CH112+DI112+DX112 -> #DIV/0! | EC112: =CJ112+DK112+DZ112 -> #DIV/0! | ED112: =SQRT(EB112) -> #DIV/0! | EE112: =(ED112^4)/EC112 -> #DIV/0! | EF112: =ROUND(TINV(0.05,EE112),0) -> #DIV/0! | EG112: - | EH112: nF | EK112: =EH112 -> nF | EL112: =MAX(EJ112,EG112) -> 0 | EM112: =EK112 -> nF
F113: 9 999 µF | L113: 900 | P113: µF | AH113: =AVERAGE(S113:AG113) -> #DIV/0! | AM113: =AH113-L113 -> #DIV/0! | BC113: =(AH113*1.9%)+(2*1) -> #DIV/0! | BH113: =L113+BC113 -> #DIV/0! | BM113: =L113-BC113 -> #DIV/0! | BR113: =IF(AND(AH113<=BH113,AH113>=BM113),"PASS","FAIL") -> #DIV/0! | BY113: Specification | BZ113: Normal | CA113: B | CB113: =(0.7%*L113)+1 -> 7.3 | CC113: =P113 -> µF | CD113: 2.58 | CE113: =CB113/CD113 -> 2.8294574 | CF113: 1 | CG113: =CE113*CF113 -> 2.8294574 | CH113: =CG113^2 -> 8.005829 | CI113: 200 | CJ113: =CG113^4/CI113 -> 0.32046649 | CL113: Annual Drift | CM113: Rectangular | CN113: B | CO113: 0 | CP113: =CC113 -> µF | CQ113: =SQRT(3) -> 1.7320508 | CR113: =CO113/CQ113 -> 0 | CS113: 1 | CT113: =CR113*CS113 -> 0 | CU113: =CT113^2 -> 0 | CV113: 200 | CW113: =CT113^4/CV113 -> 0 | CY113: 1 | CZ113: Readability | DA113: Rectangular | DB113: B | DC113: =CY113/2 -> 0.5 | DD113: =P113 -> µF | DE113: =SQRT(3) -> 1.7320508 | DF113: =DC113/DE113 -> 0.28867513 | DG113: 1 | DH113: =DF113*DG113 -> 0.28867513 | DI113: =DH113^2 -> 0.083333333 | DJ113: 200 | DK113: =DH113^4/DJ113 -> 3.4722222e-05 | DM113: 3 | DN113: =STDEV(S113:AG113) -> #DIV/0! | DO113: Std. Dev of Reading | DP113: Normal | DQ113: A | DR113: =DN113 -> #DIV/0! | DS113: =P113 -> µF | DT113: =SQRT(DM113) -> 1.7320508 | DU113: =DR113/DT113 -> #DIV/0! | DV113: 1 | DW113: =DU113*DV113 -> #DIV/0! | DX113: =DW113^2 -> #DIV/0! | DY113: 2 | DZ113: =DW113^4/DY113 -> #DIV/0! | EB113: =CH113+DI113+DX113 -> #DIV/0! | EC113: =CJ113+DK113+DZ113 -> #DIV/0! | ED113: =SQRT(EB113) -> #DIV/0! | EE113: =(ED113^4)/EC113 -> #DIV/0! | EF113: =ROUND(TINV(0.05,EE113),0) -> #DIV/0! | EG113: =(ED113*EF113) -> #DIV/0! | EH113: =P113 -> µF | EK113: =EH113 -> µF | EL113: =MAX(EJ113,EG113) -> #DIV/0! | EM113: =EK113 -> µF
F115: LoZ Capacitance Test | BY115: Standard | CY115: Resolution | DM115: Repeatability | EB115: Expanded Uncertainty | EJ115: MINIMUM CMC | EL115: FINAL UNCERTAINTY DECLARATION
F116: Range | L116: Nominal Value | S116: Measured Value | AH116: Average | AM116: Error | BC116: Tolerance | BH116: Upper Limit | BM116: Lower Limit | BR116: Remarks | BY116: Source | BZ116: Distribution | CA116: Type | CB116: or | CC116: Unit | CD116: Divisor | CE116: Ui | CF116: Ci | CG116: UiCi | CH116: (UiCi)^2 | CI116: Vi | CJ116: (UiCi)^4 / Vi | CL116: Source | CM116: Distribution | CN116: Type | CO116: or | CP116: Unit | CQ116: Divisor | CR116: Ui | CS116: Ci | CT116: UiCi | CU116: (UiCi)^2 | CV116: Vi | CW116: (UiCi)^4 / Vi | CY116: Resolution | CZ116: Source | DA116: Distribution | DB116: Type | DC116: or | DD116: Unit | DE116: Divisor | DF116: Ui | DG116: Ci | DH116: UiCi | DI116: (UiCi)^2 | DJ116: Vi | DK116: (UiCi)^4 / Vi | DM116: No. of trial | DN116: Std. Dev | DO116: Source | DP116: Distribution | DQ116: Type | DR116: or | DS116: Unit | DT116: Divisor | DU116: Ui | DV116: Ci | DW116: UiCi | DX116: (UiCi)^2 | DY116: Vi | DZ116: (UiCi)^4 / Vi | EB116: Sum of | EC116: Sum of | ED116: COMBINED STANDARD | EE116: EFFECTIVE DEGREES | EF116: C. FACTOR, k = student's | EG116: EXPANDED UNCERTAINTY,
S117: 1 | X117: 2 | AC117: 3 | CB117: (±) | CO117: (±) | DC117: (±) | DR117: (±) | EB117: (UiCi)^2 | EC117: (UiCi)^4 | ED117: UNCERTAINTY, Uc | EE117: OF FREEDOM, Veff | EF117: t for Veff and 95 % C.L. | EG117: U @ 95 % C.L. ±
F118: 10 µF | L118: 9 | P118: µF | AH118: =AVERAGE(S118:AG118) -> #DIV/0! | AM118: =AH118-L118 -> #DIV/0! | BC118: =(AH118*10%)+(2*CY118) -> #DIV/0! | BH118: =L118+BC118 -> #DIV/0! | BM118: =L118-BC118 -> #DIV/0! | BR118: =IF(AND(AH118<=BH118,AH118>=BM118),"PASS","FAIL") -> #DIV/0! | BY118: Specification | BZ118: Normal | CA118: B | CB118: =(0.25%*L118)+0.01 -> 0.0325 | CC118: =P118 -> µF | CD118: 2.58 | CE118: =CB118/CD118 -> 0.012596899 | CF118: 1 | CG118: =CE118*CF118 -> 0.012596899 | CH118: =CG118^2 -> 0.00015868187 | CI118: 200 | CJ118: =CG118^4/CI118 -> 1.2589968e-10 | CL118: Annual Drift | CM118: Rectangular | CN118: B | CO118: 0 | CP118: =CC118 -> µF | CQ118: =SQRT(3) -> 1.7320508 | CR118: =CO118/CQ118 -> 0 | CS118: 1 | CT118: =CR118*CS118 -> 0 | CU118: =CT118^2 -> 0 | CV118: 200 | CW118: =CT118^4/CV118 -> 0 | CY118: 0.01 | CZ118: Readability | DA118: Rectangular | DB118: B | DC118: =CY118/2 -> 0.005 | DD118: =P118 -> µF | DE118: =SQRT(3) -> 1.7320508 | DF118: =DC118/DE118 -> 0.0028867513 | DG118: 1 | DH118: =DF118*DG118 -> 0.0028867513 | DI118: =DH118^2 -> 8.3333333e-06 | DJ118: 200 | DK118: =DH118^4/DJ118 -> 3.4722222e-13 | DM118: 3 | DN118: =STDEV(S118:AG118) -> #DIV/0! | DO118: Std. Dev of Reading | DP118: Normal | DQ118: A | DR118: =DN118 -> #DIV/0! | DS118: =P118 -> µF | DT118: =SQRT(DM118) -> 1.7320508 | DU118: =DR118/DT118 -> #DIV/0! | DV118: 1 | DW118: =DU118*DV118 -> #DIV/0! | DX118: =DW118^2 -> #DIV/0! | DY118: 2 | DZ118: =DW118^4/DY118 -> #DIV/0! | EB118: =CH118+DI118+DX118 -> #DIV/0! | EC118: =CJ118+DK118+DZ118 -> #DIV/0! | ED118: =SQRT(EB118) -> #DIV/0! | EE118: =(ED118^4)/EC118 -> #DIV/0! | EF118: =ROUND(TINV(0.05,EE118),0) -> #DIV/0! | EG118: =(ED118*EF118) -> #DIV/0! | EH118: =P118 -> µF | EK118: =EH118 -> µF | EL118: =MAX(EJ118,EG118) -> #DIV/0! | EM118: =EK118 -> µF
F120: DC Current Test | BY120: Standard | CY120: Resolution | DM120: Repeatability | EB120: Expanded Uncertainty | EJ120: MINIMUM CMC | EL120: FINAL UNCERTAINTY DECLARATION
F121: Range | L121: Nominal Value | S121: Measured Value | AH121: Average | AM121: Error | BC121: Tolerance | BH121: Upper Limit | BM121: Lower Limit | BR121: Remarks | BY121: Source | BZ121: Distribution | CA121: Type | CB121: or | CC121: Unit | CD121: Divisor | CE121: Ui | CF121: Ci | CG121: UiCi | CH121: (UiCi)^2 | CI121: Vi | CJ121: (UiCi)^4 / Vi | CL121: Source | CM121: Distribution | CN121: Type | CO121: or | CP121: Unit | CQ121: Divisor | CR121: Ui | CS121: Ci | CT121: UiCi | CU121: (UiCi)^2 | CV121: Vi | CW121: (UiCi)^4 / Vi | CY121: Resolution | CZ121: Source | DA121: Distribution | DB121: Type | DC121: or | DD121: Unit | DE121: Divisor | DF121: Ui | DG121: Ci | DH121: UiCi | DI121: (UiCi)^2 | DJ121: Vi | DK121: (UiCi)^4 / Vi | DM121: No. of trial | DN121: Std. Dev | DO121: Source | DP121: Distribution | DQ121: Type | DR121: or | DS121: Unit | DT121: Divisor | DU121: Ui | DV121: Ci | DW121: UiCi | DX121: (UiCi)^2 | DY121: Vi | DZ121: (UiCi)^4 / Vi | EB121: Sum of | EC121: Sum of | ED121: COMBINED STANDARD | EE121: EFFECTIVE DEGREES | EF121: C. FACTOR, k = student's | EG121: EXPANDED UNCERTAINTY,
S122: 1 | X122: 2 | AC122: 3 | CB122: (±) | CO122: (±) | DC122: (±) | DR122: (±) | EB122: (UiCi)^2 | EC122: (UiCi)^4 | ED122: UNCERTAINTY, Uc | EE122: OF FREEDOM, Veff | EF122: t for Veff and 95 % C.L. | EG122: U @ 95 % C.L. ±
F123: 10 A | L123: 10 | P123: A | AH123: =AVERAGE(S123:AG123) -> #DIV/0! | AM123: =AH123-L123 -> #DIV/0! | BC123: =(AH123*1%)+(3*CY123) -> #DIV/0! | BH123: =L123+BC123 -> #DIV/0! | BM123: =L123-BC123 -> #DIV/0! | BR123: =IF(AND(AH123<=BH123,AH123>=BM123),"PASS","FAIL") -> #DIV/0! | BY123: COC | BZ123: Normal | CA123: B | CB123: 0.0014 | CC123: =P123 -> A | CD123: 2 | CE123: =CB123/CD123 -> 0.0007 | CF123: 1 | CG123: =CE123*CF123 -> 0.0007 | CH123: =CG123^2 -> 4.9e-07 | CI123: 200 | CJ123: =CG123^4/CI123 -> 1.2005e-15 | CL123: Annual Drift | CM123: Rectangular | CN123: B | CO123: 0 | CP123: =CC123 -> A | CQ123: =SQRT(3) -> 1.7320508 | CR123: =CO123/CQ123 -> 0 | CS123: 1 | CT123: =CR123*CS123 -> 0 | CU123: =CT123^2 -> 0 | CV123: 200 | CW123: =CT123^4/CV123 -> 0 | CY123: 0.01 | CZ123: Readability | DA123: Rectangular | DB123: B | DC123: =CY123/2 -> 0.005 | DD123: =P123 -> A | DE123: =SQRT(3) -> 1.7320508 | DF123: =DC123/DE123 -> 0.0028867513 | DG123: 1 | DH123: =DF123*DG123 -> 0.0028867513 | DI123: =DH123^2 -> 8.3333333e-06 | DJ123: 200 | DK123: =DH123^4/DJ123 -> 3.4722222e-13 | DM123: 3 | DN123: =STDEV(S123:AG123) -> #DIV/0! | DO123: Std. Dev of Reading | DP123: Normal | DQ123: A | DR123: =DN123 -> #DIV/0! | DS123: =P123 -> A | DT123: =SQRT(DM123) -> 1.7320508 | DU123: =DR123/DT123 -> #DIV/0! | DV123: 1 | DW123: =DU123*DV123 -> #DIV/0! | DX123: =DW123^2 -> #DIV/0! | DY123: 2 | DZ123: =DW123^4/DY123 -> #DIV/0! | EB123: =CH123+DI123+DX123 -> #DIV/0! | EC123: =CJ123+DK123+DZ123 -> #DIV/0! | ED123: =SQRT(EB123) -> #DIV/0! | EE123: =(ED123^4)/EC123 -> #DIV/0! | EF123: =ROUND(TINV(0.05,EE123),0) -> #DIV/0! | EG123: =(ED123*EF123) -> #DIV/0! | EH123: =P123 -> A | EJ123: 0.0016 | EK123: =EH123 -> A | EL123: =MAX(EJ123,EG123) -> #DIV/0! | EM123: =EK123 -> A
F125: AC Current Test | BY125: Standard | CY125: Resolution | DM125: Repeatability | EB125: Expanded Uncertainty | EJ125: MINIMUM CMC | EL125: FINAL UNCERTAINTY DECLARATION
F126: Range | L126: Nominal Value | S126: Frequency | X126: Measured Value | AM126: Average | AR126: Error | BC126: Tolerance | BH126: Upper Limit | BM126: Lower Limit | BR126: Remarks | BY126: Source | BZ126: Distribution | CA126: Type | CB126: or | CC126: Unit | CD126: Divisor | CE126: Ui | CF126: Ci | CG126: UiCi | CH126: (UiCi)^2 | CI126: Vi | CJ126: (UiCi)^4 / Vi | CL126: Source | CM126: Distribution | CN126: Type | CO126: or | CP126: Unit | CQ126: Divisor | CR126: Ui | CS126: Ci | CT126: UiCi | CU126: (UiCi)^2 | CV126: Vi | CW126: (UiCi)^4 / Vi | CY126: Resolution | CZ126: Source | DA126: Distribution | DB126: Type | DC126: or | DD126: Unit | DE126: Divisor | DF126: Ui | DG126: Ci | DH126: UiCi | DI126: (UiCi)^2 | DJ126: Vi | DK126: (UiCi)^4 / Vi | DM126: No. of trial | DN126: Std. Dev | DO126: Source | DP126: Distribution | DQ126: Type | DR126: or | DS126: Unit | DT126: Divisor | DU126: Ui | DV126: Ci | DW126: UiCi | DX126: (UiCi)^2 | DY126: Vi | DZ126: (UiCi)^4 / Vi | EB126: Sum of | EC126: Sum of | ED126: COMBINED STANDARD | EE126: EFFECTIVE DEGREES | EF126: C. FACTOR, k = student's | EG126: EXPANDED UNCERTAINTY,
X127: 1 | AC127: 2 | AH127: 3 | CB127: (±) | CO127: (±) | DC127: (±) | DR127: (±) | EB127: (UiCi)^2 | EC127: (UiCi)^4 | ED127: UNCERTAINTY, Uc | EE127: OF FREEDOM, Veff | EF127: t for Veff and 95 % C.L. | EG127: U @ 95 % C.L. ±
F128: 6 A | L128: 5 | P128: A | S128: 45 Hz | AM128: =AVERAGE(X128:AL128) -> #DIV/0! | AR128: =AM128-L128 -> #DIV/0! | BC128: =(AM128*1.5%)+(3*0.001) -> #DIV/0! | BH128: =L128+BC128 -> #DIV/0! | BM128: =L128-BC128 -> #DIV/0! | BR128: =IF(AND(AM128<=BH128,AM128>=BM128),"PASS","FAIL") -> #DIV/0! | BY128: COC | BZ128: Normal | CA128: B | CB128: 0.01 | CC128: =P128 -> A | CD128: 2 | CE128: =CB128/CD128 -> 0.005 | CF128: 1 | CG128: =CE128*CF128 -> 0.005 | CH128: =CG128^2 -> 2.5e-05 | CI128: 200 | CJ128: =CG128^4/CI128 -> 3.125e-12 | CL128: Annual Drift | CM128: Rectangular | CN128: B | CO128: 0 | CP128: =CC128 -> A | CQ128: =SQRT(3) -> 1.7320508 | CR128: =CO128/CQ128 -> 0 | CS128: 1 | CT128: =CR128*CS128 -> 0 | CU128: =CT128^2 -> 0 | CV128: 200 | CW128: =CT128^4/CV128 -> 0 | CY128: 0.001 | CZ128: Readability | DA128: Rectangular | DB128: B | DC128: =CY128/2 -> 0.0005 | DD128: =P128 -> A | DE128: =SQRT(3) -> 1.7320508 | DF128: =DC128/DE128 -> 0.00028867513 | DG128: 1 | DH128: =DF128*DG128 -> 0.00028867513 | DI128: =DH128^2 -> 8.3333333e-08 | DJ128: 200 | DK128: =DH128^4/DJ128 -> 3.4722222e-17 | DM128: 3 | DN128: =STDEV(X128:AL128) -> #DIV/0! | DO128: Std. Dev of Reading | DP128: Normal | DQ128: A | DR128: =DN128 -> #DIV/0! | DS128: =P128 -> A | DT128: =SQRT(DM128) -> 1.7320508 | DU128: =DR128/DT128 -> #DIV/0! | DV128: 1 | DW128: =DU128*DV128 -> #DIV/0! | DX128: =DW128^2 -> #DIV/0! | DY128: 2 | DZ128: =DW128^4/DY128 -> #DIV/0! | EB128: =CH128+DI128+DX128 -> #DIV/0! | EC128: =CJ128+DK128+DZ128 -> #DIV/0! | ED128: =SQRT(EB128) -> #DIV/0! | EE128: =(ED128^4)/EC128 -> #DIV/0! | EF128: =ROUND(TINV(0.05,EE128),0) -> #DIV/0! | EG128: =(ED128*EF128) -> #DIV/0! | EH128: =P128 -> A | EJ128: 0.0029 | EK128: =EH128 -> A | EL128: =MAX(EJ128,EG128) -> #DIV/0! | EM128: =EK128 -> A
B130: Calibrated By
AK131: =AL9 -> 0
...

Sheet Specification
A1: https://www.instrumart.com/assets/fluke115_116_117_manual.pdf
