Workbook
Name DRY: #REF!
Name DRY: #REF!
Name DRY: #REF!
Name dryx: #REF!
Name dryx: #REF!
Name WET: #REF!
Name WET: #REF!
Name WET: #REF!

Sheet Cal Certificate
C5: Calibration Certificate
R7: Certificate No.: | V7: =CONCATENATE("25-",DataSheet!L7,DataSheet!N7,DataSheet!O7,DataSheet!AN7," ","Rev.00") -> 25- Rev.00
C9: Customer : | O9: Location of Calibration :
D10: =DataSheet!H25 -> 0 | P10: =IF(DataSheet!AE25="x","SONJU ENGINEERING SERVICES",D10) -> SONJU ENGINEERING SERVICES
D11: =DataSheet!H27 -> 0 | P11: =IF(DataSheet!AE25="x",DataSheet!AG29,DataSheet!AG29) -> Electrical Calibration Area
C15: Manufacturer: | H15: =DataSheet!K11 -> Fluke | O15: Description: | T15: =DataSheet!K9 -> True RMS Multimeter
C16: Model No: | H16: =DataSheet!K13 -> 117 | O16: Options Installed: | T16: =DataSheet!AL13 -> none
C17: Serial No: | H17: =DataSheet!K15 -> 0 | O17: Customer Asset No: | T17: =DataSheet!AL17 -> none
C18: Calibration Date: | H18: =DataSheet!AL11 -> 0 | O18: Work Order No.: | T18: =DataSheet!L7 -> 0
C19: Received Date: | H19: =DataSheet!AL9 -> 0 | O19: Customer P.O.: | T19: =DataSheet!AL15 -> none
C20: Temperature: | H20: =IF(DataSheet!AE25="x","23 °C ± 5 °C",CONCATENATE(ROUND(AVERAGE(DataSheet!K41:L42),1)," ","°C")) -> 23 °C ± 5 °C | O20: Humidity: | T20: =IF(DataSheet!AE25="x","55 %rh ± 15 %rh",CONCATENATE(ROUND(AVERAGE(DataSheet!T41:U42),1)," ","%rh")) -> 55 %rh ± 15 %rh
C23: Cal Method / Procedure :
C24: =DataSheet!AB40 -> As per SONJU Engineering Services Work Instruction 7W-02-54 Digital Multimeter Calibration Procedure.
C26: This is to certify that the above Measuring and Test Equipment has been calibrated by SONJU Engineering Services in accordance with relevant calibration procedure defined for this instrument.
C29: Uncertainty:
C30: The expanded uncertainty of measurement for the results given in this certificate was estimated with a coverage factor of k = 2 at 95% level of confidence. The uncertainties of measurement were calculated using a budget worksheet based on JCGM 100:2008 Evaluation of measurement data - Guide to the Expression of Uncertainty in Measurement, 1st edition- 2008.
C34: Traceability:
C35: The instrument was calibrated using reference standard/s traceable to SI Units as maintained by NPL (United Kingdom), NIST (US) and NML-ITDI (Philippines) through SONJU Engineering Services (Philippines)
C38: Reference Standard Used:
D40: Description | J40: Serial No. | P40: Cal Report Ref. | V40: Due Date
D42: =DataSheet!B33 -> Multiproduct Calibrator | J42: =DataSheet!Q33 -> 28039 | P42: =DataSheet!AB33 -> 25-2852-03JSC Rev.00 | V42: =DataSheet!AO33 -> 46211
C44: Remarks:
C45: 1. The results were the average of the three (3) readings and were obtained during the time of calibration and refer only to the particular instrument submitted. Should the instrument be modified or damaged in any way, or develop inconsistent readings, the results may not be valid and the unit will require recalibration.
C48: 2. The user should determine the suitability of this instrument for its intended use.
C49: 3. Preliminary Inspection: Satisfactory.
C50: 4. A positve error is to subtracted to the UUT indication and negative error added to give true value.
C51: 5. As per customer request the next calibration due date is on: | O51: =EDATE(DataSheet!AL11,12) -> 366
E54: =DataSheet!B120 -> 0 | S54: Jennefer S. Ilas
E55: Calibration Officer | S55: Approved Signatory
D57: Issue Date :
C65: Measurement Results:
E67: =DataSheet!F52 -> DC Voltage Test
E68: Range | I68: Nominal Value | M68: Measured Value | Q68: Error | U68: Uncertainty
E70: =DataSheet!F55 -> 600 mV | I70: =CONCATENATE(DataSheet!L55," ",DataSheet!P55) -> 60 mV | M70: =CONCATENATE(TEXT(DataSheet!AM55,"0.0")," ",DataSheet!P55) -> #DIV/0! | Q70: =CONCATENATE(TEXT(DataSheet!AR55,"0.0")," ",DataSheet!P55) -> #DIV/0! | U70: =CONCATENATE(," ",TEXT(DataSheet!DD55,"0.000")," ",DataSheet!CZ55) -> #DIV/0!
I71: =CONCATENATE(DataSheet!L56," ",DataSheet!P56) -> 540 mV | M71: =CONCATENATE(TEXT(DataSheet!AM56,"0.0")," ",DataSheet!P56) -> #DIV/0! | Q71: =CONCATENATE(TEXT(DataSheet!AR56,"0.0")," ",DataSheet!P56) -> #DIV/0! | U71: =CONCATENATE(," ",TEXT(DataSheet!DD56,"0.000")," ",DataSheet!CZ56) -> #DIV/0!
I72: =CONCATENATE(DataSheet!L57," ",DataSheet!P57) -> -540 mV | M72: =CONCATENATE(TEXT(DataSheet!AM57,"0.0")," ",DataSheet!P57) -> #DIV/0! | Q72: =CONCATENATE(TEXT(DataSheet!AR57,"0.0")," ",DataSheet!P57) -> #DIV/0! | U72: =CONCATENATE(," ",TEXT(DataSheet!DD57,"0.000")," ",DataSheet!CZ57) -> #DIV/0!
E73: =DataSheet!F58 -> 6 V | I73: =CONCATENATE(DataSheet!L58," ",DataSheet!P58) -> 0.6 V | M73: =CONCATENATE(TEXT(DataSheet!AM58,"0.000")," ",DataSheet!P58) -> #DIV/0! | Q73: =CONCATENATE(TEXT(DataSheet!AR58,"0.000")," ",DataSheet!P58) -> #DIV/0! | U73: =CONCATENATE(" ",TEXT(DataSheet!DD58,"0.000 00")," ",DataSheet!CZ58) -> #DIV/0!
I74: =CONCATENATE(DataSheet!L59," ",DataSheet!P59) -> 5.4 V | M74: =CONCATENATE(TEXT(DataSheet!AM59,"0.000")," ",DataSheet!P59) -> #DIV/0! | Q74: =CONCATENATE(TEXT(DataSheet!AR59,"0.000")," ",DataSheet!P59) -> #DIV/0! | U74: =CONCATENATE(" ",TEXT(DataSheet!DD59,"0.000 00")," ",DataSheet!CZ59) -> #DIV/0!
I75: =CONCATENATE(DataSheet!L60," ",DataSheet!P60) -> -5.4 V | M75: =CONCATENATE(TEXT(DataSheet!AM60,"0.000")," ",DataSheet!P60) -> #DIV/0! | Q75: =CONCATENATE(TEXT(DataSheet!AR60,"0.000")," ",DataSheet!P60) -> #DIV/0! | U75: =CONCATENATE(" ",TEXT(DataSheet!DD60,"0.000 00")," ",DataSheet!CZ60) -> #DIV/0!
E76: =DataSheet!F61 -> 60 V | I76: =CONCATENATE(DataSheet!L61," ",DataSheet!P61) -> 6 V | M76: =CONCATENATE(TEXT(DataSheet!AM61,"0.00")," ",DataSheet!P61) -> #DIV/0! | Q76: =CONCATENATE(TEXT(DataSheet!AR61,"0.00")," ",DataSheet!P61) -> #DIV/0! | U76: =CONCATENATE(" ",TEXT(DataSheet!DD61,"0.000 0")," ",DataSheet!CZ61) -> #DIV/0!
I77: =CONCATENATE(DataSheet!L62," ",DataSheet!P62) -> 30 V | M77: =CONCATENATE(TEXT(DataSheet!AM62,"0.00")," ",DataSheet!P62) -> #DIV/0! | Q77: =CONCATENATE(TEXT(DataSheet!AR62,"0.00")," ",DataSheet!P62) -> #DIV/0! | U77: =CONCATENATE(" ",TEXT(DataSheet!DD62,"0.000 0")," ",DataSheet!CZ62) -> #DIV/0!
I78: =CONCATENATE(DataSheet!L63," ",DataSheet!P63) -> 54 V | M78: =CONCATENATE(TEXT(DataSheet!AM63,"0.00")," ",DataSheet!P63) -> #DIV/0! | Q78: =CONCATENATE(TEXT(DataSheet!AR63,"0.00")," ",DataSheet!P63) -> #DIV/0! | U78: =CONCATENATE(" ",TEXT(DataSheet!DD63,"0.000 0")," ",DataSheet!CZ63) -> #DIV/0!
I79: =CONCATENATE(DataSheet!L64," ",DataSheet!P64) -> -6 V | M79: =CONCATENATE(TEXT(DataSheet!AM64,"0.00")," ",DataSheet!P64) -> #DIV/0! | Q79: =CONCATENATE(TEXT(DataSheet!AR64,"0.00")," ",DataSheet!P64) -> #DIV/0! | U79: =CONCATENATE(" ",TEXT(DataSheet!DD64,"0.000 0")," ",DataSheet!CZ64) -> #DIV/0!
I80: =CONCATENATE(DataSheet!L65," ",DataSheet!P65) -> -54 V | M80: =CONCATENATE(TEXT(DataSheet!AM65,"0.00")," ",DataSheet!P65) -> #DIV/0! | Q80: =CONCATENATE(TEXT(DataSheet!AR65,"0.00")," ",DataSheet!P65) -> #DIV/0! | U80: =CONCATENATE(" ",TEXT(DataSheet!DD65,"0.000 0")," ",DataSheet!CZ65) -> #DIV/0!
E81: =DataSheet!F66 -> 600 V | I81: =CONCATENATE(DataSheet!L66," ",DataSheet!P66) -> 60 V | M81: =CONCATENATE(TEXT(DataSheet!AM66,"0.0")," ",DataSheet!P66) -> #DIV/0! | Q81: =CONCATENATE(TEXT(DataSheet!AR66,"0.0")," ",DataSheet!P66) -> #DIV/0! | U81: =CONCATENATE(" ",TEXT(DataSheet!DD66,"0.000")," ",DataSheet!CZ66) -> #DIV/0!
I82: =CONCATENATE(DataSheet!L67," ",DataSheet!P67) -> 540 V | M82: =CONCATENATE(TEXT(DataSheet!AM67,"0.0")," ",DataSheet!P67) -> #DIV/0! | Q82: =CONCATENATE(TEXT(DataSheet!AR67,"0.0")," ",DataSheet!P67) -> #DIV/0! | U82: =CONCATENATE(" ",TEXT(DataSheet!DD67,"0.000")," ",DataSheet!CZ67) -> #DIV/0!
I83: =CONCATENATE(DataSheet!L68," ",DataSheet!P68) -> -540 V | M83: =CONCATENATE(TEXT(DataSheet!AM68,"0.0")," ",DataSheet!P68) -> #DIV/0! | Q83: =CONCATENATE(TEXT(DataSheet!AR68,"0.0")," ",DataSheet!P68) -> #DIV/0! | U83: =CONCATENATE(" ",TEXT(DataSheet!DD68,"0.000")," ",DataSheet!CZ68) -> #DIV/0!
E85: =DataSheet!F92 -> Resistance Test
E86: Range | I86: Nominal Value | M86: Measured Value | Q86: Error | U86: Uncertainty
E88: =DataSheet!F95 -> 600 Ω | I88: =CONCATENATE(DataSheet!L95," ",DataSheet!P95) -> 0 Ω | M88: =CONCATENATE(TEXT(DataSheet!AM95,"0.0")," ",DataSheet!P95) -> #DIV/0! | Q88: =CONCATENATE(TEXT(DataSheet!AR95,"0.0")," ",DataSheet!P95) -> #DIV/0! | U88: =CONCATENATE(" ",TEXT(DataSheet!DD95,"0.000")," ",DataSheet!CZ95) -> #DIV/0!
I89: =CONCATENATE(DataSheet!L96," ",DataSheet!P96) -> 540 Ω | M89: =CONCATENATE(TEXT(DataSheet!AM96,"0.0")," ",DataSheet!P96) -> #DIV/0! | Q89: =CONCATENATE(TEXT(DataSheet!AR96,"0.0")," ",DataSheet!P96) -> #DIV/0! | U89: =CONCATENATE(" ",TEXT(DataSheet!DD96,"0.000")," ",DataSheet!CZ96) -> #DIV/0!
E90: =DataSheet!F97 -> 6 kΩ | I90: =CONCATENATE(DataSheet!L97," ",DataSheet!P97) -> 5.4 kΩ | M90: =CONCATENATE(TEXT(DataSheet!AM97,"0.000")," ",DataSheet!P97) -> #DIV/0! | Q90: =CONCATENATE(TEXT(DataSheet!AR97,"0.000")," ",DataSheet!P97) -> #DIV/0! | U90: =CONCATENATE(" ",TEXT(DataSheet!DD97,"0.000 00")," ",DataSheet!CZ97) -> #DIV/0!
E91: =DataSheet!F98 -> 60 kΩ | I91: =CONCATENATE(DataSheet!L98," ",DataSheet!P98) -> 54 kΩ | M91: =CONCATENATE(TEXT(DataSheet!AM98,"0.00")," ",DataSheet!P98) -> #DIV/0! | Q91: =CONCATENATE(TEXT(DataSheet!AR98,"0.00")," ",DataSheet!P98) -> #DIV/0! | U91: =CONCATENATE(" ",TEXT(DataSheet!DD98,"0.000 0")," ",DataSheet!CZ98) -> #DIV/0!
E92: =DataSheet!F99 -> 600 kΩ | I92: =CONCATENATE(DataSheet!L99," ",DataSheet!P99) -> 540 kΩ | M92: =CONCATENATE(TEXT(DataSheet!AM99,"0.0")," ",DataSheet!P99) -> #DIV/0! | Q92: =CONCATENATE(TEXT(DataSheet!AR99,"0.0")," ",DataSheet!P99) -> #DIV/0! | U92: =CONCATENATE(" ",TEXT(DataSheet!DD99,"0.000")," ",DataSheet!CZ99) -> #DIV/0!
E93: =DataSheet!F100 -> 6 MΩ | I93: =CONCATENATE(DataSheet!L100," ",DataSheet!P100) -> 5.4 MΩ | M93: =CONCATENATE(TEXT(DataSheet!AM100,"0.000")," ",DataSheet!P100) -> #DIV/0! | Q93: =CONCATENATE(TEXT(DataSheet!AR100,"0.000")," ",DataSheet!P100) -> #DIV/0! | U93: =CONCATENATE(" ",TEXT(DataSheet!DD100,"0.000 00")," ",DataSheet!CZ100) -> #DIV/0!
E94: =DataSheet!F101 -> 40 MΩ | I94: =CONCATENATE(DataSheet!L101," ",DataSheet!P101) -> 36 MΩ | M94: =CONCATENATE(TEXT(DataSheet!AM101,"0.00")," ",DataSheet!P101) -> #DIV/0! | Q94: =CONCATENATE(TEXT(DataSheet!AR101,"0.00")," ",DataSheet!P101) -> #DIV/0! | U94: =CONCATENATE(" ",TEXT(DataSheet!DD101,"0.000")," ",DataSheet!CZ101) -> #DIV/0!
C106: =DataSheet!B120 -> 0
C107: Calibration Officer
C117: Measurement Results:
E119: =DataSheet!F70 -> AC Voltage Test
E120: Range | I120: Nominal Value | M120: Measured Value | Q120: Error | U120: Uncertainty
E122: =DataSheet!F73 -> 600 mV | I122: =CONCATENATE(DataSheet!L73," ",DataSheet!P73," / ",DataSheet!S73) -> 60 mV / 50 Hz | M122: =CONCATENATE(TEXT(DataSheet!AM73,"0.0")," ",DataSheet!P73) -> #DIV/0! | Q122: =CONCATENATE(TEXT(DataSheet!AR73,"0.0")," ",DataSheet!P73) -> #DIV/0! | U122: =CONCATENATE(" ",TEXT(DataSheet!DD73,"0.000")," ",DataSheet!CZ73) -> #DIV/0!
I123: =CONCATENATE(DataSheet!L74," ",DataSheet!P74," / ",DataSheet!S74) -> 60 mV / 1 kHz | M123: =CONCATENATE(TEXT(DataSheet!AM74,"0.0")," ",DataSheet!P74) -> #DIV/0! | Q123: =CONCATENATE(TEXT(DataSheet!AR74,"0.0")," ",DataSheet!P74) -> #DIV/0! | U123: =CONCATENATE(" ",TEXT(DataSheet!DD74,"0.000")," ",DataSheet!CZ74) -> #DIV/0!
I124: =CONCATENATE(DataSheet!L75," ",DataSheet!P75," / ",DataSheet!S75) -> 540 mV / 50 Hz | M124: =CONCATENATE(TEXT(DataSheet!AM75,"0.0")," ",DataSheet!P75) -> #DIV/0! | Q124: =CONCATENATE(TEXT(DataSheet!AR75,"0.0")," ",DataSheet!P75) -> #DIV/0! | U124: =CONCATENATE(" ",TEXT(DataSheet!DD75,"0.00")," ",DataSheet!CZ75) -> #DIV/0!
I125: =CONCATENATE(DataSheet!L76," ",DataSheet!P76," / ",DataSheet!S76) -> 540 mV / 1 kHz | M125: =CONCATENATE(TEXT(DataSheet!AM76,"0.0")," ",DataSheet!P76) -> #DIV/0! | Q125: =CONCATENATE(TEXT(DataSheet!AR76,"0.0")," ",DataSheet!P76) -> #DIV/0! | U125: =CONCATENATE(" ",TEXT(DataSheet!DD76,"0.00")," ",DataSheet!CZ76) -> #DIV/0!
E126: =DataSheet!F77 -> 6 V | I126: =CONCATENATE(DataSheet!L77," ",DataSheet!P77," / ",DataSheet!S77) -> 0.6 V / 50 Hz | M126: =CONCATENATE(TEXT(DataSheet!AM77,"0.000")," ",DataSheet!P77) -> #DIV/0! | Q126: =CONCATENATE(TEXT(DataSheet!AR77,"0.000")," ",DataSheet!P77) -> #DIV/0! | U126: =CONCATENATE(" ",TEXT(DataSheet!DD77,"0.000 0")," ",DataSheet!CZ77) -> #DIV/0!
I127: =CONCATENATE(DataSheet!L78," ",DataSheet!P78," / ",DataSheet!S78) -> 0.6 V / 1 kHz | M127: =CONCATENATE(TEXT(DataSheet!AM78,"0.000")," ",DataSheet!P78) -> #DIV/0! | Q127: =CONCATENATE(TEXT(DataSheet!AR78,"0.000")," ",DataSheet!P78) -> #DIV/0! | U127: =CONCATENATE(" ",TEXT(DataSheet!DD78,"0.000 0")," ",DataSheet!CZ78) -> #DIV/0!
I128: =CONCATENATE(DataSheet!L79," ",DataSheet!P79," / ",DataSheet!S79) -> 5.4 V / 50 Hz | M128: =CONCATENATE(TEXT(DataSheet!AM79,"0.000")," ",DataSheet!P79) -> #DIV/0! | Q128: =CONCATENATE(TEXT(DataSheet!AR79,"0.000")," ",DataSheet!P79) -> #DIV/0! | U128: =CONCATENATE(" ",TEXT(DataSheet!DD79,"0.000 0")," ",DataSheet!CZ79) -> #DIV/0!
I129: =CONCATENATE(DataSheet!L80," ",DataSheet!P80," / ",DataSheet!S80) -> 5.4 V / 1 kHz | M129: =CONCATENATE(TEXT(DataSheet!AM80,"0.000")," ",DataSheet!P80) -> #DIV/0! | Q129: =CONCATENATE(TEXT(DataSheet!AR80,"0.000")," ",DataSheet!P80) -> #DIV/0! | U129: =CONCATENATE(" ",TEXT(DataSheet!DD80,"0.000 0")," ",DataSheet!CZ80) -> #DIV/0!
E130: =DataSheet!F81 -> 60 V | I130: =CONCATENATE(DataSheet!L81," ",DataSheet!P81," / ",DataSheet!S81) -> 6 V / 50 Hz | M130: =CONCATENATE(TEXT(DataSheet!AM81,"0.00")," ",DataSheet!P81) -> #DIV/0! | Q130: =CONCATENATE(TEXT(DataSheet!AR81,"0.00")," ",DataSheet!P81) -> #DIV/0! | U130: =CONCATENATE(" ",TEXT(DataSheet!DD81,"0.000 0")," ",DataSheet!CZ81) -> #DIV/0!
I131: =CONCATENATE(DataSheet!L82," ",DataSheet!P82," / ",DataSheet!S82) -> 6 V / 1 kHz | M131: =CONCATENATE(TEXT(DataSheet!AM82,"0.00")," ",DataSheet!P82) -> #DIV/0! | Q131: =CONCATENATE(TEXT(DataSheet!AR82,"0.00")," ",DataSheet!P82) -> #DIV/0! | U131: =CONCATENATE(" ",TEXT(DataSheet!DD82,"0.000 0")," ",DataSheet!CZ82) -> #DIV/0!
I132: =CONCATENATE(DataSheet!L83," ",DataSheet!P83," / ",DataSheet!S83) -> 30 V / 50 Hz | M132: =CONCATENATE(TEXT(DataSheet!AM83,"0.00")," ",DataSheet!P83) -> #DIV/0! | Q132: =CONCATENATE(TEXT(DataSheet!AR83,"0.00")," ",DataSheet!P83) -> #DIV/0! | U132: =CONCATENATE(" ",TEXT(DataSheet!DD83,"0.000 0")," ",DataSheet!CZ83) -> #DIV/0!
I133: =CONCATENATE(DataSheet!L84," ",DataSheet!P84," / ",DataSheet!S84) -> 30 V / 1 kHz | M133: =CONCATENATE(TEXT(DataSheet!AM84,"0.00")," ",DataSheet!P84) -> #DIV/0! | Q133: =CONCATENATE(TEXT(DataSheet!AR84,"0.00")," ",DataSheet!P84) -> #DIV/0! | U133: =CONCATENATE(" ",TEXT(DataSheet!DD84,"0.000 0")," ",DataSheet!CZ84) -> #DIV/0!
I134: =CONCATENATE(DataSheet!L85," ",DataSheet!P85," / ",DataSheet!S85) -> 54 V / 50 Hz | M134: =CONCATENATE(TEXT(DataSheet!AM85,"0.00")," ",DataSheet!P85) -> #DIV/0! | Q134: =CONCATENATE(TEXT(DataSheet!AR85,"0.00")," ",DataSheet!P85) -> #DIV/0! | U134: =CONCATENATE(" ",TEXT(DataSheet!DD85,"0.000 0")," ",DataSheet!CZ85) -> #DIV/0!
I135: =CONCATENATE(DataSheet!L86," ",DataSheet!P86," / ",DataSheet!S86) -> 54 V / 1 kHz | M135: =CONCATENATE(TEXT(DataSheet!AM86,"0.00")," ",DataSheet!P86) -> #DIV/0! | Q135: =CONCATENATE(TEXT(DataSheet!AR86,"0.00")," ",DataSheet!P86) -> #DIV/0! | U135: =CONCATENATE(" ",TEXT(DataSheet!DD86,"0.000 0")," ",DataSheet!CZ86) -> #DIV/0!
E136: =DataSheet!F87 -> 600 V | I136: =CONCATENATE(DataSheet!L87," ",DataSheet!P87," / ",DataSheet!S87) -> 60 V / 50 Hz | M136: =CONCATENATE(TEXT(DataSheet!AM87,"0.0")," ",DataSheet!P87) -> #DIV/0! | Q136: =CONCATENATE(TEXT(DataSheet!AR87,"0.0")," ",DataSheet!P87) -> #DIV/0! | U136: =CONCATENATE(" ",TEXT(DataSheet!DD87,"0.000")," ",DataSheet!CZ87) -> #DIV/0!
I137: =CONCATENATE(DataSheet!L88," ",DataSheet!P88," / ",DataSheet!S88) -> 60 V / 1 kHz | M137: =CONCATENATE(TEXT(DataSheet!AM88,"0.0")," ",DataSheet!P88) -> #DIV/0! | Q137: =CONCATENATE(TEXT(DataSheet!AR88,"0.0")," ",DataSheet!P88) -> #DIV/0! | U137: =CONCATENATE(" ",TEXT(DataSheet!DD88,"0.000")," ",DataSheet!CZ88) -> #DIV/0!
I138: =CONCATENATE(DataSheet!L89," ",DataSheet!P89," / ",DataSheet!S89) -> 540 V / 50 Hz | M138: =CONCATENATE(TEXT(DataSheet!AM89,"0.0")," ",DataSheet!P89) -> #DIV/0! | Q138: =CONCATENATE(TEXT(DataSheet!AR89,"0.0")," ",DataSheet!P89) -> #DIV/0! | U138: =CONCATENATE(" ",TEXT(DataSheet!DD89,"0.000")," ",DataSheet!CZ89) -> #DIV/0!
I139: =CONCATENATE(DataSheet!L90," ",DataSheet!P90," / ",DataSheet!S90) -> 540 V / 1 kHz | M139: =CONCATENATE(TEXT(DataSheet!AM90,"0.0")," ",DataSheet!P90) -> #DIV/0! | Q139: =CONCATENATE(TEXT(DataSheet!AR90,"0.0")," ",DataSheet!P90) -> #DIV/0! | U139: =CONCATENATE(" ",TEXT(DataSheet!DD90,"0.000")," ",DataSheet!CZ90) -> #DIV/0!
E141: =DataSheet!F103 -> DC Current Test
E142: Range | I142: Nominal Value | M142: Measured Value | Q142: Error | U142: Uncertainty
E144: =DataSheet!F106 -> 6 A | I144: =CONCATENATE(DataSheet!L106," ",DataSheet!P106) -> 3 A | M144: =CONCATENATE(TEXT(DataSheet!AM106,"0.000")," ",DataSheet!P106) -> #DIV/0! | Q144: =CONCATENATE(TEXT(DataSheet!AR106,"0.000")," ",DataSheet!P106) -> #DIV/0! | U144: =CONCATENATE(" ",TEXT(DataSheet!DD106,"0.000 0 ")," ",DataSheet!CZ106) -> #DIV/0!
I145: =CONCATENATE(DataSheet!L107," ",DataSheet!P107) -> 5.4 A | M145: =CONCATENATE(TEXT(DataSheet!AM107,"0.000")," ",DataSheet!P107) -> #DIV/0! | Q145: =CONCATENATE(TEXT(DataSheet!AR107,"0.000")," ",DataSheet!P107) -> #DIV/0! | U145: =CONCATENATE(" ",TEXT(DataSheet!DD107,"0.000 0 ")," ",DataSheet!CZ107) -> #DIV/0!
E146: =DataSheet!F108 -> 10 A | I146: =CONCATENATE(DataSheet!L108," ",DataSheet!P108) -> 5 A | M146: =CONCATENATE(TEXT(DataSheet!AM108,"0.00")," ",DataSheet!P108) -> #DIV/0! | Q146: =CONCATENATE(TEXT(DataSheet!AR108,"0.00")," ",DataSheet!P108) -> #DIV/0! | U146: =CONCATENATE(" ",TEXT(DataSheet!DD108,"0.000 0 ")," ",DataSheet!CZ108) -> #DIV/0!
I147: =CONCATENATE(DataSheet!L109," ",DataSheet!P109) -> 9 A | M147: =CONCATENATE(TEXT(DataSheet!AM109,"0.00")," ",DataSheet!P109) -> #DIV/0! | Q147: =CONCATENATE(TEXT(DataSheet!AR109,"0.00")," ",DataSheet!P109) -> #DIV/0! | U147: =CONCATENATE(" ",TEXT(DataSheet!DD109,"0.000 0 ")," ",DataSheet!CZ109) -> #DIV/0!
E149: =DataSheet!F111 -> AC Current Test
E150: Range | I150: Nominal Value | M150: Measured Value | Q150: Error | U150: Uncertainty
E152: =DataSheet!F114 -> 6 A | I152: =CONCATENATE(DataSheet!L114," ",DataSheet!P114," / ",DataSheet!S114) -> 5.4 A / 50 Hz | M152: =CONCATENATE(TEXT(DataSheet!AM114,"0.000")," ",DataSheet!P114) -> #DIV/0! | Q152: =CONCATENATE(TEXT(DataSheet!AR114,"0.000")," ",DataSheet!P114) -> #DIV/0! | U152: =CONCATENATE(" ",TEXT(DataSheet!DD114,"0.000 0")," ",DataSheet!CZ114) -> #DIV/0!
I153: =CONCATENATE(DataSheet!L115," ",DataSheet!P115," / ",DataSheet!S115) -> 5.4 A / 500 Hz | M153: =CONCATENATE(TEXT(DataSheet!AM115,"0.000")," ",DataSheet!P115) -> #DIV/0! | Q153: =CONCATENATE(TEXT(DataSheet!AR115,"0.000")," ",DataSheet!P115) -> #DIV/0! | U153: =CONCATENATE(" ",TEXT(DataSheet!DD115,"0.000 0")," ",DataSheet!CZ115) -> #DIV/0!
E154: =DataSheet!F116 -> 10 A | I154: =CONCATENATE(DataSheet!L116," ",DataSheet!P116," / ",DataSheet!S116) -> 9 A / 50 Hz | M154: =CONCATENATE(TEXT(DataSheet!AM116,"0.00")," ",DataSheet!P116) -> #DIV/0! | Q154: =CONCATENATE(TEXT(DataSheet!AR116,"0.00")," ",DataSheet!P116) -> #DIV/0! | U154: =CONCATENATE(" ",TEXT(DataSheet!DD116,"0.000 0")," ",DataSheet!CZ116) -> #DIV/0!
I155: =CONCATENATE(DataSheet!L117," ",DataSheet!P117," / ",DataSheet!S117) -> 9 A / 500 Hz | M155: =CONCATENATE(TEXT(DataSheet!AM117,"0.00")," ",DataSheet!P117) -> #DIV/0! | Q155: =CONCATENATE(TEXT(DataSheet!AR117,"0.00")," ",DataSheet!P117) -> #DIV/0! | U155: =CONCATENATE(" ",TEXT(DataSheet!DD117,"0.000 0")," ",DataSheet!CZ117) -> #DIV/0!
C158: =DataSheet!B120 -> 0
C159: Calibration Officer

Sheet DataSheet
B5: CALIBRATION DATASHEET
F7: Work Order No.: | AI7: Technical ID:
B8: Unit Under Calibration
B9: Description | J9: : | K9: True RMS Multimeter | AB9: Received Date | AK9: :
B11: Manufacturer | J11: : | K11: Fluke | AB11: Calibration Date | AK11: :
B13: Model | J13: : | K13: 117 | AB13: Options Installed | AK13: : | AL13: none
B15: Serial Number | J15: : | AB15: Customer P.O. | AK15: : | AL15: none
B17: Range | J17: : | K17: see specification sheet | AB17: Asset Number | AK17: : | AL17: none
B19: Res/Readability | J19: : | K19: see specification sheet | AB19: Accuracy | AK19: : | AL19: see specification sheet
B21: Prev. SES Cal Cert: | J21: : | K21: none | AB21: Previous Technician | AK21: : | AL21: none
B24: Customer Details | AB24: Calibration Location
B25: Company | G25: : | AE25: x | AG25: In-House (SONJU Laboratory)
B27: Address | G27: : | AG27: On-Site Calibration (Please Specify)
AG29: Electrical Calibration Area
B31: Reference Standard/s Used
B32: Description | Q32: Serial No. | AB32: Cal Report Ref. | AO32: Due Date
B33: Multiproduct Calibrator | Q33: 28039 | AB33: 25-2852-03JSC Rev.00 | AO33: 46211
B35: Accessory Used
B36: Description | Q36: Serial No. | AB36: Brand | AO36: Model
B37: - | Q37: - | AB37: - | AO37: -
B39: Environmental Condition | AB39: Calibration Method
I40: Temperature | Q40: Relative Humidity | AB40: As per SONJU Engineering Services Work Instruction 7W-02-54 Digital Multimeter Calibration Procedure.
J41: Start: | M41: oC | S41: Start: | V41: %rh
J42: End: | M42: oC | S42: End: | V42: %rh
B44: Observations
C45: - | AU45: Adjustment
C46: - | AU46: Needed?
C47: - | AX47: YES
C48: - | AW48: x | AX48: NO
B50: Measurement Results
F52: DC Voltage Test | BB52: Based on Tolerance | BX52: Standard | CD52: Standard | CJ52: Unit Under Test | CP52: Unit Under Test | CV52: Expanded Uncertainty | DB52: MINIMUM CMC | DD52: FINAL UNCERTAINTY DECLARATION
F53: Range | L53: Nominal Value | S53: Frequency | X53: Measured Value | AM53: Average | AR53: Error | BB53: Tolerance | BG53: Upper Limit | BL53: Lower Limit | BQ53: Remarks | BX53: Source | BY53: Uncertainty | BZ53: Unit | CA53: Divisor | CB53: Ui | CD53: Source | CE53: Uncertainty | CF53: Unit | CG53: Divisor | CH53: Ui | CJ53: Source | CK53: Uncertainty | CL53: Unit | CM53: Divisor | CN53: Ui | CP53: Source | CQ53: Uncertainty | CR53: Unit | CS53: Divisor | CT53: Ui | CV53: COMBINED STANDARD | CW53: EFFECTIVE DEGREES | CX53: C. FACTOR, k = student's | CY53: EXPANDED UNCERTAINTY,
X54: 1 | AC54: 2 | AH54: 3 | CV54: UNCERTAINTY, Uc | CW54: OF FREEDOM, Veff | CX54: t for Veff and 95 % C.L. | CY54: U @ 95 % C.L. ±
F55: 600 mV | L55: =600*10% -> 60 | P55: mV | S55: - | AM55: =AVERAGE(X55:AL55) -> #DIV/0! | AR55: =AM55-L55 -> #DIV/0! | BB55: =ABS(AM55*0.5%)+(2*CK55) -> #DIV/0! | BG55: =L55+BB55 -> #DIV/0! | BL55: =L55-BB55 -> #DIV/0! | BQ55: =IF(AND(AM55<=BG55,AM55>=BL55),"PASS","FAIL") -> #DIV/0! | BX55: CoC | BY55: 0.0026 | BZ55: =P55 -> mV | CA55: 2 | CB55: =BY55/CA55 -> 0.0013 | CD55: Annual Drift | CE55: 0 | CF55: =BZ55 -> mV | CG55: =SQRT(3) -> 1.7320508 | CH55: =CE55/CG55 -> 0 | CJ55: Readability | CK55: 0.1 | CL55: =P55 -> mV | CM55: =SQRT(12) -> 3.4641016 | CN55: =CK55/CM55 -> 0.028867513 | CP55: Repeatability | CQ55: =STDEV(X55:AL55) -> #DIV/0! | CR55: =P55 -> mV | CS55: =SQRT(3) -> 1.7320508 | CT55: =CQ55/CS55 -> #DIV/0! | CV55: =SQRT(SUMSQ(CT55,CN55,CH55,CB55)) -> #DIV/0! | CW55: =(CV55^4)/(((CT55^4)/2)+((CN55^4)/200)+((CH55^4)/200)+((CB55^4)/200)) -> #DIV/0! | CX55: =ROUND(TINV(0.05,CW55),0) -> #DIV/0! | CY55: =(CV55*CX55) -> #DIV/0! | CZ55: =P55 -> mV | DB55: 0.0016 | DC55: =CZ55 -> mV | DD55: =MAX(CY55,DB55) -> #DIV/0! | DE55: =DC55 -> mV
L56: =600*90% -> 540 | P56: mV | S56: - | AM56: =AVERAGE(X56:AL56) -> #DIV/0! | AR56: =AM56-L56 -> #DIV/0! | BB56: =ABS(AM56*0.5%)+(2*CK56) -> #DIV/0! | BG56: =L56+BB56 -> #DIV/0! | BL56: =L56-BB56 -> #DIV/0! | BQ56: =IF(AND(AM56<=BG56,AM56>=BL56),"PASS","FAIL") -> #DIV/0! | BX56: CoC | BY56: 0.0026 | BZ56: =P56 -> mV | CA56: 2 | CB56: =BY56/CA56 -> 0.0013 | CD56: Annual Drift | CE56: 0 | CF56: =BZ56 -> mV | CG56: =SQRT(3) -> 1.7320508 | CH56: =CE56/CG56 -> 0 | CJ56: Readability | CK56: 0.1 | CL56: =P56 -> mV | CM56: =SQRT(12) -> 3.4641016 | CN56: =CK56/CM56 -> 0.028867513 | CP56: Repeatability | CQ56: =STDEV(X56:AL56) -> #DIV/0! | CR56: =P56 -> mV | CS56: =SQRT(3) -> 1.7320508 | CT56: =CQ56/CS56 -> #DIV/0! | CV56: =SQRT(SUMSQ(CT56,CN56,CH56,CB56)) -> #DIV/0! | CW56: =(CV56^4)/(((CT56^4)/2)+((CN56^4)/200)+((CH56^4)/200)+((CB56^4)/200)) -> #DIV/0! | CX56: =ROUND(TINV(0.05,CW56),0) -> #DIV/0! | CY56: =(CV56*CX56) -> #DIV/0! | CZ56: =P56 -> mV | DB56: 0.0018 | DC56: =CZ56 -> mV | DD56: =MAX(CY56,DB56) -> #DIV/0! | DE56: =DC56 -> mV
L57: =600*-90% -> -540 | P57: mV | S57: - | AM57: =AVERAGE(X57:AL57) -> #DIV/0! | AR57: =AM57-L57 -> #DIV/0! | BB57: =ABS(AM57*0.5%)+(2*CK57) -> #DIV/0! | BG57: =L57+BB57 -> #DIV/0! | BL57: =L57-BB57 -> #DIV/0! | BQ57: =IF(AND(AM57<=BG57,AM57>=BL57),"PASS","FAIL") -> #DIV/0! | BX57: CoC | BY57: 0.0026 | BZ57: =P57 -> mV | CA57: 2 | CB57: =BY57/CA57 -> 0.0013 | CD57: Annual Drift | CE57: 0 | CF57: =BZ57 -> mV | CG57: =SQRT(3) -> 1.7320508 | CH57: =CE57/CG57 -> 0 | CJ57: Readability | CK57: 0.1 | CL57: =P57 -> mV | CM57: =SQRT(12) -> 3.4641016 | CN57: =CK57/CM57 -> 0.028867513 | CP57: Repeatability | CQ57: =STDEV(X57:AL57) -> #DIV/0! | CR57: =P57 -> mV | CS57: =SQRT(3) -> 1.7320508 | CT57: =CQ57/CS57 -> #DIV/0! | CV57: =SQRT(SUMSQ(CT57,CN57,CH57,CB57)) -> #DIV/0! | CW57: =(CV57^4)/(((CT57^4)/2)+((CN57^4)/200)+((CH57^4)/200)+((CB57^4)/200)) -> #DIV/0! | CX57: =ROUND(TINV(0.05,CW57),0) -> #DIV/0! | CY57: =(CV57*CX57) -> #DIV/0! | CZ57: =P57 -> mV | DB57: 0.0018 | DC57: =CZ57 -> mV | DD57: =MAX(CY57,DB57) -> #DIV/0! | DE57: =DC57 -> mV
F58: 6 V | L58: =6*10% -> 0.6 | P58: V | S58: - | AM58: =AVERAGE(X58:AL58) -> #DIV/0! | AR58: =AM58-L58 -> #DIV/0! | BB58: =ABS(AM58*0.5%)+(2*CK58) -> #DIV/0! | BG58: =L58+BB58 -> #DIV/0! | BL58: =L58-BB58 -> #DIV/0! | BQ58: =IF(AND(AM58<=BG58,AM58>=BL58),"PASS","FAIL") -> #DIV/0! | BX58: CoC | BY58: 3.1e-05 | BZ58: =P58 -> V | CA58: 2 | CB58: =BY58/CA58 -> 1.55e-05 | CD58: Annual Drift | CE58: 0 | CF58: =BZ58 -> V | CG58: =SQRT(3) -> 1.7320508 | CH58: =CE58/CG58 -> 0 | CJ58: Readability | CK58: 0.001 | CL58: =P58 -> V | CM58: =SQRT(12) -> 3.4641016 | CN58: =CK58/CM58 -> 0.00028867513 | CP58: Repeatability | CQ58: =STDEV(X58:AL58) -> #DIV/0! | CR58: =P58 -> V | CS58: =SQRT(3) -> 1.7320508 | CT58: =CQ58/CS58 -> #DIV/0! | CV58: =SQRT(SUMSQ(CT58,CN58,CH58,CB58)) -> #DIV/0! | CW58: =(CV58^4)/(((CT58^4)/2)+((CN58^4)/200)+((CH58^4)/200)+((CB58^4)/200)) -> #DIV/0! | CX58: =ROUND(TINV(0.05,CW58),0) -> #DIV/0! | CY58: =(CV58*CX58) -> #DIV/0! | CZ58: =P58 -> V | DB58: 1.8e-06 | DC58: =CZ58 -> V | DD58: =MAX(CY58,DB58) -> #DIV/0! | DE58: =DC58 -> V
L59: =6*90% -> 5.4 | P59: V | S59: - | AM59: =AVERAGE(X59:AL59) -> #DIV/0! | AR59: =AM59-L59 -> #DIV/0! | BB59: =ABS(AM59*0.5%)+(2*CK59) -> #DIV/0! | BG59: =L59+BB59 -> #DIV/0! | BL59: =L59-BB59 -> #DIV/0! | BQ59: =IF(AND(AM59<=BG59,AM59>=BL59),"PASS","FAIL") -> #DIV/0! | BX59: CoC | BY59: 0.00031 | BZ59: =P59 -> V | CA59: 2 | CB59: =BY59/CA59 -> 0.000155 | CD59: Annual Drift | CE59: 0 | CF59: =BZ59 -> V | CG59: =SQRT(3) -> 1.7320508 | CH59: =CE59/CG59 -> 0 | CJ59: Readability | CK59: 0.001 | CL59: =P59 -> V | CM59: =SQRT(12) -> 3.4641016 | CN59: =CK59/CM59 -> 0.00028867513 | CP59: Repeatability | CQ59: =STDEV(X59:AL59) -> #DIV/0! | CR59: =P59 -> V | CS59: =SQRT(3) -> 1.7320508 | CT59: =CQ59/CS59 -> #DIV/0! | CV59: =SQRT(SUMSQ(CT59,CN59,CH59,CB59)) -> #DIV/0! | CW59: =(CV59^4)/(((CT59^4)/2)+((CN59^4)/200)+((CH59^4)/200)+((CB59^4)/200)) -> #DIV/0! | CX59: =ROUND(TINV(0.05,CW59),0) -> #DIV/0! | CY59: =(CV59*CX59) -> #DIV/0! | CZ59: =P59 -> V | DB59: 1e-05 | DC59: =CZ59 -> V | DD59: =MAX(CY59,DB59) -> #DIV/0! | DE59: =DC59 -> V
L60: =6*-90% -> -5.4 | P60: V | S60: - | AM60: =AVERAGE(X60:AL60) -> #DIV/0! | AR60: =AM60-L60 -> #DIV/0! | BB60: =ABS(AM60*0.5%)+(2*CK60) -> #DIV/0! | BG60: =L60+BB60 -> #DIV/0! | BL60: =L60-BB60 -> #DIV/0! | BQ60: =IF(AND(AM60<=BG60,AM60>=BL60),"PASS","FAIL") -> #DIV/0! | BX60: CoC | BY60: 0.00031 | BZ60: =P60 -> V | CA60: 2 | CB60: =BY60/CA60 -> 0.000155 | CD60: Annual Drift | CE60: 0 | CF60: =BZ60 -> V | CG60: =SQRT(3) -> 1.7320508 | CH60: =CE60/CG60 -> 0 | CJ60: Readability | CK60: 0.001 | CL60: =P60 -> V | CM60: =SQRT(12) -> 3.4641016 | CN60: =CK60/CM60 -> 0.00028867513 | CP60: Repeatability | CQ60: =STDEV(X60:AL60) -> #DIV/0! | CR60: =P60 -> V | CS60: =SQRT(3) -> 1.7320508 | CT60: =CQ60/CS60 -> #DIV/0! | CV60: =SQRT(SUMSQ(CT60,CN60,CH60,CB60)) -> #DIV/0! | CW60: =(CV60^4)/(((CT60^4)/2)+((CN60^4)/200)+((CH60^4)/200)+((CB60^4)/200)) -> #DIV/0! | CX60: =ROUND(TINV(0.05,CW60),0) -> #DIV/0! | CY60: =(CV60*CX60) -> #DIV/0! | CZ60: =P60 -> V | DB60: 1e-05 | DC60: =CZ60 -> V | DD60: =MAX(CY60,DB60) -> #DIV/0! | DE60: =DC60 -> V
F61: 60 V | L61: =60*10% -> 6 | P61: V | S61: - | AM61: =AVERAGE(X61:AL61) -> #DIV/0! | AR61: =AM61-L61 -> #DIV/0! | BB61: =ABS(AM61*0.5%)+(2*CK61) -> #DIV/0! | BG61: =L61+BB61 -> #DIV/0! | BL61: =L61-BB61 -> #DIV/0! | BQ61: =IF(AND(AM61<=BG61,AM61>=BL61),"PASS","FAIL") -> #DIV/0! | BX61: CoC | BY61: 0.00031 | BZ61: =P61 -> V | CA61: 2 | CB61: =BY61/CA61 -> 0.000155 | CD61: Annual Drift | CE61: 0 | CF61: =BZ61 -> V | CG61: =SQRT(3) -> 1.7320508 | CH61: =CE61/CG61 -> 0 | CJ61: Readability | CK61: 0.01 | CL61: =P61 -> V | CM61: =SQRT(12) -> 3.4641016 | CN61: =CK61/CM61 -> 0.0028867513 | CP61: Repeatability | CQ61: =STDEV(X61:AL61) -> #DIV/0! | CR61: =P61 -> V | CS61: =SQRT(3) -> 1.7320508 | CT61: =CQ61/CS61 -> #DIV/0! | CV61: =SQRT(SUMSQ(CT61,CN61,CH61,CB61)) -> #DIV/0! | CW61: =(CV61^4)/(((CT61^4)/2)+((CN61^4)/200)+((CH61^4)/200)+((CB61^4)/200)) -> #DIV/0! | CX61: =ROUND(TINV(0.05,CW61),0) -> #DIV/0! | CY61: =(CV61*CX61) -> #DIV/0! | CZ61: =P61 -> V | DB61: 1e-05 | DC61: =CZ61 -> V | DD61: =MAX(CY61,DB61) -> #DIV/0! | DE61: =DC61 -> V
L62: =60*50% -> 30 | P62: V | S62: - | AM62: =AVERAGE(X62:AL62) -> #DIV/0! | AR62: =AM62-L62 -> #DIV/0! | BB62: =ABS(AM62*0.5%)+(2*CK62) -> #DIV/0! | BG62: =L62+BB62 -> #DIV/0! | BL62: =L62-BB62 -> #DIV/0! | BQ62: =IF(AND(AM62<=BG62,AM62>=BL62),"PASS","FAIL") -> #DIV/0! | BX62: CoC | BY62: 0.00031 | BZ62: =P62 -> V | CA62: 2 | CB62: =BY62/CA62 -> 0.000155 | CD62: Annual Drift | CE62: 0 | CF62: =BZ62 -> V | CG62: =SQRT(3) -> 1.7320508 | CH62: =CE62/CG62 -> 0 | CJ62: Readability | CK62: 0.01 | CL62: =P62 -> V | CM62: =SQRT(12) -> 3.4641016 | CN62: =CK62/CM62 -> 0.0028867513 | CP62: Repeatability | CQ62: =STDEV(X62:AL62) -> #DIV/0! | CR62: =P62 -> V | CS62: =SQRT(3) -> 1.7320508 | CT62: =CQ62/CS62 -> #DIV/0! | CV62: =SQRT(SUMSQ(CT62,CN62,CH62,CB62)) -> #DIV/0! | CW62: =(CV62^4)/(((CT62^4)/2)+((CN62^4)/200)+((CH62^4)/200)+((CB62^4)/200)) -> #DIV/0! | CX62: =ROUND(TINV(0.05,CW62),0) -> #DIV/0! | CY62: =(CV62*CX62) -> #DIV/0! | CZ62: =P62 -> V | DB62: 1e-05 | DC62: =CZ62 -> V | DD62: =MAX(CY62,DB62) -> #DIV/0! | DE62: =DC62 -> V
L63: =60*90% -> 54 | P63: V | S63: - | AM63: =AVERAGE(X63:AL63) -> #DIV/0! | AR63: =AM63-L63 -> #DIV/0! | BB63: =ABS(AM63*0.5%)+(2*CK63) -> #DIV/0! | BG63: =L63+BB63 -> #DIV/0! | BL63: =L63-BB63 -> #DIV/0! | BQ63: =IF(AND(AM63<=BG63,AM63>=BL63),"PASS","FAIL") -> #DIV/0! | BX63: CoC | BY63: 0.0031 | BZ63: =P63 -> V | CA63: 2 | CB63: =BY63/CA63 -> 0.00155 | CD63: Annual Drift | CE63: 0 | CF63: =BZ63 -> V | CG63: =SQRT(3) -> 1.7320508 | CH63: =CE63/CG63 -> 0 | CJ63: Readability | CK63: 0.01 | CL63: =P63 -> V | CM63: =SQRT(12) -> 3.4641016 | CN63: =CK63/CM63 -> 0.0028867513 | CP63: Repeatability | CQ63: =STDEV(X63:AL63) -> #DIV/0! | CR63: =P63 -> V | CS63: =SQRT(3) -> 1.7320508 | CT63: =CQ63/CS63 -> #DIV/0! | CV63: =SQRT(SUMSQ(CT63,CN63,CH63,CB63)) -> #DIV/0! | CW63: =(CV63^4)/(((CT63^4)/2)+((CN63^4)/200)+((CH63^4)/200)+((CB63^4)/200)) -> #DIV/0! | CX63: =ROUND(TINV(0.05,CW63),0) -> #DIV/0! | CY63: =(CV63*CX63) -> #DIV/0! | CZ63: =P63 -> V | DB63: 0.00018 | DC63: =CZ63 -> V | DD63: =MAX(CY63,DB63) -> #DIV/0! | DE63: =DC63 -> V
L64: =60*-10% -> -6 | P64: V | S64: - | AM64: =AVERAGE(X64:AL64) -> #DIV/0! | AR64: =AM64-L64 -> #DIV/0! | BB64: =ABS(AM64*0.5%)+(2*CK64) -> #DIV/0! | BG64: =L64+BB64 -> #DIV/0! | BL64: =L64-BB64 -> #DIV/0! | BQ64: =IF(AND(AM64<=BG64,AM64>=BL64),"PASS","FAIL") -> #DIV/0! | BX64: CoC | BY64: 0.00031 | BZ64: =P64 -> V | CA64: 2 | CB64: =BY64/CA64 -> 0.000155 | CD64: Annual Drift | CE64: 0 | CF64: =BZ64 -> V | CG64: =SQRT(3) -> 1.7320508 | CH64: =CE64/CG64 -> 0 | CJ64: Readability | CK64: 0.01 | CL64: =P64 -> V | CM64: =SQRT(12) -> 3.4641016 | CN64: =CK64/CM64 -> 0.0028867513 | CP64: Repeatability | CQ64: =STDEV(X64:AL64) -> #DIV/0! | CR64: =P64 -> V | CS64: =SQRT(3) -> 1.7320508 | CT64: =CQ64/CS64 -> #DIV/0! | CV64: =SQRT(SUMSQ(CT64,CN64,CH64,CB64)) -> #DIV/0! | CW64: =(CV64^4)/(((CT64^4)/2)+((CN64^4)/200)+((CH64^4)/200)+((CB64^4)/200)) -> #DIV/0! | CX64: =ROUND(TINV(0.05,CW64),0) -> #DIV/0! | CY64: =(CV64*CX64) -> #DIV/0! | CZ64: =P64 -> V | DB64: 1e-05 | DC64: =CZ64 -> V | DD64: =MAX(CY64,DB64) -> #DIV/0! | DE64: =DC64 -> V
L65: =60*-90% -> -54 | P65: V | S65: - | AM65: =AVERAGE(X65:AL65) -> #DIV/0! | AR65: =AM65-L65 -> #DIV/0! | BB65: =ABS(AM65*0.5%)+(2*CK65) -> #DIV/0! | BG65: =L65+BB65 -> #DIV/0! | BL65: =L65-BB65 -> #DIV/0! | BQ65: =IF(AND(AM65<=BG65,AM65>=BL65),"PASS","FAIL") -> #DIV/0! | BX65: CoC | BY65: 0.0031 | BZ65: =P65 -> V | CA65: 2 | CB65: =BY65/CA65 -> 0.00155 | CD65: Annual Drift | CE65: 0 | CF65: =BZ65 -> V | CG65: =SQRT(3) -> 1.7320508 | CH65: =CE65/CG65 -> 0 | CJ65: Readability | CK65: 0.01 | CL65: =P65 -> V | CM65: =SQRT(12) -> 3.4641016 | CN65: =CK65/CM65 -> 0.0028867513 | CP65: Repeatability | CQ65: =STDEV(X65:AL65) -> #DIV/0! | CR65: =P65 -> V | CS65: =SQRT(3) -> 1.7320508 | CT65: =CQ65/CS65 -> #DIV/0! | CV65: =SQRT(SUMSQ(CT65,CN65,CH65,CB65)) -> #DIV/0! | CW65: =(CV65^4)/(((CT65^4)/2)+((CN65^4)/200)+((CH65^4)/200)+((CB65^4)/200)) -> #DIV/0! | CX65: =ROUND(TINV(0.05,CW65),0) -> #DIV/0! | CY65: =(CV65*CX65) -> #DIV/0! | CZ65: =P65 -> V | DB65: 0.00018 | DC65: =CZ65 -> V | DD65: =MAX(CY65,DB65) -> #DIV/0! | DE65: =DC65 -> V
F66: 600 V | L66: 60 | P66: V | S66: - | AM66: =AVERAGE(X66:AL66) -> #DIV/0! | AR66: =AM66-L66 -> #DIV/0! | BB66: =ABS(AM66*0.5%)+(2*CK66) -> #DIV/0! | BG66: =L66+BB66 -> #DIV/0! | BL66: =L66-BB66 -> #DIV/0! | BQ66: =IF(AND(AM66<=BG66,AM66>=BL66),"PASS","FAIL") -> #DIV/0! | BX66: CoC | BY66: 0.0031 | BZ66: =P66 -> V | CA66: 2 | CB66: =BY66/CA66 -> 0.00155 | CD66: Annual Drift | CE66: 0 | CF66: =BZ66 -> V | CG66: =SQRT(3) -> 1.7320508 | CH66: =CE66/CG66 -> 0 | CJ66: Readability | CK66: 0.1 | CL66: =P66 -> V | CM66: =SQRT(12) -> 3.4641016 | CN66: =CK66/CM66 -> 0.028867513 | CP66: Repeatability | CQ66: =STDEV(X66:AL66) -> #DIV/0! | CR66: =P66 -> V | CS66: =SQRT(3) -> 1.7320508 | CT66: =CQ66/CS66 -> #DIV/0! | CV66: =SQRT(SUMSQ(CT66,CN66,CH66,CB66)) -> #DIV/0! | CW66: =(CV66^4)/(((CT66^4)/2)+((CN66^4)/200)+((CH66^4)/200)+((CB66^4)/200)) -> #DIV/0! | CX66: =ROUND(TINV(0.05,CW66),0) -> #DIV/0! | CY66: =(CV66*CX66) -> #DIV/0! | CZ66: =P66 -> V | DB66: 0.00018 | DC66: =CZ66 -> V | DD66: =MAX(CY66,DB66) -> #DIV/0! | DE66: =DC66 -> V
L67: 540 | P67: V | S67: - | AM67: =AVERAGE(X67:AL67) -> #DIV/0! | AR67: =AM67-L67 -> #DIV/0! | BB67: =ABS(AM67*0.5%)+(2*CK67) -> #DIV/0! | BG67: =L67+BB67 -> #DIV/0! | BL67: =L67-BB67 -> #DIV/0! | BQ67: =IF(AND(AM67<=BG67,AM67>=BL67),"PASS","FAIL") -> #DIV/0! | BX67: CoC | BY67: 0.0065 | BZ67: =P67 -> V | CA67: 2 | CB67: =BY67/CA67 -> 0.00325 | CD67: Annual Drift | CE67: 0 | CF67: =BZ67 -> V | CG67: =SQRT(3) -> 1.7320508 | CH67: =CE67/CG67 -> 0 | CJ67: Readability | CK67: 0.1 | CL67: =P67 -> V | CM67: =SQRT(12) -> 3.4641016 | CN67: =CK67/CM67 -> 0.028867513 | CP67: Repeatability | CQ67: =STDEV(X67:AL67) -> #DIV/0! | CR67: =P67 -> V | CS67: =SQRT(3) -> 1.7320508 | CT67: =CQ67/CS67 -> #DIV/0! | CV67: =SQRT(SUMSQ(CT67,CN67,CH67,CB67)) -> #DIV/0! | CW67: =(CV67^4)/(((CT67^4)/2)+((CN67^4)/200)+((CH67^4)/200)+((CB67^4)/200)) -> #DIV/0! | CX67: =ROUND(TINV(0.05,CW67),0) -> #DIV/0! | CY67: =(CV67*CX67) -> #DIV/0! | CZ67: =P67 -> V | DB67: 0.0014 | DC67: =CZ67 -> V | DD67: =MAX(CY67,DB67) -> #DIV/0! | DE67: =DC67 -> V
L68: -540 | P68: V | S68: - | AM68: =AVERAGE(X68:AL68) -> #DIV/0! | AR68: =AM68-L68 -> #DIV/0! | BB68: =ABS(AM68*0.5%)+(2*CK68) -> #DIV/0! | BG68: =L68+BB68 -> #DIV/0! | BL68: =L68-BB68 -> #DIV/0! | BQ68: =IF(AND(AM68<=BG68,AM68>=BL68),"PASS","FAIL") -> #DIV/0! | BX68: CoC | BY68: 0.0065 | BZ68: =P68 -> V | CA68: 2 | CB68: =BY68/CA68 -> 0.00325 | CD68: Annual Drift | CE68: 0 | CF68: =BZ68 -> V | CG68: =SQRT(3) -> 1.7320508 | CH68: =CE68/CG68 -> 0 | CJ68: Readability | CK68: 0.1 | CL68: =P68 -> V | CM68: =SQRT(12) -> 3.4641016 | CN68: =CK68/CM68 -> 0.028867513 | CP68: Repeatability | CQ68: =STDEV(X68:AL68) -> #DIV/0! | CR68: =P68 -> V | CS68: =SQRT(3) -> 1.7320508 | CT68: =CQ68/CS68 -> #DIV/0! | CV68: =SQRT(SUMSQ(CT68,CN68,CH68,CB68)) -> #DIV/0! | CW68: =(CV68^4)/(((CT68^4)/2)+((CN68^4)/200)+((CH68^4)/200)+((CB68^4)/200)) -> #DIV/0! | CX68: =ROUND(TINV(0.05,CW68),0) -> #DIV/0! | CY68: =(CV68*CX68) -> #DIV/0! | CZ68: =P68 -> V | DB68: 0.0014 | DC68: =CZ68 -> V | DD68: =MAX(CY68,DB68) -> #DIV/0! | DE68: =DC68 -> V
F70: AC Voltage Test | BB70: Based on Tolerance | BX70: Standard | CD70: Standard | CJ70: Unit Under Test | CP70: Unit Under Test | CV70: Expanded Uncertainty | DB70: MINIMUM CMC | DD70: FINAL UNCERTAINTY DECLARATION
F71: Range | L71: Nominal Value | S71: Frequency | X71: Measured Value | AM71: Average | AR71: Error | BB71: Tolerance | BG71: Upper Limit | BL71: Lower Limit | BQ71: Remarks | BX71: Source | BY71: Uncertainty | BZ71: Unit | CA71: Divisor | CB71: Ui | CD71: Source | CE71: Uncertainty | CF71: Unit | CG71: Divisor | CH71: Ui | CJ71: Source | CK71: Uncertainty | CL71: Unit | CM71: Divisor | CN71: Ui | CP71: Source | CQ71: Uncertainty | CR71: Unit | CS71: Divisor | CT71: Ui | CV71: COMBINED STANDARD | CW71: EFFECTIVE DEGREES | CX71: C. FACTOR, k = student's | CY71: EXPANDED UNCERTAINTY,
X72: 1 | AC72: 2 | AH72: 3 | CV72: UNCERTAINTY, Uc | CW72: OF FREEDOM, Veff | CX72: t for Veff and 95 % C.L. | CY72: U @ 95 % C.L. ±
F73: 600 mV | L73: =600*10% -> 60 | P73: mV | S73: 50 Hz | AM73: =AVERAGE(X73:AL73) -> #DIV/0! | AR73: =AM73-L73 -> #DIV/0! | BB73: =(AM73*1%)+(3*CK73) -> #DIV/0! | BG73: =L73+BB73 -> #DIV/0! | BL73: =L73-BB73 -> #DIV/0! | BQ73: =IF(AND(AM73<=BG73,AM73>=BL73),"PASS","FAIL") -> #DIV/0! | BX73: CoC | BY73: 0.07 | BZ73: =P73 -> mV | CA73: 2 | CB73: =BY73/CA73 -> 0.035 | CD73: Annual Drift | CE73: 0 | CF73: =BZ73 -> mV | CG73: =SQRT(3) -> 1.7320508 | CH73: =CE73/CG73 -> 0 | CJ73: Readability | CK73: 0.1 | CL73: =P73 -> mV | CM73: =SQRT(12) -> 3.4641016 | CN73: =CK73/CM73 -> 0.028867513 | CP73: Repeatability | CQ73: =STDEV(X73:AL73) -> #DIV/0! | CR73: =P73 -> mV | CS73: =SQRT(3) -> 1.7320508 | CT73: =CQ73/CS73 -> #DIV/0! | CV73: =SQRT(SUMSQ(CT73,CN73,CH73,CB73)) -> #DIV/0! | CW73: =(CV73^4)/(((CT73^4)/2)+((CN73^4)/200)+((CH73^4)/200)+((CB73^4)/200)) -> #DIV/0! | CX73: =ROUND(TINV(0.05,CW73),0) -> #DIV/0! | CY73: =(CV73*CX73) -> #DIV/0! | CZ73: =P73 -> mV | DB73: 0.01 | DC73: =CZ73 -> mV | DD73: =MAX(CY73,DB73) -> #DIV/0! | DE73: =DC73 -> mV
L74: =600*10% -> 60 | P74: mV | S74: 1 kHz | AM74: =AVERAGE(X74:AL74) -> #DIV/0! | AR74: =AM74-L74 -> #DIV/0! | BB74: =(AM74*2%)+(3*CK74) -> #DIV/0! | BG74: =L74+BB74 -> #DIV/0! | BL74: =L74-BB74 -> #DIV/0! | BQ74: =IF(AND(AM74<=BG74,AM74>=BL74),"PASS","FAIL") -> #DIV/0! | BX74: CoC | BY74: 0.07 | BZ74: =P74 -> mV | CA74: 2 | CB74: =BY74/CA74 -> 0.035 | CD74: Annual Drift | CE74: 0 | CF74: =BZ74 -> mV | CG74: =SQRT(3) -> 1.7320508 | CH74: =CE74/CG74 -> 0 | CJ74: Readability | CK74: 0.1 | CL74: =P74 -> mV | CM74: =SQRT(12) -> 3.4641016 | CN74: =CK74/CM74 -> 0.028867513 | CP74: Repeatability | CQ74: =STDEV(X74:AL74) -> #DIV/0! | CR74: =P74 -> mV | CS74: =SQRT(3) -> 1.7320508 | CT74: =CQ74/CS74 -> #DIV/0! | CV74: =SQRT(SUMSQ(CT74,CN74,CH74,CB74)) -> #DIV/0! | CW74: =(CV74^4)/(((CT74^4)/2)+((CN74^4)/200)+((CH74^4)/200)+((CB74^4)/200)) -> #DIV/0! | CX74: =ROUND(TINV(0.05,CW74),0) -> #DIV/0! | CY74: =(CV74*CX74) -> #DIV/0! | CZ74: =P74 -> mV | DB74: 0.01 | DC74: =CZ74 -> mV | DD74: =MAX(CY74,DB74) -> #DIV/0! | DE74: =DC74 -> mV
L75: =600*90% -> 540 | P75: mV | S75: 50 Hz | AM75: =AVERAGE(X75:AL75) -> #DIV/0! | AR75: =AM75-L75 -> #DIV/0! | BB75: =(AM75*1%)+(3*CK75) -> #DIV/0! | BG75: =L75+BB75 -> #DIV/0! | BL75: =L75-BB75 -> #DIV/0! | BQ75: =IF(AND(AM75<=BG75,AM75>=BL75),"PASS","FAIL") -> #DIV/0! | BX75: CoC | BY75: 0.91 | BZ75: =P75 -> mV | CA75: 2 | CB75: =BY75/CA75 -> 0.455 | CD75: Annual Drift | CE75: 0 | CF75: =BZ75 -> mV | CG75: =SQRT(3) -> 1.7320508 | CH75: =CE75/CG75 -> 0 | CJ75: Readability | CK75: 0.1 | CL75: =P75 -> mV | CM75: =SQRT(12) -> 3.4641016 | CN75: =CK75/CM75 -> 0.028867513 | CP75: Repeatability | CQ75: =STDEV(X75:AL75) -> #DIV/0! | CR75: =P75 -> mV | CS75: =SQRT(3) -> 1.7320508 | CT75: =CQ75/CS75 -> #DIV/0! | CV75: =SQRT(SUMSQ(CT75,CN75,CH75,CB75)) -> #DIV/0! | CW75: =(CV75^4)/(((CT75^4)/2)+((CN75^4)/200)+((CH75^4)/200)+((CB75^4)/200)) -> #DIV/0! | CX75: =ROUND(TINV(0.05,CW75),0) -> #DIV/0! | CY75: =(CV75*CX75) -> #DIV/0! | CZ75: =P75 -> mV | DB75: 0.085 | DC75: =CZ75 -> mV | DD75: =MAX(CY75,DB75) -> #DIV/0! | DE75: =DC75 -> mV
L76: =600*90% -> 540 | P76: mV | S76: 1 kHz | AM76: =AVERAGE(X76:AL76) -> #DIV/0! | AR76: =AM76-L76 -> #DIV/0! | BB76: =(AM76*2%)+(3*CK76) -> #DIV/0! | BG76: =L76+BB76 -> #DIV/0! | BL76: =L76-BB76 -> #DIV/0! | BQ76: =IF(AND(AM76<=BG76,AM76>=BL76),"PASS","FAIL") -> #DIV/0! | BX76: CoC | BY76: 0.91 | BZ76: =P76 -> mV | CA76: 2 | CB76: =BY76/CA76 -> 0.455 | CD76: Annual Drift | CE76: 0 | CF76: =BZ76 -> mV | CG76: =SQRT(3) -> 1.7320508 | CH76: =CE76/CG76 -> 0 | CJ76: Readability | CK76: 0.1 | CL76: =P76 -> mV | CM76: =SQRT(12) -> 3.4641016 | CN76: =CK76/CM76 -> 0.028867513 | CP76: Repeatability | CQ76: =STDEV(X76:AL76) -> #DIV/0! | CR76: =P76 -> mV | CS76: =SQRT(3) -> 1.7320508 | CT76: =CQ76/CS76 -> #DIV/0! | CV76: =SQRT(SUMSQ(CT76,CN76,CH76,CB76)) -> #DIV/0! | CW76: =(CV76^4)/(((CT76^4)/2)+((CN76^4)/200)+((CH76^4)/200)+((CB76^4)/200)) -> #DIV/0! | CX76: =ROUND(TINV(0.05,CW76),0) -> #DIV/0! | CY76: =(CV76*CX76) -> #DIV/0! | CZ76: =P76 -> mV | DB76: 0.085 | DC76: =CZ76 -> mV | DD76: =MAX(CY76,DB76) -> #DIV/0! | DE76: =DC76 -> mV
F77: 6 V | L77: =6*10% -> 0.6 | P77: V | S77: 50 Hz | AM77: =AVERAGE(X77:AL77) -> #DIV/0! | AR77: =AM77-L77 -> #DIV/0! | BB77: =(AM77*1%)+(3*CK77) -> #DIV/0! | BG77: =L77+BB77 -> #DIV/0! | BL77: =L77-BB77 -> #DIV/0! | BQ77: =IF(AND(AM77<=BG77,AM77>=BL77),"PASS","FAIL") -> #DIV/0! | BX77: CoC | BY77: 0.00091 | BZ77: =P77 -> V | CA77: 2 | CB77: =BY77/CA77 -> 0.000455 | CD77: Annual Drift | CE77: 0 | CF77: =BZ77 -> V | CG77: =SQRT(3) -> 1.7320508 | CH77: =CE77/CG77 -> 0 | CJ77: Readability | CK77: 0.001 | CL77: =P77 -> V | CM77: =SQRT(12) -> 3.4641016 | CN77: =CK77/CM77 -> 0.00028867513 | CP77: Repeatability | CQ77: =STDEV(X77:AL77) -> #DIV/0! | CR77: =P77 -> V | CS77: =SQRT(3) -> 1.7320508 | CT77: =CQ77/CS77 -> #DIV/0! | CV77: =SQRT(SUMSQ(CT77,CN77,CH77,CB77)) -> #DIV/0! | CW77: =(CV77^4)/(((CT77^4)/2)+((CN77^4)/200)+((CH77^4)/200)+((CB77^4)/200)) -> #DIV/0! | CX77: =ROUND(TINV(0.05,CW77),0) -> #DIV/0! | CY77: =(CV77*CX77) -> #DIV/0! | CZ77: =P77 -> V | DB77: 8.5e-05 | DC77: =CZ77 -> V | DD77: =MAX(CY77,DB77) -> #DIV/0! | DE77: =DC77 -> V
L78: =6*10% -> 0.6 | P78: V | S78: 1 kHz | AM78: =AVERAGE(X78:AL78) -> #DIV/0! | AR78: =AM78-L78 -> #DIV/0! | BB78: =(AM78*2%)+(3*CK78) -> #DIV/0! | BG78: =L78+BB78 -> #DIV/0! | BL78: =L78-BB78 -> #DIV/0! | BQ78: =IF(AND(AM78<=BG78,AM78>=BL78),"PASS","FAIL") -> #DIV/0! | BX78: CoC | BY78: 0.00091 | BZ78: =P78 -> V | CA78: 2 | CB78: =BY78/CA78 -> 0.000455 | CD78: Annual Drift | CE78: 0 | CF78: =BZ78 -> V | CG78: =SQRT(3) -> 1.7320508 | CH78: =CE78/CG78 -> 0 | CJ78: Readability | CK78: 0.001 | CL78: =P78 -> V | CM78: =SQRT(12) -> 3.4641016 | CN78: =CK78/CM78 -> 0.00028867513 | CP78: Repeatability | CQ78: =STDEV(X78:AL78) -> #DIV/0! | CR78: =P78 -> V | CS78: =SQRT(3) -> 1.7320508 | CT78: =CQ78/CS78 -> #DIV/0! | CV78: =SQRT(SUMSQ(CT78,CN78,CH78,CB78)) -> #DIV/0! | CW78: =(CV78^4)/(((CT78^4)/2)+((CN78^4)/200)+((CH78^4)/200)+((CB78^4)/200)) -> #DIV/0! | CX78: =ROUND(TINV(0.05,CW78),0) -> #DIV/0! | CY78: =(CV78*CX78) -> #DIV/0! | CZ78: =P78 -> V | DB78: 8.5e-05 | DC78: =CZ78 -> V | DD78: =MAX(CY78,DB78) -> #DIV/0! | DE78: =DC78 -> V
L79: =6*90% -> 5.4 | P79: V | S79: 50 Hz | AM79: =AVERAGE(X79:AL79) -> #DIV/0! | AR79: =AM79-L79 -> #DIV/0! | BB79: =(AM79*1%)+(3*CK79) -> #DIV/0! | BG79: =L79+BB79 -> #DIV/0! | BL79: =L79-BB79 -> #DIV/0! | BQ79: =IF(AND(AM79<=BG79,AM79>=BL79),"PASS","FAIL") -> #DIV/0! | BX79: CoC | BY79: 0.0073 | BZ79: =P79 -> V | CA79: 2 | CB79: =BY79/CA79 -> 0.00365 | CD79: Annual Drift | CE79: 0 | CF79: =BZ79 -> V | CG79: =SQRT(3) -> 1.7320508 | CH79: =CE79/CG79 -> 0 | CJ79: Readability | CK79: 0.001 | CL79: =P79 -> V | CM79: =SQRT(12) -> 3.4641016 | CN79: =CK79/CM79 -> 0.00028867513 | CP79: Repeatability | CQ79: =STDEV(X79:AL79) -> #DIV/0! | CR79: =P79 -> V | CS79: =SQRT(3) -> 1.7320508 | CT79: =CQ79/CS79 -> #DIV/0! | CV79: =SQRT(SUMSQ(CT79,CN79,CH79,CB79)) -> #DIV/0! | CW79: =(CV79^4)/(((CT79^4)/2)+((CN79^4)/200)+((CH79^4)/200)+((CB79^4)/200)) -> #DIV/0! | CX79: =ROUND(TINV(0.05,CW79),0) -> #DIV/0! | CY79: =(CV79*CX79) -> #DIV/0! | CZ79: =P79 -> V | DB79: 0.00085 | DC79: =CZ79 -> V | DD79: =MAX(CY79,DB79) -> #DIV/0! | DE79: =DC79 -> V
L80: =6*90% -> 5.4 | P80: V | S80: 1 kHz | AM80: =AVERAGE(X80:AL80) -> #DIV/0! | AR80: =AM80-L80 -> #DIV/0! | BB80: =(AM80*2%)+(3*CK80) -> #DIV/0! | BG80: =L80+BB80 -> #DIV/0! | BL80: =L80-BB80 -> #DIV/0! | BQ80: =IF(AND(AM80<=BG80,AM80>=BL80),"PASS","FAIL") -> #DIV/0! | BX80: CoC | BY80: 0.0073 | BZ80: =P80 -> V | CA80: 2 | CB80: =BY80/CA80 -> 0.00365 | CD80: Annual Drift | CE80: 0 | CF80: =BZ80 -> V | CG80: =SQRT(3) -> 1.7320508 | CH80: =CE80/CG80 -> 0 | CJ80: Readability | CK80: 0.001 | CL80: =P80 -> V | CM80: =SQRT(12) -> 3.4641016 | CN80: =CK80/CM80 -> 0.00028867513 | CP80: Repeatability | CQ80: =STDEV(X80:AL80) -> #DIV/0! | CR80: =P80 -> V | CS80: =SQRT(3) -> 1.7320508 | CT80: =CQ80/CS80 -> #DIV/0! | CV80: =SQRT(SUMSQ(CT80,CN80,CH80,CB80)) -> #DIV/0! | CW80: =(CV80^4)/(((CT80^4)/2)+((CN80^4)/200)+((CH80^4)/200)+((CB80^4)/200)) -> #DIV/0! | CX80: =ROUND(TINV(0.05,CW80),0) -> #DIV/0! | CY80: =(CV80*CX80) -> #DIV/0! | CZ80: =P80 -> V | DB80: 0.00085 | DC80: =CZ80 -> V | DD80: =MAX(CY80,DB80) -> #DIV/0! | DE80: =DC80 -> V
F81: 60 V | L81: =60*10% -> 6 | P81: V | S81: 50 Hz | AM81: =AVERAGE(X81:AL81) -> #DIV/0! | AR81: =AM81-L81 -> #DIV/0! | BB81: =(AM81*1%)+(3*CK81) -> #DIV/0! | BG81: =L81+BB81 -> #DIV/0! | BL81: =L81-BB81 -> #DIV/0! | BQ81: =IF(AND(AM81<=BG81,AM81>=BL81),"PASS","FAIL") -> #DIV/0! | BX81: CoC | BY81: 0.0073 | BZ81: =P81 -> V | CA81: 2 | CB81: =BY81/CA81 -> 0.00365 | CD81: Annual Drift | CE81: 0 | CF81: =BZ81 -> V | CG81: =SQRT(3) -> 1.7320508 | CH81: =CE81/CG81 -> 0 | CJ81: Readability | CK81: 0.01 | CL81: =P81 -> V | CM81: =SQRT(12) -> 3.4641016 | CN81: =CK81/CM81 -> 0.0028867513 | CP81: Repeatability | CQ81: =STDEV(X81:AL81) -> #DIV/0! | CR81: =P81 -> V | CS81: =SQRT(3) -> 1.7320508 | CT81: =CQ81/CS81 -> #DIV/0! | CV81: =SQRT(SUMSQ(CT81,CN81,CH81,CB81)) -> #DIV/0! | CW81: =(CV81^4)/(((CT81^4)/2)+((CN81^4)/200)+((CH81^4)/200)+((CB81^4)/200)) -> #DIV/0! | CX81: =ROUND(TINV(0.05,CW81),0) -> #DIV/0! | CY81: =(CV81*CX81) -> #DIV/0! | CZ81: =P81 -> V | DB81: 0.00085 | DC81: =CZ81 -> V | DD81: =MAX(CY81,DB81) -> #DIV/0! | DE81: =DC81 -> V
L82: =60*10% -> 6 | P82: V | S82: 1 kHz | AM82: =AVERAGE(X82:AL82) -> #DIV/0! | AR82: =AM82-L82 -> #DIV/0! | BB82: =(AM82*2%)+(3*CK82) -> #DIV/0! | BG82: =L82+BB82 -> #DIV/0! | BL82: =L82-BB82 -> #DIV/0! | BQ82: =IF(AND(AM82<=BG82,AM82>=BL82),"PASS","FAIL") -> #DIV/0! | BX82: CoC | BY82: 0.0073 | BZ82: =P82 -> V | CA82: 2 | CB82: =BY82/CA82 -> 0.00365 | CD82: Annual Drift | CE82: 0 | CF82: =BZ82 -> V | CG82: =SQRT(3) -> 1.7320508 | CH82: =CE82/CG82 -> 0 | CJ82: Readability | CK82: 0.01 | CL82: =P82 -> V | CM82: =SQRT(12) -> 3.4641016 | CN82: =CK82/CM82 -> 0.0028867513 | CP82: Repeatability | CQ82: =STDEV(X82:AL82) -> #DIV/0! | CR82: =P82 -> V | CS82: =SQRT(3) -> 1.7320508 | CT82: =CQ82/CS82 -> #DIV/0! | CV82: =SQRT(SUMSQ(CT82,CN82,CH82,CB82)) -> #DIV/0! | CW82: =(CV82^4)/(((CT82^4)/2)+((CN82^4)/200)+((CH82^4)/200)+((CB82^4)/200)) -> #DIV/0! | CX82: =ROUND(TINV(0.05,CW82),0) -> #DIV/0! | CY82: =(CV82*CX82) -> #DIV/0! | CZ82: =P82 -> V | DB82: 0.00085 | DC82: =CZ82 -> V | DD82: =MAX(CY82,DB82) -> #DIV/0! | DE82: =DC82 -> V
L83: =60*50% -> 30 | P83: V | S83: 50 Hz | AM83: =AVERAGE(X83:AL83) -> #DIV/0! | AR83: =AM83-L83 -> #DIV/0! | BB83: =(AM83*1%)+(3*CK83) -> #DIV/0! | BG83: =L83+BB83 -> #DIV/0! | BL83: =L83-BB83 -> #DIV/0! | BQ83: =IF(AND(AM83<=BG83,AM83>=BL83),"PASS","FAIL") -> #DIV/0! | BX83: CoC | BY83: 0.0073 | BZ83: =P83 -> V | CA83: 2 | CB83: =BY83/CA83 -> 0.00365 | CD83: Annual Drift | CE83: 0 | CF83: =BZ83 -> V | CG83: =SQRT(3) -> 1.7320508 | CH83: =CE83/CG83 -> 0 | CJ83: Readability | CK83: 0.01 | CL83: =P83 -> V | CM83: =SQRT(12) -> 3.4641016 | CN83: =CK83/CM83 -> 0.0028867513 | CP83: Repeatability | CQ83: =STDEV(X83:AL83) -> #DIV/0! | CR83: =P83 -> V | CS83: =SQRT(3) -> 1.7320508 | CT83: =CQ83/CS83 -> #DIV/0! | CV83: =SQRT(SUMSQ(CT83,CN83,CH83,CB83)) -> #DIV/0! | CW83: =(CV83^4)/(((CT83^4)/2)+((CN83^4)/200)+((CH83^4)/200)+((CB83^4)/200)) -> #DIV/0! | CX83: =ROUND(TINV(0.05,CW83),0) -> #DIV/0! | CY83: =(CV83*CX83) -> #DIV/0! | CZ83: =P83 -> V | DB83: 0.00085 | DC83: =CZ83 -> V | DD83: =MAX(CY83,DB83) -> #DIV/0! | DE83: =DC83 -> V
L84: =60*50% -> 30 | P84: V | S84: 1 kHz | AM84: =AVERAGE(X84:AL84) -> #DIV/0! | AR84: =AM84-L84 -> #DIV/0! | BB84: =(AM84*2%)+(3*CK84) -> #DIV/0! | BG84: =L84+BB84 -> #DIV/0! | BL84: =L84-BB84 -> #DIV/0! | BQ84: =IF(AND(AM84<=BG84,AM84>=BL84),"PASS","FAIL") -> #DIV/0! | BX84: CoC | BY84: 0.0073 | BZ84: =P84 -> V | CA84: 2 | CB84: =BY84/CA84 -> 0.00365 | CD84: Annual Drift | CE84: 0 | CF84: =BZ84 -> V | CG84: =SQRT(3) -> 1.7320508 | CH84: =CE84/CG84 -> 0 | CJ84: Readability | CK84: 0.01 | CL84: =P84 -> V | CM84: =SQRT(12) -> 3.4641016 | CN84: =CK84/CM84 -> 0.0028867513 | CP84: Repeatability | CQ84: =STDEV(X84:AL84) -> #DIV/0! | CR84: =P84 -> V | CS84: =SQRT(3) -> 1.7320508 | CT84: =CQ84/CS84 -> #DIV/0! | CV84: =SQRT(SUMSQ(CT84,CN84,CH84,CB84)) -> #DIV/0! | CW84: =(CV84^4)/(((CT84^4)/2)+((CN84^4)/200)+((CH84^4)/200)+((CB84^4)/200)) -> #DIV/0! | CX84: =ROUND(TINV(0.05,CW84),0) -> #DIV/0! | CY84: =(CV84*CX84) -> #DIV/0! | CZ84: =P84 -> V | DB84: 0.00085 | DC84: =CZ84 -> V | DD84: =MAX(CY84,DB84) -> #DIV/0! | DE84: =DC84 -> V
L85: =60*90% -> 54 | P85: V | S85: 50 Hz | AM85: =AVERAGE(X85:AL85) -> #DIV/0! | AR85: =AM85-L85 -> #DIV/0! | BB85: =(AM85*1%)+(3*CK85) -> #DIV/0! | BG85: =L85+BB85 -> #DIV/0! | BL85: =L85-BB85 -> #DIV/0! | BQ85: =IF(AND(AM85<=BG85,AM85>=BL85),"PASS","FAIL") -> #DIV/0! | BX85: CoC | BY85: 0.0073 | BZ85: =P85 -> V | CA85: 2 | CB85: =BY85/CA85 -> 0.00365 | CD85: Annual Drift | CE85: 0 | CF85: =BZ85 -> V | CG85: =SQRT(3) -> 1.7320508 | CH85: =CE85/CG85 -> 0 | CJ85: Readability | CK85: 0.01 | CL85: =P85 -> V | CM85: =SQRT(12) -> 3.4641016 | CN85: =CK85/CM85 -> 0.0028867513 | CP85: Repeatability | CQ85: =STDEV(X85:AL85) -> #DIV/0! | CR85: =P85 -> V | CS85: =SQRT(3) -> 1.7320508 | CT85: =CQ85/CS85 -> #DIV/0! | CV85: =SQRT(SUMSQ(CT85,CN85,CH85,CB85)) -> #DIV/0! | CW85: =(CV85^4)/(((CT85^4)/2)+((CN85^4)/200)+((CH85^4)/200)+((CB85^4)/200)) -> #DIV/0! | CX85: =ROUND(TINV(0.05,CW85),0) -> #DIV/0! | CY85: =(CV85*CX85) -> #DIV/0! | CZ85: =P85 -> V | DB85: 0.0064 | DC85: =CZ85 -> V | DD85: =MAX(CY85,DB85) -> #DIV/0! | DE85: =DC85 -> V
L86: =60*90% -> 54 | P86: V | S86: 1 kHz | AM86: =AVERAGE(X86:AL86) -> #DIV/0! | AR86: =AM86-L86 -> #DIV/0! | BB86: =(AM86*2%)+(3*CK86) -> #DIV/0! | BG86: =L86+BB86 -> #DIV/0! | BL86: =L86-BB86 -> #DIV/0! | BQ86: =IF(AND(AM86<=BG86,AM86>=BL86),"PASS","FAIL") -> #DIV/0! | BX86: CoC | BY86: 0.0073 | BZ86: =P86 -> V | CA86: 2 | CB86: =BY86/CA86 -> 0.00365 | CD86: Annual Drift | CE86: 0 | CF86: =BZ86 -> V | CG86: =SQRT(3) -> 1.7320508 | CH86: =CE86/CG86 -> 0 | CJ86: Readability | CK86: 0.01 | CL86: =P86 -> V | CM86: =SQRT(12) -> 3.4641016 | CN86: =CK86/CM86 -> 0.0028867513 | CP86: Repeatability | CQ86: =STDEV(X86:AL86) -> #DIV/0! | CR86: =P86 -> V | CS86: =SQRT(3) -> 1.7320508 | CT86: =CQ86/CS86 -> #DIV/0! | CV86: =SQRT(SUMSQ(CT86,CN86,CH86,CB86)) -> #DIV/0! | CW86: =(CV86^4)/(((CT86^4)/2)+((CN86^4)/200)+((CH86^4)/200)+((CB86^4)/200)) -> #DIV/0! | CX86: =ROUND(TINV(0.05,CW86),0) -> #DIV/0! | CY86: =(CV86*CX86) -> #DIV/0! | CZ86: =P86 -> V | DB86: 0.0064 | DC86: =CZ86 -> V | DD86: =MAX(CY86,DB86) -> #DIV/0! | DE86: =DC86 -> V
F87: 600 V | L87: 60 | P87: V | S87: 50 Hz | AM87: =AVERAGE(X87:AL87) -> #DIV/0! | AR87: =AM87-L87 -> #DIV/0! | BB87: =(AM87*1%)+(3*CK87) -> #DIV/0! | BG87: =L87+BB87 -> #DIV/0! | BL87: =L87-BB87 -> #DIV/0! | BQ87: =IF(AND(AM87<=BG87,AM87>=BL87),"PASS","FAIL") -> #DIV/0! | BX87: CoC | BY87: 0.0073 | BZ87: =P87 -> V | CA87: 2 | CB87: =BY87/CA87 -> 0.00365 | CD87: Annual Drift | CE87: 0 | CF87: =BZ87 -> V | CG87: =SQRT(3) -> 1.7320508 | CH87: =CE87/CG87 -> 0 | CJ87: Readability | CK87: 0.1 | CL87: =P87 -> V | CM87: =SQRT(12) -> 3.4641016 | CN87: =CK87/CM87 -> 0.028867513 | CP87: Repeatability | CQ87: =STDEV(X87:AL87) -> #DIV/0! | CR87: =P87 -> V | CS87: =SQRT(3) -> 1.7320508 | CT87: =CQ87/CS87 -> #DIV/0! | CV87: =SQRT(SUMSQ(CT87,CN87,CH87,CB87)) -> #DIV/0! | CW87: =(CV87^4)/(((CT87^4)/2)+((CN87^4)/200)+((CH87^4)/200)+((CB87^4)/200)) -> #DIV/0! | CX87: =ROUND(TINV(0.05,CW87),0) -> #DIV/0! | CY87: =(CV87*CX87) -> #DIV/0! | CZ87: =P87 -> V | DB87: 0.0064 | DC87: =CZ87 -> V | DD87: =MAX(CY87,DB87) -> #DIV/0! | DE87: =DC87 -> V
L88: 60 | P88: V | S88: 1 kHz | AM88: =AVERAGE(X88:AL88) -> #DIV/0! | AR88: =AM88-L88 -> #DIV/0! | BB88: =(AM88*2%)+(3*CK88) -> #DIV/0! | BG88: =L88+BB88 -> #DIV/0! | BL88: =L88-BB88 -> #DIV/0! | BQ88: =IF(AND(AM88<=BG88,AM88>=BL88),"PASS","FAIL") -> #DIV/0! | BX88: CoC | BY88: 0.0073 | BZ88: =P88 -> V | CA88: 2 | CB88: =BY88/CA88 -> 0.00365 | CD88: Annual Drift | CE88: 0 | CF88: =BZ88 -> V | CG88: =SQRT(3) -> 1.7320508 | CH88: =CE88/CG88 -> 0 | CJ88: Readability | CK88: 0.1 | CL88: =P88 -> V | CM88: =SQRT(12) -> 3.4641016 | CN88: =CK88/CM88 -> 0.028867513 | CP88: Repeatability | CQ88: =STDEV(X88:AL88) -> #DIV/0! | CR88: =P88 -> V | CS88: =SQRT(3) -> 1.7320508 | CT88: =CQ88/CS88 -> #DIV/0! | CV88: =SQRT(SUMSQ(CT88,CN88,CH88,CB88)) -> #DIV/0! | CW88: =(CV88^4)/(((CT88^4)/2)+((CN88^4)/200)+((CH88^4)/200)+((CB88^4)/200)) -> #DIV/0! | CX88: =ROUND(TINV(0.05,CW88),0) -> #DIV/0! | CY88: =(CV88*CX88) -> #DIV/0! | CZ88: =P88 -> V | DB88: 0.0064 | DC88: =CZ88 -> V | DD88: =MAX(CY88,DB88) -> #DIV/0! | DE88: =DC88 -> V
L89: 540 | P89: V | S89: 50 Hz | AM89: =AVERAGE(X89:AL89) -> #DIV/0! | AR89: =AM89-L89 -> #DIV/0! | BB89: =(AM89*1%)+(3*CK89) -> #DIV/0! | BG89: =L89+BB89 -> #DIV/0! | BL89: =L89-BB89 -> #DIV/0! | BQ89: =IF(AND(AM89<=BG89,AM89>=BL89),"PASS","FAIL") -> #DIV/0! | BX89: CoC | BY89: 0.071 | BZ89: =P89 -> V | CA89: 2 | CB89: =BY89/CA89 -> 0.0355 | CD89: Annual Drift | CE89: 0 | CF89: =BZ89 -> V | CG89: =SQRT(3) -> 1.7320508 | CH89: =CE89/CG89 -> 0 | CJ89: Readability | CK89: 0.1 | CL89: =P89 -> V | CM89: =SQRT(12) -> 3.4641016 | CN89: =CK89/CM89 -> 0.028867513 | CP89: Repeatability | CQ89: =STDEV(X89:AL89) -> #DIV/0! | CR89: =P89 -> V | CS89: =SQRT(3) -> 1.7320508 | CT89: =CQ89/CS89 -> #DIV/0! | CV89: =SQRT(SUMSQ(CT89,CN89,CH89,CB89)) -> #DIV/0! | CW89: =(CV89^4)/(((CT89^4)/2)+((CN89^4)/200)+((CH89^4)/200)+((CB89^4)/200)) -> #DIV/0! | CX89: =ROUND(TINV(0.05,CW89),0) -> #DIV/0! | CY89: =(CV89*CX89) -> #DIV/0! | CZ89: =P89 -> V | DB89: 0.084 | DC89: =CZ89 -> V | DD89: =MAX(CY89,DB89) -> #DIV/0! | DE89: =DC89 -> V
L90: 540 | P90: V | S90: 1 kHz | AM90: =AVERAGE(X90:AL90) -> #DIV/0! | AR90: =AM90-L90 -> #DIV/0! | BB90: =(AM90*2%)+(3*CK90) -> #DIV/0! | BG90: =L90+BB90 -> #DIV/0! | BL90: =L90-BB90 -> #DIV/0! | BQ90: =IF(AND(AM90<=BG90,AM90>=BL90),"PASS","FAIL") -> #DIV/0! | BX90: CoC | BY90: 0.071 | BZ90: =P90 -> V | CA90: 2 | CB90: =BY90/CA90 -> 0.0355 | CD90: Annual Drift | CE90: 0 | CF90: =BZ90 -> V | CG90: =SQRT(3) -> 1.7320508 | CH90: =CE90/CG90 -> 0 | CJ90: Readability | CK90: 0.1 | CL90: =P90 -> V | CM90: =SQRT(12) -> 3.4641016 | CN90: =CK90/CM90 -> 0.028867513 | CP90: Repeatability | CQ90: =STDEV(X90:AL90) -> #DIV/0! | CR90: =P90 -> V | CS90: =SQRT(3) -> 1.7320508 | CT90: =CQ90/CS90 -> #DIV/0! | CV90: =SQRT(SUMSQ(CT90,CN90,CH90,CB90)) -> #DIV/0! | CW90: =(CV90^4)/(((CT90^4)/2)+((CN90^4)/200)+((CH90^4)/200)+((CB90^4)/200)) -> #DIV/0! | CX90: =ROUND(TINV(0.05,CW90),0) -> #DIV/0! | CY90: =(CV90*CX90) -> #DIV/0! | CZ90: =P90 -> V | DB90: 0.084 | DC90: =CZ90 -> V | DD90: =MAX(CY90,DB90) -> #DIV/0! | DE90: =DC90 -> V
F92: Resistance Test | BB92: Based on Tolerance | BX92: Standard | CD92: Standard | CJ92: Unit Under Test | CP92: Unit Under Test | CV92: Expanded Uncertainty | DB92: MINIMUM CMC | DD92: FINAL UNCERTAINTY DECLARATION
F93: Range | L93: Nominal Value | S93: Frequency | X93: Measured Value | AM93: Average | AR93: Error | BB93: Tolerance | BG93: Upper Limit | BL93: Lower Limit | BQ93: Remarks | BX93: Source | BY93: Uncertainty | BZ93: Unit | CA93: Divisor | CB93: Ui | CD93: Source | CE93: Uncertainty | CF93: Unit | CG93: Divisor | CH93: Ui | CJ93: Source | CK93: Uncertainty | CL93: Unit | CM93: Divisor | CN93: Ui | CP93: Source | CQ93: Uncertainty | CR93: Unit | CS93: Divisor | CT93: Ui | CV93: COMBINED STANDARD | CW93: EFFECTIVE DEGREES | CX93: C. FACTOR, k = student's | CY93: EXPANDED UNCERTAINTY,
X94: 1 | AC94: 2 | AH94: 3 | CV94: UNCERTAINTY, Uc | CW94: OF FREEDOM, Veff | CX94: t for Veff and 95 % C.L. | CY94: U @ 95 % C.L. ±
F95: 600 Ω | L95: 0 | P95: Ω | S95: - | AM95: =AVERAGE(X95:AL95) -> #DIV/0! | AR95: =AM95-L95 -> #DIV/0! | BB95: =(AM95*0.9%)+(2*CK95) -> #DIV/0! | BG95: =L95+BB95 -> #DIV/0! | BL95: =L95-BB95 -> #DIV/0! | BQ95: =IF(AND(AM95<=BG95,AM95>=BL95),"PASS","FAIL") -> #DIV/0! | BX95: CoC | BY95: 0.00082 | BZ95: =P95 -> Ω | CA95: 2 | CB95: =BY95/CA95 -> 0.00041 | CD95: Annual Drift | CE95: 0 | CF95: =BZ95 -> Ω | CG95: =SQRT(3) -> 1.7320508 | CH95: =CE95/CG95 -> 0 | CJ95: Readability | CK95: 0.1 | CL95: =P95 -> Ω | CM95: =SQRT(12) -> 3.4641016 | CN95: =CK95/CM95 -> 0.028867513 | CP95: Repeatability | CQ95: =STDEV(X95:AL95) -> #DIV/0! | CR95: =P95 -> Ω | CS95: =SQRT(3) -> 1.7320508 | CT95: =CQ95/CS95 -> #DIV/0! | CV95: =SQRT(SUMSQ(CT95,CN95,CH95,CB95)) -> #DIV/0! | CW95: =(CV95^4)/(((CT95^4)/2)+((CN95^4)/200)+((CH95^4)/200)+((CB95^4)/200)) -> #DIV/0! | CX95: =ROUND(TINV(0.05,CW95),0) -> #DIV/0! | CY95: =(CV95*CX95) -> #DIV/0! | CZ95: =P95 -> Ω | DB95: 0.0078 | DC95: =CZ95 -> Ω | DD95: =MAX(CY95,DB95) -> #DIV/0! | DE95: =DC95 -> Ω
L96: =600*90% -> 540 | P96: Ω | S96: - | AM96: =AVERAGE(X96:AL96) -> #DIV/0! | AR96: =AM96-L96 -> #DIV/0! | BB96: =(AM96*0.9%)+(2*CK96) -> #DIV/0! | BG96: =L96+BB96 -> #DIV/0! | BL96: =L96-BB96 -> #DIV/0! | BQ96: =IF(AND(AM96<=BG96,AM96>=BL96),"PASS","FAIL") -> #DIV/0! | BX96: CoC | BY96: 0.009 | BZ96: =P96 -> Ω | CA96: 2 | CB96: =BY96/CA96 -> 0.0045 | CD96: Annual Drift | CE96: 0 | CF96: =BZ96 -> Ω | CG96: =SQRT(3) -> 1.7320508 | CH96: =CE96/CG96 -> 0 | CJ96: Readability | CK96: 0.1 | CL96: =P96 -> Ω | CM96: =SQRT(12) -> 3.4641016 | CN96: =CK96/CM96 -> 0.028867513 | CP96: Repeatability | CQ96: =STDEV(X96:AL96) -> #DIV/0! | CR96: =P96 -> Ω | CS96: =SQRT(3) -> 1.7320508 | CT96: =CQ96/CS96 -> #DIV/0! | CV96: =SQRT(SUMSQ(CT96,CN96,CH96,CB96)) -> #DIV/0! | CW96: =(CV96^4)/(((CT96^4)/2)+((CN96^4)/200)+((CH96^4)/200)+((CB96^4)/200)) -> #DIV/0! | CX96: =ROUND(TINV(0.05,CW96),0) -> #DIV/0! | CY96: =(CV96*CX96) -> #DIV/0! | CZ96: =P96 -> Ω | DB96: 0.023 | DC96: =CZ96 -> Ω | DD96: =MAX(CY96,DB96) -> #DIV/0! | DE96: =DC96 -> Ω
F97: 6 kΩ | L97: =6*90% -> 5.4 | P97: kΩ | S97: - | AM97: =AVERAGE(X97:AL97) -> #DIV/0! | AR97: =AM97-L97 -> #DIV/0! | BB97: =(AM97*0.9%)+(1*CK97) -> #DIV/0! | BG97: =L97+BB97 -> #DIV/0! | BL97: =L97-BB97 -> #DIV/0! | BQ97: =IF(AND(AM97<=BG97,AM97>=BL97),"PASS","FAIL") -> #DIV/0! | BX97: CoC | BY97: 8e-05 | BZ97: =P97 -> kΩ | CA97: 2 | CB97: =BY97/CA97 -> 4e-05 | CD97: Annual Drift | CE97: 0 | CF97: =BZ97 -> kΩ | CG97: =SQRT(3) -> 1.7320508 | CH97: =CE97/CG97 -> 0 | CJ97: Readability | CK97: 0.001 | CL97: =P97 -> kΩ | CM97: =SQRT(12) -> 3.4641016 | CN97: =CK97/CM97 -> 0.00028867513 | CP97: Repeatability | CQ97: =STDEV(X97:AL97) -> #DIV/0! | CR97: =P97 -> kΩ | CS97: =SQRT(3) -> 1.7320508 | CT97: =CQ97/CS97 -> #DIV/0! | CV97: =SQRT(SUMSQ(CT97,CN97,CH97,CB97)) -> #DIV/0! | CW97: =(CV97^4)/(((CT97^4)/2)+((CN97^4)/200)+((CH97^4)/200)+((CB97^4)/200)) -> #DIV/0! | CX97: =ROUND(TINV(0.05,CW97),0) -> #DIV/0! | CY97: =(CV97*CX97) -> #DIV/0! | CZ97: =P97 -> kΩ | DB97: 0.00023 | DC97: =CZ97 -> kΩ | DD97: =MAX(CY97,DB97) -> #DIV/0! | DE97: =DC97 -> kΩ
F98: 60 kΩ | L98: =60*90% -> 54 | P98: kΩ | S98: - | AM98: =AVERAGE(X98:AL98) -> #DIV/0! | AR98: =AM98-L98 -> #DIV/0! | BB98: =(AM98*0.9%)+(1*CK98) -> #DIV/0! | BG98: =L98+BB98 -> #DIV/0! | BL98: =L98-BB98 -> #DIV/0! | BQ98: =IF(AND(AM98<=BG98,AM98>=BL98),"PASS","FAIL") -> #DIV/0! | BX98: CoC | BY98: 0.0008 | BZ98: =P98 -> kΩ | CA98: 2 | CB98: =BY98/CA98 -> 0.0004 | CD98: Annual Drift | CE98: 0 | CF98: =BZ98 -> kΩ | CG98: =SQRT(3) -> 1.7320508 | CH98: =CE98/CG98 -> 0 | CJ98: Readability | CK98: 0.01 | CL98: =P98 -> kΩ | CM98: =SQRT(12) -> 3.4641016 | CN98: =CK98/CM98 -> 0.0028867513 | CP98: Repeatability | CQ98: =STDEV(X98:AL98) -> #DIV/0! | CR98: =P98 -> kΩ | CS98: =SQRT(3) -> 1.7320508 | CT98: =CQ98/CS98 -> #DIV/0! | CV98: =SQRT(SUMSQ(CT98,CN98,CH98,CB98)) -> #DIV/0! | CW98: =(CV98^4)/(((CT98^4)/2)+((CN98^4)/200)+((CH98^4)/200)+((CB98^4)/200)) -> #DIV/0! | CX98: =ROUND(TINV(0.05,CW98),0) -> #DIV/0! | CY98: =(CV98*CX98) -> #DIV/0! | CZ98: =P98 -> kΩ | DB98: 0.0015 | DC98: =CZ98 -> kΩ | DD98: =MAX(CY98,DB98) -> #DIV/0! | DE98: =DC98 -> kΩ
F99: 600 kΩ | L99: =600*90% -> 540 | P99: kΩ | S99: - | AM99: =AVERAGE(X99:AL99) -> #DIV/0! | AR99: =AM99-L99 -> #DIV/0! | BB99: =(AM99*0.9%)+(1*CK99) -> #DIV/0! | BG99: =L99+BB99 -> #DIV/0! | BL99: =L99-BB99 -> #DIV/0! | BQ99: =IF(AND(AM99<=BG99,AM99>=BL99),"PASS","FAIL") -> #DIV/0! | BX99: CoC | BY99: 0.0086 | BZ99: =P99 -> kΩ | CA99: 2 | CB99: =BY99/CA99 -> 0.0043 | CD99: Annual Drift | CE99: 0 | CF99: =BZ99 -> kΩ | CG99: =SQRT(3) -> 1.7320508 | CH99: =CE99/CG99 -> 0 | CJ99: Readability | CK99: 0.1 | CL99: =P99 -> kΩ | CM99: =SQRT(12) -> 3.4641016 | CN99: =CK99/CM99 -> 0.028867513 | CP99: Repeatability | CQ99: =STDEV(X99:AL99) -> #DIV/0! | CR99: =P99 -> kΩ | CS99: =SQRT(3) -> 1.7320508 | CT99: =CQ99/CS99 -> #DIV/0! | CV99: =SQRT(SUMSQ(CT99,CN99,CH99,CB99)) -> #DIV/0! | CW99: =(CV99^4)/(((CT99^4)/2)+((CN99^4)/200)+((CH99^4)/200)+((CB99^4)/200)) -> #DIV/0! | CX99: =ROUND(TINV(0.05,CW99),0) -> #DIV/0! | CY99: =(CV99*CX99) -> #DIV/0! | CZ99: =P99 -> kΩ | DB99: 0.016 | DC99: =CZ99 -> kΩ | DD99: =MAX(CY99,DB99) -> #DIV/0! | DE99: =DC99 -> kΩ
F100: 6 MΩ | L100: =6*90% -> 5.4 | P100: MΩ | S100: - | AM100: =AVERAGE(X100:AL100) -> #DIV/0! | AR100: =AM100-L100 -> #DIV/0! | BB100: =(AM100*0.9%)+(1*CK100) -> #DIV/0! | BG100: =L100+BB100 -> #DIV/0! | BL100: =L100-BB100 -> #DIV/0! | BQ100: =IF(AND(AM100<=BG100,AM100>=BL100),"PASS","FAIL") -> #DIV/0! | BX100: CoC | BY100: 0.00015 | BZ100: =P100 -> MΩ | CA100: 2 | CB100: =BY100/CA100 -> 7.5e-05 | CD100: Annual Drift | CE100: 0 | CF100: =BZ100 -> MΩ | CG100: =SQRT(3) -> 1.7320508 | CH100: =CE100/CG100 -> 0 | CJ100: Readability | CK100: 0.001 | CL100: =P100 -> MΩ | CM100: =SQRT(12) -> 3.4641016 | CN100: =CK100/CM100 -> 0.00028867513 | CP100: Repeatability | CQ100: =STDEV(X100:AL100) -> #DIV/0! | CR100: =P100 -> MΩ | CS100: =SQRT(3) -> 1.7320508 | CT100: =CQ100/CS100 -> #DIV/0! | CV100: =SQRT(SUMSQ(CT100,CN100,CH100,CB100)) -> #DIV/0! | CW100: =(CV100^4)/(((CT100^4)/2)+((CN100^4)/200)+((CH100^4)/200)+((CB100^4)/200)) -> #DIV/0! | CX100: =ROUND(TINV(0.05,CW100),0) -> #DIV/0! | CY100: =(CV100*CX100) -> #DIV/0! | CZ100: =P100 -> MΩ | DB100: 0.00053 | DC100: =CZ100 -> MΩ | DD100: =MAX(CY100,DB100) -> #DIV/0! | DE100: =DC100 -> MΩ
F101: 40 MΩ | L101: =40*90% -> 36 | P101: MΩ | S101: - | AM101: =AVERAGE(X101:AL101) -> #DIV/0! | AR101: =AM101-L101 -> #DIV/0! | BB101: =(AM101*5%)+(2*CK101) -> #DIV/0! | BG101: =L101+BB101 -> #DIV/0! | BL101: =L101-BB101 -> #DIV/0! | BQ101: =IF(AND(AM101<=BG101,AM101>=BL101),"PASS","FAIL") -> #DIV/0! | BX101: CoC | BY101: 0.0006 | BZ101: =P101 -> MΩ | CA101: 2 | CB101: =BY101/CA101 -> 0.0003 | CD101: Annual Drift | CE101: 0 | CF101: =BZ101 -> MΩ | CG101: =SQRT(3) -> 1.7320508 | CH101: =CE101/CG101 -> 0 | CJ101: Readability | CK101: 0.01 | CL101: =P101 -> MΩ | CM101: =SQRT(12) -> 3.4641016 | CN101: =CK101/CM101 -> 0.0028867513 | CP101: Repeatability | CQ101: =STDEV(X101:AL101) -> #DIV/0! | CR101: =P101 -> MΩ | CS101: =SQRT(3) -> 1.7320508 | CT101: =CQ101/CS101 -> #DIV/0! | CV101: =SQRT(SUMSQ(CT101,CN101,CH101,CB101)) -> #DIV/0! | CW101: =(CV101^4)/(((CT101^4)/2)+((CN101^4)/200)+((CH101^4)/200)+((CB101^4)/200)) -> #DIV/0! | CX101: =ROUND(TINV(0.05,CW101),0) -> #DIV/0! | CY101: =(CV101*CX101) -> #DIV/0! | CZ101: =P101 -> MΩ | DB101: 0.015 | DC101: =CZ101 -> MΩ | DD101: =MAX(CY101,DB101) -> #DIV/0! | DE101: =DC101 -> MΩ
F103: DC Current Test | BB103: Based on Tolerance | BX103: Standard | CD103: Standard | CJ103: Unit Under Test | CP103: Unit Under Test | CV103: Expanded Uncertainty | DB103: MINIMUM CMC | DD103: FINAL UNCERTAINTY DECLARATION
F104: Range | L104: Nominal Value | S104: Frequency | X104: Measured Value | AM104: Average | AR104: Error | BB104: Tolerance | BG104: Upper Limit | BL104: Lower Limit | BQ104: Remarks | BX104: Source | BY104: Uncertainty | BZ104: Unit | CA104: Divisor | CB104: Ui | CD104: Source | CE104: Uncertainty | CF104: Unit | CG104: Divisor | CH104: Ui | CJ104: Source | CK104: Uncertainty | CL104: Unit | CM104: Divisor | CN104: Ui | CP104: Source | CQ104: Uncertainty | CR104: Unit | CS104: Divisor | CT104: Ui | CV104: COMBINED STANDARD | CW104: EFFECTIVE DEGREES | CX104: C. FACTOR, k = student's | CY104: EXPANDED UNCERTAINTY,
X105: 1 | AC105: 2 | AH105: 3 | CV105: UNCERTAINTY, Uc | CW105: OF FREEDOM, Veff | CX105: t for Veff and 95 % C.L. | CY105: U @ 95 % C.L. ±
F106: 6 A | L106: =6*50% -> 3 | P106: A | S106: - | AM106: =AVERAGE(X106:AL106) -> #DIV/0! | AR106: =AM106-L106 -> #DIV/0! | BB106: =(AM106*1%)+(3*CK106) -> #DIV/0! | BG106: =L106+BB106 -> #DIV/0! | BL106: =L106-BB106 -> #DIV/0! | BQ106: =IF(AND(AM106<=BG106,AM106>=BL106),"PASS","FAIL") -> #DIV/0! | BX106: CoC | BY106: 0.0006 | BZ106: =P106 -> A | CA106: 2 | CB106: =BY106/CA106 -> 0.0003 | CD106: Annual Drift | CE106: 0 | CF106: =BZ106 -> A | CG106: =SQRT(3) -> 1.7320508 | CH106: =CE106/CG106 -> 0 | CJ106: Readability | CK106: 0.001 | CL106: =P106 -> A | CM106: =SQRT(12) -> 3.4641016 | CN106: =CK106/CM106 -> 0.00028867513 | CP106: Repeatability | CQ106: =STDEV(X106:AL106) -> #DIV/0! | CR106: =P106 -> A | CS106: =SQRT(3) -> 1.7320508 | CT106: =CQ106/CS106 -> #DIV/0! | CV106: =SQRT(SUMSQ(CT106,CN106,CH106,CB106)) -> #DIV/0! | CW106: =(CV106^4)/(((CT106^4)/2)+((CN106^4)/200)+((CH106^4)/200)+((CB106^4)/200)) -> #DIV/0! | CX106: =ROUND(TINV(0.05,CW106),0) -> #DIV/0! | CY106: =(CV106*CX106) -> #DIV/0! | CZ106: =P106 -> A | DB106: 0.0016 | DC106: =CZ106 -> A | DD106: =MAX(CY106,DB106) -> #DIV/0! | DE106: =DC106 -> A
L107: =6*90% -> 5.4 | P107: A | S107: - | AM107: =AVERAGE(X107:AL107) -> #DIV/0! | AR107: =AM107-L107 -> #DIV/0! | BB107: =(AM107*1%)+(3*CK107) -> #DIV/0! | BG107: =L107+BB107 -> #DIV/0! | BL107: =L107-BB107 -> #DIV/0! | BQ107: =IF(AND(AM107<=BG107,AM107>=BL107),"PASS","FAIL") -> #DIV/0! | BX107: CoC | BY107: 0.0006 | BZ107: =P107 -> A | CA107: 2 | CB107: =BY107/CA107 -> 0.0003 | CD107: Annual Drift | CE107: 0 | CF107: =BZ107 -> A | CG107: =SQRT(3) -> 1.7320508 | CH107: =CE107/CG107 -> 0 | CJ107: Readability | CK107: 0.001 | CL107: =P107 -> A | CM107: =SQRT(12) -> 3.4641016 | CN107: =CK107/CM107 -> 0.00028867513 | CP107: Repeatability | CQ107: =STDEV(X107:AL107) -> #DIV/0! | CR107: =P107 -> A | CS107: =SQRT(3) -> 1.7320508 | CT107: =CQ107/CS107 -> #DIV/0! | CV107: =SQRT(SUMSQ(CT107,CN107,CH107,CB107)) -> #DIV/0! | CW107: =(CV107^4)/(((CT107^4)/2)+((CN107^4)/200)+((CH107^4)/200)+((CB107^4)/200)) -> #DIV/0! | CX107: =ROUND(TINV(0.05,CW107),0) -> #DIV/0! | CY107: =(CV107*CX107) -> #DIV/0! | CZ107: =P107 -> A | DB107: 0.0016 | DC107: =CZ107 -> A | DD107: =MAX(CY107,DB107) -> #DIV/0! | DE107: =DC107 -> A
F108: 10 A | L108: =10*50% -> 5 | P108: A | S108: - | AM108: =AVERAGE(X108:AL108) -> #DIV/0! | AR108: =AM108-L108 -> #DIV/0! | BB108: =(AM108*1%)+(3*CK108) -> #DIV/0! | BG108: =L108+BB108 -> #DIV/0! | BL108: =L108-BB108 -> #DIV/0! | BQ108: =IF(AND(AM108<=BG108,AM108>=BL108),"PASS","FAIL") -> #DIV/0! | BX108: CoC | BY108: 0.0006 | BZ108: =P108 -> A | CA108: 2 | CB108: =BY108/CA108 -> 0.0003 | CD108: Annual Drift | CE108: 0 | CF108: =BZ108 -> A | CG108: =SQRT(3) -> 1.7320508 | CH108: =CE108/CG108 -> 0 | CJ108: Readability | CK108: 0.01 | CL108: =P108 -> A | CM108: =SQRT(12) -> 3.4641016 | CN108: =CK108/CM108 -> 0.0028867513 | CP108: Repeatability | CQ108: =STDEV(X108:AL108) -> #DIV/0! | CR108: =P108 -> A | CS108: =SQRT(3) -> 1.7320508 | CT108: =CQ108/CS108 -> #DIV/0! | CV108: =SQRT(SUMSQ(CT108,CN108,CH108,CB108)) -> #DIV/0! | CW108: =(CV108^4)/(((CT108^4)/2)+((CN108^4)/200)+((CH108^4)/200)+((CB108^4)/200)) -> #DIV/0! | CX108: =ROUND(TINV(0.05,CW108),0) -> #DIV/0! | CY108: =(CV108*CX108) -> #DIV/0! | CZ108: =P108 -> A | DB108: 0.0016 | DC108: =CZ108 -> A | DD108: =MAX(CY108,DB108) -> #DIV/0! | DE108: =DC108 -> A
L109: =10*90% -> 9 | P109: A | S109: - | AM109: =AVERAGE(X109:AL109) -> #DIV/0! | AR109: =AM109-L109 -> #DIV/0! | BB109: =(AM109*1%)+(3*CK109) -> #DIV/0! | BG109: =L109+BB109 -> #DIV/0! | BL109: =L109-BB109 -> #DIV/0! | BQ109: =IF(AND(AM109<=BG109,AM109>=BL109),"PASS","FAIL") -> #DIV/0! | BX109: CoC | BY109: 0.0006 | BZ109: =P109 -> A | CA109: 2 | CB109: =BY109/CA109 -> 0.0003 | CD109: Annual Drift | CE109: 0 | CF109: =BZ109 -> A | CG109: =SQRT(3) -> 1.7320508 | CH109: =CE109/CG109 -> 0 | CJ109: Readability | CK109: 0.01 | CL109: =P109 -> A | CM109: =SQRT(12) -> 3.4641016 | CN109: =CK109/CM109 -> 0.0028867513 | CP109: Repeatability | CQ109: =STDEV(X109:AL109) -> #DIV/0! | CR109: =P109 -> A | CS109: =SQRT(3) -> 1.7320508 | CT109: =CQ109/CS109 -> #DIV/0! | CV109: =SQRT(SUMSQ(CT109,CN109,CH109,CB109)) -> #DIV/0! | CW109: =(CV109^4)/(((CT109^4)/2)+((CN109^4)/200)+((CH109^4)/200)+((CB109^4)/200)) -> #DIV/0! | CX109: =ROUND(TINV(0.05,CW109),0) -> #DIV/0! | CY109: =(CV109*CX109) -> #DIV/0! | CZ109: =P109 -> A | DB109: 0.0016 | DC109: =CZ109 -> A | DD109: =MAX(CY109,DB109) -> #DIV/0! | DE109: =DC109 -> A
F111: AC Current Test | BB111: Based on Tolerance | BX111: Standard | CD111: Standard | CJ111: Unit Under Test | CP111: Unit Under Test | CV111: Expanded Uncertainty | DB111: MINIMUM CMC | DD111: FINAL UNCERTAINTY DECLARATION
F112: Range | L112: Nominal Value | S112: Frequency | X112: Measured Value | AM112: Average | AR112: Error | BB112: Tolerance | BG112: Upper Limit | BL112: Lower Limit | BQ112: Remarks | BX112: Source | BY112: Uncertainty | BZ112: Unit | CA112: Divisor | CB112: Ui | CD112: Source | CE112: Uncertainty | CF112: Unit | CG112: Divisor | CH112: Ui | CJ112: Source | CK112: Uncertainty | CL112: Unit | CM112: Divisor | CN112: Ui | CP112: Source | CQ112: Uncertainty | CR112: Unit | CS112: Divisor | CT112: Ui | CV112: COMBINED STANDARD | CW112: EFFECTIVE DEGREES | CX112: C. FACTOR, k = student's | CY112: EXPANDED UNCERTAINTY,
X113: 1 | AC113: 2 | AH113: 3 | CV113: UNCERTAINTY, Uc | CW113: OF FREEDOM, Veff | CX113: t for Veff and 95 % C.L. | CY113: U @ 95 % C.L. ±
F114: 6 A | L114: =6*90% -> 5.4 | P114: A | S114: 50 Hz | AM114: =AVERAGE(X114:AL114) -> #DIV/0! | AR114: =AM114-L114 -> #DIV/0! | BB114: =(AM114*1.5%)+(3*CK114) -> #DIV/0! | BG114: =L114+BB114 -> #DIV/0! | BL114: =L114-BB114 -> #DIV/0! | BQ114: =IF(AND(AM114<=BG114,AM114>=BL114),"PASS","FAIL") -> #DIV/0! | BX114: CoC | BY114: 0.002 | BZ114: =P114 -> A | CA114: 2 | CB114: =BY114/CA114 -> 0.001 | CD114: Annual Drift | CE114: 0 | CF114: =BZ114 -> A | CG114: =SQRT(3) -> 1.7320508 | CH114: =CE114/CG114 -> 0 | CJ114: Readability | CK114: 0.001 | CL114: =P114 -> A | CM114: =SQRT(12) -> 3.4641016 | CN114: =CK114/CM114 -> 0.00028867513 | CP114: Repeatability | CQ114: =STDEV(X114:AL114) -> #DIV/0! | CR114: =P114 -> A | CS114: =SQRT(3) -> 1.7320508 | CT114: =CQ114/CS114 -> #DIV/0! | CV114: =SQRT(SUMSQ(CT114,CN114,CH114,CB114)) -> #DIV/0! | CW114: =(CV114^4)/(((CT114^4)/2)+((CN114^4)/200)+((CH114^4)/200)+((CB114^4)/200)) -> #DIV/0! | CX114: =ROUND(TINV(0.05,CW114),0) -> #DIV/0! | CY114: =(CV114*CX114) -> #DIV/0! | CZ114: =P114 -> A | DB114: 0.0029 | DC114: =CZ114 -> A | DD114: =MAX(CY114,DB114) -> #DIV/0! | DE114: =DC114 -> A
L115: =6*90% -> 5.4 | P115: A | S115: 500 Hz | AM115: =AVERAGE(X115:AL115) -> #DIV/0! | AR115: =AM115-L115 -> #DIV/0! | BB115: =(AM115*1.5%)+(3*CK115) -> #DIV/0! | BG115: =L115+BB115 -> #DIV/0! | BL115: =L115-BB115 -> #DIV/0! | BQ115: =IF(AND(AM115<=BG115,AM115>=BL115),"PASS","FAIL") -> #DIV/0! | BX115: CoC | BY115: 0.002 | BZ115: =P115 -> A | CA115: 2 | CB115: =BY115/CA115 -> 0.001 | CD115: Annual Drift | CE115: 0 | CF115: =BZ115 -> A | CG115: =SQRT(3) -> 1.7320508 | CH115: =CE115/CG115 -> 0 | CJ115: Readability | CK115: 0.001 | CL115: =P115 -> A | CM115: =SQRT(12) -> 3.4641016 | CN115: =CK115/CM115 -> 0.00028867513 | CP115: Repeatability | CQ115: =STDEV(X115:AL115) -> #DIV/0! | CR115: =P115 -> A | CS115: =SQRT(3) -> 1.7320508 | CT115: =CQ115/CS115 -> #DIV/0! | CV115: =SQRT(SUMSQ(CT115,CN115,CH115,CB115)) -> #DIV/0! | CW115: =(CV115^4)/(((CT115^4)/2)+((CN115^4)/200)+((CH115^4)/200)+((CB115^4)/200)) -> #DIV/0! | CX115: =ROUND(TINV(0.05,CW115),0) -> #DIV/0! | CY115: =(CV115*CX115) -> #DIV/0! | CZ115: =P115 -> A | DB115: 0.0039 | DC115: =CZ115 -> A | DD115: =MAX(CY115,DB115) -> #DIV/0! | DE115: =DC115 -> A
F116: 10 A | L116: =10*90% -> 9 | P116: A | S116: 50 Hz | AM116: =AVERAGE(X116:AL116) -> #DIV/0! | AR116: =AM116-L116 -> #DIV/0! | BB116: =(AM116*1.5%)+(3*CK116) -> #DIV/0! | BG116: =L116+BB116 -> #DIV/0! | BL116: =L116-BB116 -> #DIV/0! | BQ116: =IF(AND(AM116<=BG116,AM116>=BL116),"PASS","FAIL") -> #DIV/0! | BX116: CoC | BY116: 0.002 | BZ116: =P116 -> A | CA116: 2 | CB116: =BY116/CA116 -> 0.001 | CD116: Annual Drift | CE116: 0 | CF116: =BZ116 -> A | CG116: =SQRT(3) -> 1.7320508 | CH116: =CE116/CG116 -> 0 | CJ116: Readability | CK116: 0.01 | CL116: =P116 -> A | CM116: =SQRT(12) -> 3.4641016 | CN116: =CK116/CM116 -> 0.0028867513 | CP116: Repeatability | CQ116: =STDEV(X116:AL116) -> #DIV/0! | CR116: =P116 -> A | CS116: =SQRT(3) -> 1.7320508 | CT116: =CQ116/CS116 -> #DIV/0! | CV116: =SQRT(SUMSQ(CT116,CN116,CH116,CB116)) -> #DIV/0! | CW116: =(CV116^4)/(((CT116^4)/2)+((CN116^4)/200)+((CH116^4)/200)+((CB116^4)/200)) -> #DIV/0! | CX116: =ROUND(TINV(0.05,CW116),0) -> #DIV/0! | CY116: =(CV116*CX116) -> #DIV/0! | CZ116: =P116 -> A | DB116: 0.0029 | DC116: =CZ116 -> A | DD116: =MAX(CY116,DB116) -> #DIV/0! | DE116: =DC116 -> A
L117: =10*90% -> 9 | P117: A | S117: 500 Hz | AM117: =AVERAGE(X117:AL117) -> #DIV/0! | AR117: =AM117-L117 -> #DIV/0! | BB117: =(AM117*1.5%)+(3*CK117) -> #DIV/0! | BG117: =L117+BB117 -> #DIV/0! | BL117: =L117-BB117 -> #DIV/0! | BQ117: =IF(AND(AM117<=BG117,AM117>=BL117),"PASS","FAIL") -> #DIV/0! | BX117: CoC | BY117: 0.002 | BZ117: =P117 -> A | CA117: 2 | CB117: =BY117/CA117 -> 0.001 | CD117: Annual Drift | CE117: 0 | CF117: =BZ117 -> A | CG117: =SQRT(3) -> 1.7320508 | CH117: =CE117/CG117 -> 0 | CJ117: Readability | CK117: 0.01 | CL117: =P117 -> A | CM117: =SQRT(12) -> 3.4641016 | CN117: =CK117/CM117 -> 0.0028867513 | CP117: Repeatability | CQ117: =STDEV(X117:AL117) -> #DIV/0! | CR117: =P117 -> A | CS117: =SQRT(3) -> 1.7320508 | CT117: =CQ117/CS117 -> #DIV/0! | CV117: =SQRT(SUMSQ(CT117,CN117,CH117,CB117)) -> #DIV/0! | CW117: =(CV117^4)/(((CT117^4)/2)+((CN117^4)/200)+((CH117^4)/200)+((CB117^4)/200)) -> #DIV/0! | CX117: =ROUND(TINV(0.05,CW117),0) -> #DIV/0! | CY117: =(CV117*CX117) -> #DIV/0! | CZ117: =P117 -> A | DB117: 0.0039 | DC117: =CZ117 -> A | DD117: =MAX(CY117,DB117) -> #DIV/0! | DE117: =DC117 -> A
B119: Calibrated By
AK120: =AL11 -> 0
B121: Calibration Officer's Name | U121: Signature | AK121: Date
B122: Checked By
B124: Interim Manager (Electrical) | U124: Signature | AK124: Date
B125: Encoded By
B127: Calibration Officer's Name | U127: Signature | AK127: Date

Sheet PASSFAIL
B2: PASS/FAIL ANALYSIS
B3: Measurement Results | H3: Based on Tolerance | N3: Based on +/- Uncertainty Applied | X3: FINAL REMARKS
B5: =DataSheet!F52 -> DC Voltage Test
B7: Measured Value | D7: Tolerance | F7: Uncertainty | H7: Upper Limit | J7: Lower Limit | L7: Remarks | N7: Measured Value + Uncertainty | P7: Upper Limit | R7: Remarks | T7: Measured Value - Uncertainty | V7: Remarks
B10: =DataSheet!AM55 -> #DIV/0! | C10: =DataSheet!P55 -> mV | D10: =ABS((B10*0.7%)+(3*DataSheet!CK55)) -> #DIV/0! | E10: =C10 -> mV | F10: =DataSheet!DD55 -> #DIV/0! | G10: =E10 -> mV | H10: =DataSheet!L55+D10 -> #DIV/0! | I10: =G10 -> mV | J10: =DataSheet!L55-D10 -> #DIV/0! | K10: =I10 -> mV | L10: =IF(AND(B10<=H10,B10>=J10),"PASSED","FAILED") -> #DIV/0! | N10: =F10+B10 -> #DIV/0! | O10: =G10 -> mV | P10: =H10 -> #DIV/0! | Q10: =O10 -> mV | R10: =IF(AND(N10<=H10,N10>=J10),"PASSED","FAILED") -> #DIV/0! | T10: =-F10+B10 -> #DIV/0! | U10: =O10 -> mV | V10: =IF(AND(T10<=H10,T10>=J10),"PASSED","FAILED") -> #DIV/0! | X10: =IF(AND(L10="PASSED",R10="PASSED",V10="PASSED"),"PASSED",IF(L10="FAILED","FAILED","UNDETERMINED")) -> #DIV/0!
B11: =DataSheet!AM56 -> #DIV/0! | C11: =DataSheet!P56 -> mV | D11: =ABS((B11*0.7%)+(3*DataSheet!CK56)) -> #DIV/0! | E11: =C11 -> mV | F11: =DataSheet!DD56 -> #DIV/0! | G11: =E11 -> mV | H11: =DataSheet!L56+D11 -> #DIV/0! | I11: =G11 -> mV | J11: =DataSheet!L56-D11 -> #DIV/0! | K11: =I11 -> mV | L11: =IF(AND(B11<=H11,B11>=J11),"PASSED","FAILED") -> #DIV/0! | N11: =F11+B11 -> #DIV/0! | O11: =G11 -> mV | P11: =H11 -> #DIV/0! | Q11: =O11 -> mV | R11: =IF(AND(N11<=H11,N11>=J11),"PASSED","FAILED") -> #DIV/0! | T11: =-F11+B11 -> #DIV/0! | U11: =O11 -> mV | V11: =IF(AND(T11<=H11,T11>=J11),"PASSED","FAILED") -> #DIV/0! | X11: =IF(AND(L11="PASSED",R11="PASSED",V11="PASSED"),"PASSED",IF(L11="FAILED","FAILED","UNDETERMINED")) -> #DIV/0!
B12: =DataSheet!AM57 -> #DIV/0! | C12: =DataSheet!P57 -> mV | D12: =ABS((B12*0.7%)-(3*DataSheet!CK57)) -> #DIV/0! | E12: =C12 -> mV | F12: =DataSheet!DD57 -> #DIV/0! | G12: =E12 -> mV | H12: =DataSheet!L57+D12 -> #DIV/0! | I12: =G12 -> mV | J12: =DataSheet!L57-D12 -> #DIV/0! | K12: =I12 -> mV | L12: =IF(AND(B12<=H12,B12>=J12),"PASSED","FAILED") -> #DIV/0! | N12: =F12+B12 -> #DIV/0! | O12: =G12 -> mV | P12: =H12 -> #DIV/0! | Q12: =O12 -> mV | R12: =IF(AND(N12<=H12,N12>=J12),"PASSED","FAILED") -> #DIV/0! | T12: =-F12+B12 -> #DIV/0! | U12: =O12 -> mV | V12: =IF(AND(T12<=H12,T12>=J12),"PASSED","FAILED") -> #DIV/0! | X12: =IF(AND(L12="PASSED",R12="PASSED",V12="PASSED"),"PASSED",IF(L12="FAILED","FAILED","UNDETERMINED")) -> #DIV/0!
B13: =DataSheet!AM58 -> #DIV/0! | C13: =DataSheet!P58 -> V | D13: =ABS((B13*0.7%)+(3*DataSheet!CK58)) -> #DIV/0! | E13: =C13 -> V | F13: =DataSheet!DD58 -> #DIV/0! | G13: =E13 -> V | H13: =DataSheet!L58+D13 -> #DIV/0! | I13: =G13 -> V | J13: =DataSheet!L58-D13 -> #DIV/0! | K13: =I13 -> V | L13: =IF(AND(B13<=H13,B13>=J13),"PASSED","FAILED") -> #DIV/0! | N13: =F13+B13 -> #DIV/0! | O13: =G13 -> V | P13: =H13 -> #DIV/0! | Q13: =O13 -> V | R13: =IF(AND(N13<=H13,N13>=J13),"PASSED","FAILED") -> #DIV/0! | T13: =-F13+B13 -> #DIV/0! | U13: =O13 -> V | V13: =IF(AND(T13<=H13,T13>=J13),"PASSED","FAILED") -> #DIV/0! | X13: =IF(AND(L13="PASSED",R13="PASSED",V13="PASSED"),"PASSED",IF(L13="FAILED","FAILED","UNDETERMINED")) -> #DIV/0!
B14: =DataSheet!AM59 -> #DIV/0! | C14: =DataSheet!P59 -> V | D14: =ABS((B14*0.7%)+(3*DataSheet!CK59)) -> #DIV/0! | E14: =C14 -> V | F14: =DataSheet!DD59 -> #DIV/0! | G14: =E14 -> V | H14: =DataSheet!L59+D14 -> #DIV/0! | I14: =G14 -> V | J14: =DataSheet!L59-D14 -> #DIV/0! | K14: =I14 -> V | L14: =IF(AND(B14<=H14,B14>=J14),"PASSED","FAILED") -> #DIV/0! | N14: =F14+B14 -> #DIV/0! | O14: =G14 -> V | P14: =H14 -> #DIV/0! | Q14: =O14 -> V | R14: =IF(AND(N14<=H14,N14>=J14),"PASSED","FAILED") -> #DIV/0! | T14: =-DataSheet!DD59+B14 -> #DIV/0! | U14: =O14 -> V | V14: =IF(AND(T14<=H14,T14>=J14),"PASSED","FAILED") -> #DIV/0! | X14: =IF(AND(L14="PASSED",R14="PASSED",V14="PASSED"),"PASSED",IF(L14="FAILED","FAILED","UNDETERMINED")) -> #DIV/0!
B15: =DataSheet!AM60 -> #DIV/0! | C15: =DataSheet!P60 -> V | D15: =ABS((B15*0.7%)-(3*DataSheet!CK60)) -> #DIV/0! | E15: =C15 -> V | F15: =DataSheet!DD60 -> #DIV/0! | G15: =E15 -> V | H15: =DataSheet!L60+D15 -> #DIV/0! | I15: =G15 -> V | J15: =DataSheet!L60-D15 -> #DIV/0! | K15: =I15 -> V | L15: =IF(AND(B15<=H15,B15>=J15),"PASSED","FAILED") -> #DIV/0! | N15: =F15+B15 -> #DIV/0! | O15: =G15 -> V | P15: =H15 -> #DIV/0! | Q15: =O15 -> V | R15: =IF(AND(N15<=H15,N15>=J15),"PASSED","FAILED") -> #DIV/0! | T15: =-DataSheet!DD60+B15 -> #DIV/0! | U15: =O15 -> V | V15: =IF(AND(T15<=H15,T15>=J15),"PASSED","FAILED") -> #DIV/0! | X15: =IF(AND(L15="PASSED",R15="PASSED",V15="PASSED"),"PASSED",IF(L15="FAILED","FAILED","UNDETERMINED")) -> #DIV/0!
B16: =DataSheet!AM61 -> #DIV/0! | C16: =DataSheet!P61 -> V | D16: =ABS((B16*0.7%)+(3*DataSheet!CK61)) -> #DIV/0! | E16: =C16 -> V | F16: =DataSheet!DD61 -> #DIV/0! | G16: =E16 -> V | H16: =DataSheet!L61+D16 -> #DIV/0! | I16: =G16 -> V | J16: =DataSheet!L61-D16 -> #DIV/0! | K16: =I16 -> V | L16: =IF(AND(B16<=H16,B16>=J16),"PASSED","FAILED") -> #DIV/0! | N16: =F16+B16 -> #DIV/0! | O16: =G16 -> V | P16: =H16 -> #DIV/0! | Q16: =O16 -> V | R16: =IF(AND(N16<=H16,N16>=J16),"PASSED","FAILED") -> #DIV/0! | T16: =-F16+B16 -> #DIV/0! | U16: =O16 -> V | V16: =IF(AND(T16<=H16,T16>=J16),"PASSED","FAILED") -> #DIV/0! | X16: =IF(AND(L16="PASSED",R16="PASSED",V16="PASSED"),"PASSED",IF(L16="FAILED","FAILED","UNDETERMINED")) -> #DIV/0!
B17: =DataSheet!AM62 -> #DIV/0! | C17: =DataSheet!P62 -> V | D17: =ABS((B17*0.7%)+(3*DataSheet!CK62)) -> #DIV/0! | E17: =C17 -> V | F17: =DataSheet!DD62 -> #DIV/0! | G17: =E17 -> V | H17: =DataSheet!L62+D17 -> #DIV/0! | I17: =G17 -> V | J17: =DataSheet!L62-D17 -> #DIV/0! | K17: =I17 -> V | L17: =IF(AND(B17<=H17,B17>=J17),"PASSED","FAILED") -> #DIV/0! | N17: =F17+B17 -> #DIV/0! | O17: =G17 -> V | P17: =H17 -> #DIV/0! | Q17: =O17 -> V | R17: =IF(AND(N17<=H17,N17>=J17),"PASSED","FAILED") -> #DIV/0! | T17: =-F17+B17 -> #DIV/0! | U17: =O17 -> V | V17: =IF(AND(T17<=H17,T17>=J17),"PASSED","FAILED") -> #DIV/0! | X17: =IF(AND(L17="PASSED",R17="PASSED",V17="PASSED"),"PASSED",IF(L17="FAILED","FAILED","UNDETERMINED")) -> #DIV/0!
B18: =DataSheet!AM63 -> #DIV/0! | C18: =DataSheet!P63 -> V | D18: =ABS((B18*0.7%)+(3*DataSheet!CK63)) -> #DIV/0! | E18: =C18 -> V | F18: =DataSheet!DD63 -> #DIV/0! | G18: =E18 -> V | H18: =DataSheet!L63+D18 -> #DIV/0! | I18: =G18 -> V | J18: =DataSheet!L63-D18 -> #DIV/0! | K18: =I18 -> V | L18: =IF(AND(B18<=H18,B18>=J18),"PASSED","FAILED") -> #DIV/0! | N18: =F18+B18 -> #DIV/0! | O18: =G18 -> V | P18: =H18 -> #DIV/0! | Q18: =O18 -> V | R18: =IF(AND(N18<=H18,N18>=J18),"PASSED","FAILED") -> #DIV/0! | T18: =-F18+B18 -> #DIV/0! | U18: =O18 -> V | V18: =IF(AND(T18<=H18,T18>=J18),"PASSED","FAILED") -> #DIV/0! | X18: =IF(AND(L18="PASSED",R18="PASSED",V18="PASSED"),"PASSED",IF(L18="FAILED","FAILED","UNDETERMINED")) -> #DIV/0!
B19: =DataSheet!AM64 -> #DIV/0! | C19: =DataSheet!P64 -> V | D19: =ABS((B19*0.7%)-(3*DataSheet!CK64)) -> #DIV/0! | E19: =C19 -> V | F19: =DataSheet!DD64 -> #DIV/0! | G19: =E19 -> V | H19: =DataSheet!L64+D19 -> #DIV/0! | I19: =G19 -> V | J19: =DataSheet!L64-D19 -> #DIV/0! | K19: =I19 -> V | L19: =IF(AND(B19<=H19,B19>=J19),"PASSED","FAILED") -> #DIV/0! | N19: =F19+B19 -> #DIV/0! | O19: =G19 -> V | P19: =H19 -> #DIV/0! | Q19: =O19 -> V | R19: =IF(AND(N19<=H19,N19>=J19),"PASSED","FAILED") -> #DIV/0! | T19: =-F19+B19 -> #DIV/0! | U19: =O19 -> V | V19: =IF(AND(T19<=H19,T19>=J19),"PASSED","FAILED") -> #DIV/0! | X19: =IF(AND(L19="PASSED",R19="PASSED",V19="PASSED"),"PASSED",IF(L19="FAILED","FAILED","UNDETERMINED")) -> #DIV/0!
B20: =DataSheet!AM65 -> #DIV/0! | C20: =DataSheet!P65 -> V | D20: =ABS((B20*0.7%)-(3*DataSheet!CK65)) -> #DIV/0! | E20: =C20 -> V | F20: =DataSheet!DD65 -> #DIV/0! | G20: =E20 -> V | H20: =DataSheet!L65+D20 -> #DIV/0! | I20: =G20 -> V | J20: =DataSheet!L65-D20 -> #DIV/0! | K20: =I20 -> V | L20: =IF(AND(B20<=H20,B20>=J20),"PASSED","FAILED") -> #DIV/0! | N20: =F20+B20 -> #DIV/0! | O20: =G20 -> V | P20: =H20 -> #DIV/0! | Q20: =O20 -> V | R20: =IF(AND(N20<=H20,N20>=J20),"PASSED","FAILED") -> #DIV/0! | T20: =-F20+B20 -> #DIV/0! | U20: =O20 -> V | V20: =IF(AND(T20<=H20,T20>=J20),"PASSED","FAILED") -> #DIV/0! | X20: =IF(AND(L20="PASSED",R20="PASSED",V20="PASSED"),"PASSED",IF(L20="FAILED","FAILED","UNDETERMINED")) -> #DIV/0!
B21: =DataSheet!#REF! -> #REF! | C21: =DataSheet!#REF! -> #REF! | D21: =ABS((DataSheet!#REF!*0.7%)+(3*DataSheet!#REF!)) -> #REF! | E21: =C21 -> #REF! | F21: =DataSheet!#REF! -> #REF! | G21: =E21 -> #REF! | H21: =DataSheet!#REF!+D21 -> #REF! | I21: =G21 -> #REF! | J21: =DataSheet!#REF!-D21 -> #REF! | K21: =I21 -> #REF! | L21: =IF(AND(B21<=H21,B21>=J21),"PASSED","FAILED") -> #REF! | N21: =F21+B21 -> #REF! | O21: =G21 -> #REF! | P21: =H21 -> #REF! | Q21: =O21 -> #REF! | R21: =IF(AND(N21<=H21,N21>=J21),"PASSED","FAILED") -> #REF! | T21: =-F21+B21 -> #REF! | U21: =O21 -> #REF! | V21: =IF(AND(T21<=H21,T21>=J21),"PASSED","FAILED") -> #REF! | X21: =IF(AND(L21="PASSED",R21="PASSED",V21="PASSED"),"PASSED",IF(L21="FAILED","FAILED","UNDETERMINED")) -> #REF!
B22: =DataSheet!#REF! -> #REF! | C22: =DataSheet!#REF! -> #REF! | D22: =ABS((DataSheet!#REF!*0.7%)+(3*DataSheet!#REF!)) -> #REF! | E22: =C22 -> #REF! | F22: =DataSheet!#REF! -> #REF! | G22: =E22 -> #REF! | H22: =DataSheet!#REF!+D22 -> #REF! | I22: =G22 -> #REF! | J22: =DataSheet!#REF!-D22 -> #REF! | K22: =I22 -> #REF! | L22: =IF(AND(B22<=H22,B22>=J22),"PASSED","FAILED") -> #REF! | N22: =F22+B22 -> #REF! | O22: =G22 -> #REF! | P22: =H22 -> #REF! | Q22: =O22 -> #REF! | R22: =IF(AND(N22<=H22,N22>=J22),"PASSED","FAILED") -> #REF! | T22: =-F22+B22 -> #REF! | U22: =O22 -> #REF! | V22: =IF(AND(T22<=H22,T22>=J22),"PASSED","FAILED") -> #REF! | X22: =IF(AND(L22="PASSED",R22="PASSED",V22="PASSED"),"PASSED",IF(L22="FAILED","FAILED","UNDETERMINED")) -> #REF!
B23: =DataSheet!#REF! -> #REF! | C23: =DataSheet!#REF! -> #REF! | D23: =ABS((DataSheet!#REF!*0.7%)-(3*DataSheet!#REF!)) -> #REF! | E23: =C23 -> #REF! | F23: =DataSheet!#REF! -> #REF! | G23: =E23 -> #REF! | H23: =DataSheet!#REF!+D23 -> #REF! | I23: =G23 -> #REF! | J23: =DataSheet!#REF!-D23 -> #REF! | K23: =I23 -> #REF! | L23: =IF(AND(B23<=H23,B23>=J23),"PASSED","FAILED") -> #REF! | N23: =F23+B23 -> #REF! | O23: =G23 -> #REF! | P23: =H23 -> #REF! | Q23: =O23 -> #REF! | R23: =IF(AND(N23<=H23,N23>=J23),"PASSED","FAILED") -> #REF! | T23: =-F23+B23 -> #REF! | U23: =O23 -> #REF! | V23: =IF(AND(T23<=H23,T23>=J23),"PASSED","FAILED") -> #REF! | X23: =IF(AND(L23="PASSED",R23="PASSED",V23="PASSED"),"PASSED",IF(L23="FAILED","FAILED","UNDETERMINED")) -> #REF!
B24: =DataSheet!AM66 -> #DIV/0! | C24: =DataSheet!P66 -> V | D24: =ABS((DataSheet!AM66*0.7%)+(3*DataSheet!CK66)) -> #DIV/0! | E24: =C24 -> V | F24: =DataSheet!DD66 -> #DIV/0! | G24: =E24 -> V | H24: =DataSheet!L66+D24 -> #DIV/0! | I24: =G24 -> V | J24: =DataSheet!L66-D24 -> #DIV/0! | K24: =I24 -> V | L24: =IF(AND(B24<=H24,B24>=J24),"PASSED","FAILED") -> #DIV/0! | N24: =F24+B24 -> #DIV/0! | O24: =G24 -> V | P24: =H24 -> #DIV/0! | Q24: =O24 -> V | R24: =IF(AND(N24<=H24,N24>=J24),"PASSED","FAILED") -> #DIV/0! | T24: =-F24+B24 -> #DIV/0! | U24: =O24 -> V | V24: =IF(AND(T24<=H24,T24>=J24),"PASSED","FAILED") -> #DIV/0! | X24: =IF(AND(L24="PASSED",R24="PASSED",V24="PASSED"),"PASSED",IF(L24="FAILED","FAILED","UNDETERMINED")) -> #DIV/0!
B25: =DataSheet!AM67 -> #DIV/0! | C25: =DataSheet!P67 -> V | D25: =ABS((DataSheet!AM67*0.7%)+(3*DataSheet!CK67)) -> #DIV/0! | E25: =C25 -> V | F25: =DataSheet!DD67 -> #DIV/0! | G25: =E25 -> V | H25: =DataSheet!L67+D25 -> #DIV/0! | I25: =G25 -> V | J25: =DataSheet!L67-D25 -> #DIV/0! | K25: =I25 -> V | L25: =IF(AND(B25<=H25,B25>=J25),"PASSED","FAILED") -> #DIV/0! | N25: =F25+B25 -> #DIV/0! | O25: =G25 -> V | P25: =H25 -> #DIV/0! | Q25: =O25 -> V | R25: =IF(AND(N25<=H25,N25>=J25),"PASSED","FAILED") -> #DIV/0! | T25: =-F25+B25 -> #DIV/0! | U25: =O25 -> V | V25: =IF(AND(T25<=H25,T25>=J25),"PASSED","FAILED") -> #DIV/0! | X25: =IF(AND(L25="PASSED",R25="PASSED",V25="PASSED"),"PASSED",IF(L25="FAILED","FAILED","UNDETERMINED")) -> #DIV/0!
B26: =DataSheet!AM68 -> #DIV/0! | C26: =DataSheet!P68 -> V | D26: =ABS((DataSheet!AM68*0.7%)-(3*DataSheet!CK68)) -> #DIV/0! | E26: =C26 -> V | F26: =DataSheet!DD68 -> #DIV/0! | G26: =E26 -> V | H26: =DataSheet!L68+D26 -> #DIV/0! | I26: =G26 -> V | J26: =DataSheet!L68-D26 -> #DIV/0! | K26: =I26 -> V | L26: =IF(AND(B26<=H26,B26>=J26),"PASSED","FAILED") -> #DIV/0! | N26: =F26+B26 -> #DIV/0! | O26: =G26 -> V | P26: =H26 -> #DIV/0! | Q26: =O26 -> V | R26: =IF(AND(N26<=H26,N26>=J26),"PASSED","FAILED") -> #DIV/0! | T26: =-F26+B26 -> #DIV/0! | U26: =O26 -> V | V26: =IF(AND(T26<=H26,T26>=J26),"PASSED","FAILED") -> #DIV/0! | X26: =IF(AND(L26="PASSED",R26="PASSED",V26="PASSED"),"PASSED",IF(L26="FAILED","FAILED","UNDETERMINED")) -> #DIV/0!
B27: =DataSheet!F70 -> AC Voltage Test | X27: FINAL REMARKS
B29: Measured Value | D29: Tolerance | F29: Uncertainty | H29: Upper Limit | J29: Lower Limit | L29: Remarks | N29: Measured + Upper UNC | P29: Upper Limit | R29: Remarks | T29: Measured + Lower UNC | V29: Remarks
B31: =DataSheet!AM77 -> #DIV/0! | C31: =DataSheet!P77 -> V | D31: =ABS((DataSheet!AM77*1.6%)+(9*DataSheet!CK77)) -> #DIV/0! | E31: =C31 -> V | F31: =DataSheet!DD77 -> #DIV/0! | G31: =E31 -> V | H31: =DataSheet!L77+D31 -> #DIV/0! | J31: =DataSheet!L77-D31 -> #DIV/0! | L31: =IF(AND(B31<=H31,B31>=J31),"PASSED","FAILED") -> #DIV/0! | N31: =DataSheet!DD77+B31 -> #DIV/0! | O31: =G31 -> V | P31: =H31 -> #DIV/0! | Q31: =O31 -> V | R31: =IF(AND(N31<=H31,N31>=J31),"PASSED","FAILED") -> #DIV/0! | T31: =-DataSheet!DD77+B31 -> #DIV/0! | U31: =O31 -> V | V31: =IF(AND(T31<=H31,T31>=J31),"PASSED","FAILED") -> #DIV/0! | X31: =IF(AND(L31="PASSED",R31="PASSED",V31="PASSED"),"PASSED",IF(L31="FAILED","FAILED","UNDETERMINED")) -> #DIV/0!
B32: =DataSheet!AM78 -> #DIV/0! | C32: =DataSheet!P78 -> V | D32: =ABS((DataSheet!AM78*1.6%)+(9*DataSheet!CK78)) -> #DIV/0! | E32: =C32 -> V | F32: =DataSheet!DD78 -> #DIV/0! | G32: =E32 -> V | H32: =DataSheet!L78+D32 -> #DIV/0! | J32: =DataSheet!L78-D32 -> #DIV/0! | L32: =IF(AND(B32<=H32,B32>=J32),"PASSED","FAILED") -> #DIV/0! | N32: =DataSheet!DD78+B32 -> #DIV/0! | O32: =G32 -> V | P32: =H32 -> #DIV/0! | Q32: =O32 -> V | R32: =IF(AND(N32<=H32,N32>=J32),"PASSED","FAILED") -> #DIV/0! | T32: =-DataSheet!DD78+B32 -> #DIV/0! | U32: =O32 -> V | V32: =IF(AND(T32<=H32,T32>=J32),"PASSED","FAILED") -> #DIV/0! | X32: =IF(AND(L32="PASSED",R32="PASSED",V32="PASSED"),"PASSED",IF(L32="FAILED","FAILED","UNDETERMINED")) -> #DIV/0!
B33: =DataSheet!AM79 -> #DIV/0! | C33: =DataSheet!P79 -> V | D33: =ABS((DataSheet!AM79*1.6%)+(9*DataSheet!CK79)) -> #DIV/0! | E33: =C33 -> V | F33: =DataSheet!DD79 -> #DIV/0! | G33: =E33 -> V | H33: =DataSheet!L79+D33 -> #DIV/0! | J33: =DataSheet!L79-D33 -> #DIV/0! | L33: =IF(AND(B33<=H33,B33>=J33),"PASSED","FAILED") -> #DIV/0! | N33: =DataSheet!DD79+B33 -> #DIV/0! | O33: =G33 -> V | P33: =H33 -> #DIV/0! | Q33: =O33 -> V | R33: =IF(AND(N33<=H33,N33>=J33),"PASSED","FAILED") -> #DIV/0! | T33: =-DataSheet!DD79+B33 -> #DIV/0! | U33: =O33 -> V | V33: =IF(AND(T33<=H33,T33>=J33),"PASSED","FAILED") -> #DIV/0! | X33: =IF(AND(L33="PASSED",R33="PASSED",V33="PASSED"),"PASSED",IF(L33="FAILED","FAILED","UNDETERMINED")) -> #DIV/0!
B34: =DataSheet!AM80 -> #DIV/0! | C34: =DataSheet!P80 -> V | D34: =ABS((DataSheet!AM80*1.6%)+(9*DataSheet!CK80)) -> #DIV/0! | E34: =C34 -> V | F34: =DataSheet!DD80 -> #DIV/0! | G34: =E34 -> V | H34: =DataSheet!L80+D34 -> #DIV/0! | J34: =DataSheet!L80-D34 -> #DIV/0! | L34: =IF(AND(B34<=H34,B34>=J34),"PASSED","FAILED") -> #DIV/0! | N34: =DataSheet!DD80+B34 -> #DIV/0! | O34: =G34 -> V | P34: =H34 -> #DIV/0! | Q34: =O34 -> V | R34: =IF(AND(N34<=H34,N34>=J34),"PASSED","FAILED") -> #DIV/0! | T34: =-DataSheet!DD80+B34 -> #DIV/0! | U34: =O34 -> V | V34: =IF(AND(T34<=H34,T34>=J34),"PASSED","FAILED") -> #DIV/0! | X34: =IF(AND(L34="PASSED",R34="PASSED",V34="PASSED"),"PASSED",IF(L34="FAILED","FAILED","UNDETERMINED")) -> #DIV/0!
B35: =DataSheet!AM81 -> #DIV/0! | C35: =DataSheet!P81 -> V | D35: =ABS((DataSheet!AM81*1.6%)+(9*DataSheet!CK81)) -> #DIV/0! | E35: =C35 -> V | F35: =DataSheet!DD81 -> #DIV/0! | G35: =E35 -> V | H35: =DataSheet!L81+D35 -> #DIV/0! | J35: =DataSheet!L81-D35 -> #DIV/0! | L35: =IF(AND(B35<=H35,B35>=J35),"PASSED","FAILED") -> #DIV/0! | N35: =DataSheet!DD81+B35 -> #DIV/0! | O35: =G35 -> V | P35: =H35 -> #DIV/0! | Q35: =O35 -> V | R35: =IF(AND(N35<=H35,N35>=J35),"PASSED","FAILED") -> #DIV/0! | T35: =-F35+B35 -> #DIV/0! | U35: =O35 -> V | V35: =IF(AND(T35<=H35,T35>=J35),"PASSED","FAILED") -> #DIV/0! | X35: =IF(AND(L35="PASSED",R35="PASSED",V35="PASSED"),"PASSED",IF(L35="FAILED","FAILED","UNDETERMINED")) -> #DIV/0!
B36: =DataSheet!AM82 -> #DIV/0! | C36: =DataSheet!P82 -> V | D36: =ABS((DataSheet!AM82*1.6%)+(9*DataSheet!CK82)) -> #DIV/0! | E36: =C36 -> V | F36: =DataSheet!DD82 -> #DIV/0! | G36: =E36 -> V | H36: =DataSheet!L82+D36 -> #DIV/0! | J36: =DataSheet!L82-D36 -> #DIV/0! | L36: =IF(AND(B36<=H36,B36>=J36),"PASSED","FAILED") -> #DIV/0! | N36: =DataSheet!DD82+B36 -> #DIV/0! | O36: =G36 -> V | P36: =H36 -> #DIV/0! | Q36: =O36 -> V | R36: =IF(AND(N36<=H36,N36>=J36),"PASSED","FAILED") -> #DIV/0! | T36: =-F36+B36 -> #DIV/0! | U36: =O36 -> V | V36: =IF(AND(T36<=H36,T36>=J36),"PASSED","FAILED") -> #DIV/0! | X36: =IF(AND(L36="PASSED",R36="PASSED",V36="PASSED"),"PASSED",IF(L36="FAILED","FAILED","UNDETERMINED")) -> #DIV/0!
B37: =DataSheet!AM83 -> #DIV/0! | C37: =DataSheet!P83 -> V | D37: =ABS((DataSheet!AM83*1.6%)+(9*DataSheet!CK83)) -> #DIV/0! | E37: =C37 -> V | F37: =DataSheet!DD83 -> #DIV/0! | G37: =E37 -> V | H37: =DataSheet!L83+D37 -> #DIV/0! | J37: =DataSheet!L83-D37 -> #DIV/0! | L37: =IF(AND(B37<=H37,B37>=J37),"PASSED","FAILED") -> #DIV/0! | N37: =DataSheet!DD83+B37 -> #DIV/0! | O37: =G37 -> V | P37: =H37 -> #DIV/0! | Q37: =O37 -> V | R37: =IF(AND(N37<=H37,N37>=J37),"PASSED","FAILED") -> #DIV/0! | T37: =-F37+B37 -> #DIV/0! | U37: =O37 -> V | V37: =IF(AND(T37<=H37,T37>=J37),"PASSED","FAILED") -> #DIV/0! | X37: =IF(AND(L37="PASSED",R37="PASSED",V37="PASSED"),"PASSED",IF(L37="FAILED","FAILED","UNDETERMINED")) -> #DIV/0!
B38: =DataSheet!AM84 -> #DIV/0! | C38: =DataSheet!P84 -> V | D38: =ABS((DataSheet!AM84*1.6%)+(9*DataSheet!CK84)) -> #DIV/0! | E38: =C38 -> V | F38: =DataSheet!DD84 -> #DIV/0! | G38: =E38 -> V | H38: =DataSheet!L84+D38 -> #DIV/0! | J38: =DataSheet!L84-D38 -> #DIV/0! | L38: =IF(AND(B38<=H38,B38>=J38),"PASSED","FAILED") -> #DIV/0! | N38: =DataSheet!DD84+B38 -> #DIV/0! | O38: =G38 -> V | P38: =H38 -> #DIV/0! | Q38: =O38 -> V | R38: =IF(AND(N38<=H38,N38>=J38),"PASSED","FAILED") -> #DIV/0! | T38: =-F38+B38 -> #DIV/0! | U38: =O38 -> V | V38: =IF(AND(T38<=H38,T38>=J38),"PASSED","FAILED") -> #DIV/0! | X38: =IF(AND(L38="PASSED",R38="PASSED",V38="PASSED"),"PASSED",IF(L38="FAILED","FAILED","UNDETERMINED")) -> #DIV/0!
B39: =DataSheet!AM85 -> #DIV/0! | C39: =DataSheet!P85 -> V | D39: =ABS((DataSheet!AM85*1.6%)+(9*DataSheet!CK85)) -> #DIV/0! | E39: =C39 -> V | F39: =DataSheet!DD85 -> #DIV/0! | G39: =E39 -> V | H39: =DataSheet!L85+D39 -> #DIV/0! | J39: =DataSheet!L85-D39 -> #DIV/0! | L39: =IF(AND(B39<=H39,B39>=J39),"PASSED","FAILED") -> #DIV/0! | N39: =DataSheet!DD85+B39 -> #DIV/0! | O39: =G39 -> V | P39: =H39 -> #DIV/0! | Q39: =O39 -> V | R39: =IF(AND(N39<=H39,N39>=J39),"PASSED","FAILED") -> #DIV/0! | T39: =-F39+B39 -> #DIV/0! | U39: =O39 -> V | V39: =IF(AND(T39<=H39,T39>=J39),"PASSED","FAILED") -> #DIV/0! | X39: =IF(AND(L39="PASSED",R39="PASSED",V39="PASSED"),"PASSED",IF(L39="FAILED","FAILED","UNDETERMINED")) -> #DIV/0!
B40: =DataSheet!AM86 -> #DIV/0! | C40: =DataSheet!P86 -> V | D40: =ABS((DataSheet!AM86*1.6%)+(9*DataSheet!CK86)) -> #DIV/0! | E40: =C40 -> V | F40: =DataSheet!DD86 -> #DIV/0! | G40: =E40 -> V | H40: =DataSheet!L86+D40 -> #DIV/0! | J40: =DataSheet!L86-D40 -> #DIV/0! | L40: =IF(AND(B40<=H40,B40>=J40),"PASSED","FAILED") -> #DIV/0! | N40: =DataSheet!DD86+B40 -> #DIV/0! | O40: =G40 -> V | P40: =H40 -> #DIV/0! | Q40: =O40 -> V | R40: =IF(AND(N40<=H40,N40>=J40),"PASSED","FAILED") -> #DIV/0! | T40: =-F40+B40 -> #DIV/0! | U40: =O40 -> V | V40: =IF(AND(T40<=H40,T40>=J40),"PASSED","FAILED") -> #DIV/0! | X40: =IF(AND(L40="PASSED",R40="PASSED",V40="PASSED"),"PASSED",IF(L40="FAILED","FAILED","UNDETERMINED")) -> #DIV/0!
B41: =DataSheet!#REF! -> #REF! | C41: =DataSheet!#REF! -> #REF! | D41: =ABS((DataSheet!#REF!*1.6%)+(9*DataSheet!#REF!)) -> #REF! | E41: =C41 -> #REF! | F41: =DataSheet!#REF! -> #REF! | G41: =E41 -> #REF! | H41: =DataSheet!#REF!+D41 -> #REF! | J41: =DataSheet!#REF!-D41 -> #REF! | L41: =IF(AND(B41<=H41,B41>=J41),"PASSED","FAILED") -> #REF! | N41: =DataSheet!#REF!+B41 -> #REF! | O41: =G41 -> #REF! | P41: =H41 -> #REF! | Q41: =O41 -> #REF! | R41: =IF(AND(N41<=H41,N41>=J41),"PASSED","FAILED") -> #REF! | T41: =-F41+B41 -> #REF! | U41: =O41 -> #REF! | V41: =IF(AND(T41<=H41,T41>=J41),"PASSED","FAILED") -> #REF! | X41: =IF(AND(L41="PASSED",R41="PASSED",V41="PASSED"),"PASSED",IF(L41="FAILED","FAILED","UNDETERMINED")) -> #REF!
B42: =DataSheet!#REF! -> #REF! | C42: =DataSheet!#REF! -> #REF! | D42: =ABS((DataSheet!#REF!*1.6%)+(9*DataSheet!#REF!)) -> #REF! | E42: =C42 -> #REF! | F42: =DataSheet!#REF! -> #REF! | G42: =E42 -> #REF! | H42: =DataSheet!#REF!+D42 -> #REF! | J42: =DataSheet!#REF!-D42 -> #REF! | L42: =IF(AND(B42<=H42,B42>=J42),"PASSED","FAILED") -> #REF! | N42: =DataSheet!#REF!+B42 -> #REF! | O42: =G42 -> #REF! | P42: =H42 -> #REF! | Q42: =O42 -> #REF! | R42: =IF(AND(N42<=H42,N42>=J42),"PASSED","FAILED") -> #REF! | T42: =-F42+B42 -> #REF! | U42: =O42 -> #REF! | V42: =IF(AND(T42<=H42,T42>=J42),"PASSED","FAILED") -> #REF! | X42: =IF(AND(L42="PASSED",R42="PASSED",V42="PASSED"),"PASSED",IF(L42="FAILED","FAILED","UNDETERMINED")) -> #REF!
B43: =DataSheet!#REF! -> #REF! | C43: =DataSheet!#REF! -> #REF! | D43: =ABS((DataSheet!#REF!*1.6%)+(9*DataSheet!#REF!)) -> #REF! | E43: =C43 -> #REF! | F43: =DataSheet!#REF! -> #REF! | G43: =E43 -> #REF! | H43: =DataSheet!#REF!+D43 -> #REF! | J43: =DataSheet!#REF!-D43 -> #REF! | L43: =IF(AND(B43<=H43,B43>=J43),"PASSED","FAILED") -> #REF! | N43: =DataSheet!#REF!+B43 -> #REF! | O43: =G43 -> #REF! | P43: =H43 -> #REF! | Q43: =O43 -> #REF! | R43: =IF(AND(N43<=H43,N43>=J43),"PASSED","FAILED") -> #REF! | T43: =-F43+B43 -> #REF! | U43: =O43 -> #REF! | V43: =IF(AND(T43<=H43,T43>=J43),"PASSED","FAILED") -> #REF! | X43: =IF(AND(L43="PASSED",R43="PASSED",V43="PASSED"),"PASSED",IF(L43="FAILED","FAILED","UNDETERMINED")) -> #REF!
B44: =DataSheet!#REF! -> #REF! | C44: =DataSheet!#REF! -> #REF! | D44: =ABS((DataSheet!#REF!*1.6%)+(9*DataSheet!#REF!)) -> #REF! | E44: =C44 -> #REF! | F44: =DataSheet!#REF! -> #REF! | G44: =E44 -> #REF! | H44: =DataSheet!#REF!+D44 -> #REF! | J44: =DataSheet!#REF!-D44 -> #REF! | L44: =IF(AND(B44<=H44,B44>=J44),"PASSED","FAILED") -> #REF! | N44: =DataSheet!#REF!+B44 -> #REF! | O44: =G44 -> #REF! | P44: =H44 -> #REF! | Q44: =O44 -> #REF! | R44: =IF(AND(N44<=H44,N44>=J44),"PASSED","FAILED") -> #REF! | T44: =-F44+B44 -> #REF! | U44: =O44 -> #REF! | V44: =IF(AND(T44<=H44,T44>=J44),"PASSED","FAILED") -> #REF! | X44: =IF(AND(L44="PASSED",R44="PASSED",V44="PASSED"),"PASSED",IF(L44="FAILED","FAILED","UNDETERMINED")) -> #REF!
B45: =DataSheet!AM87 -> #DIV/0! | C45: =DataSheet!P87 -> V | D45: =ABS((DataSheet!AM87*1.6%)+(9*DataSheet!CK87)) -> #DIV/0! | E45: =C45 -> V | F45: =DataSheet!DD87 -> #DIV/0! | G45: =E45 -> V | H45: =DataSheet!L87+D45 -> #DIV/0! | J45: =DataSheet!L87-D45 -> #DIV/0! | L45: =IF(AND(B45<=H45,B45>=J45),"PASSED","FAILED") -> #DIV/0! | N45: =DataSheet!DD87+B45 -> #DIV/0! | O45: =G45 -> V | P45: =H45 -> #DIV/0! | Q45: =O45 -> V | R45: =IF(AND(N45<=H45,N45>=J45),"PASSED","FAILED") -> #DIV/0! | T45: =-F45+B45 -> #DIV/0! | U45: =O45 -> V | V45: =IF(AND(T45<=H45,T45>=J45),"PASSED","FAILED") -> #DIV/0! | X45: =IF(AND(L45="PASSED",R45="PASSED",V45="PASSED"),"PASSED",IF(L45="FAILED","FAILED","UNDETERMINED")) -> #DIV/0!
B46: =DataSheet!AM88 -> #DIV/0! | C46: =DataSheet!P88 -> V | D46: =ABS((DataSheet!AM88*1.6%)+(9*DataSheet!CK88)) -> #DIV/0! | E46: =C46 -> V | F46: =DataSheet!DD88 -> #DIV/0! | G46: =E46 -> V | H46: =DataSheet!L88+D46 -> #DIV/0! | J46: =DataSheet!L88-D46 -> #DIV/0! | L46: =IF(AND(B46<=H46,B46>=J46),"PASSED","FAILED") -> #DIV/0! | N46: =DataSheet!DD88+B46 -> #DIV/0! | O46: =G46 -> V | P46: =H46 -> #DIV/0! | Q46: =O46 -> V | R46: =IF(AND(N46<=H46,N46>=J46),"PASSED","FAILED") -> #DIV/0! | T46: =-F46+B46 -> #DIV/0! | U46: =O46 -> V | V46: =IF(AND(T46<=H46,T46>=J46),"PASSED","FAILED") -> #DIV/0! | X46: =IF(AND(L46="PASSED",R46="PASSED",V46="PASSED"),"PASSED",IF(L46="FAILED","FAILED","UNDETERMINED")) -> #DIV/0!
B47: =DataSheet!AM89 -> #DIV/0! | C47: =DataSheet!P89 -> V | D47: =ABS((DataSheet!AM89*1.6%)+(9*DataSheet!CK89)) -> #DIV/0! | E47: =C47 -> V | F47: =DataSheet!DD89 -> #DIV/0! | G47: =E47 -> V | H47: =DataSheet!L89+D47 -> #DIV/0! | J47: =DataSheet!L89-D47 -> #DIV/0! | L47: =IF(AND(B47<=H47,B47>=J47),"PASSED","FAILED") -> #DIV/0! | N47: =DataSheet!DD89+B47 -> #DIV/0! | O47: =G47 -> V | P47: =H47 -> #DIV/0! | Q47: =O47 -> V | R47: =IF(AND(N47<=H47,N47>=J47),"PASSED","FAILED") -> #DIV/0! | T47: =-F47+B47 -> #DIV/0! | U47: =O47 -> V | V47: =IF(AND(T47<=H47,T47>=J47),"PASSED","FAILED") -> #DIV/0! | X47: =IF(AND(L47="PASSED",R47="PASSED",V47="PASSED"),"PASSED",IF(L47="FAILED","FAILED","UNDETERMINED")) -> #DIV/0!
B48: =DataSheet!AM90 -> #DIV/0! | C48: =DataSheet!P90 -> V | D48: =ABS((DataSheet!AM90*1.6%)+(9*DataSheet!CK90)) -> #DIV/0! | E48: =C48 -> V | F48: =DataSheet!DD90 -> #DIV/0! | G48: =E48 -> V | H48: =DataSheet!L90+D48 -> #DIV/0! | J48: =DataSheet!L90-D48 -> #DIV/0! | L48: =IF(AND(B48<=H48,B48>=J48),"PASSED","FAILED") -> #DIV/0! | N48: =DataSheet!DD90+B48 -> #DIV/0! | O48: =G48 -> V | P48: =H48 -> #DIV/0! | Q48: =O48 -> V | R48: =IF(AND(N48<=H48,N48>=J48),"PASSED","FAILED") -> #DIV/0! | T48: =-F48+B48 -> #DIV/0! | U48: =O48 -> V | V48: =IF(AND(T48<=H48,T48>=J48),"PASSED","FAILED") -> #DIV/0! | X48: =IF(AND(L48="PASSED",R48="PASSED",V48="PASSED"),"PASSED",IF(L48="FAILED","FAILED","UNDETERMINED")) -> #DIV/0!
B49: =DataSheet!F92 -> Resistance Test | X49: FINAL REMARKS
B51: Measured Value | D51: Tolerance | F51: Uncertainty | H51: Upper Limit | J51: Lower Limit | L51: Remarks | N51: Measured + Upper UNC | P51: Upper Limit | R51: Remarks | T51: Measured + Lower UNC | V51: Remarks
B53: =DataSheet!AM95 -> #DIV/0! | C53: =DataSheet!P95 -> Ω | D53: =ABS((DataSheet!AM95*1.5%)+(5*DataSheet!CK95)) -> #DIV/0! | E53: =C53 -> Ω | F53: =DataSheet!DD95 -> #DIV/0! | G53: =C53 -> Ω | H53: =DataSheet!L95+D53 -> #DIV/0! | J53: =DataSheet!L95-D53 -> #DIV/0! | L53: =IF(AND(B53<=H53,B53>=J53),"PASSED","FAILED") -> #DIV/0! | N53: =DataSheet!DD95+B53 -> #DIV/0! | O53: =G53 -> Ω | P53: =H53 -> #DIV/0! | Q53: =O53 -> Ω | R53: =IF(AND(N53<=H53,N53>=J53),"PASSED","FAILED") -> #DIV/0! | T53: =-F53+B53 -> #DIV/0! | U53: =O53 -> Ω | V53: =IF(AND(T53<=H53,T53>=J53),"PASSED","FAILED") -> #DIV/0! | X53: =IF(AND(L53="PASSED",R53="PASSED",V53="PASSED"),"PASSED",IF(L53="FAILED","FAILED","UNDETERMINED")) -> #DIV/0!
B54: =DataSheet!AM96 -> #DIV/0! | C54: =DataSheet!P96 -> Ω | D54: =ABS((DataSheet!AM96*1.5%)+(5*DataSheet!CK96)) -> #DIV/0! | E54: =C54 -> Ω | F54: =DataSheet!DD96 -> #DIV/0! | G54: =C54 -> Ω | H54: =DataSheet!L96+D54 -> #DIV/0! | J54: =DataSheet!L96-D54 -> #DIV/0! | L54: =IF(AND(B54<=H54,B54>=J54),"PASSED","FAILED") -> #DIV/0! | N54: =DataSheet!DD96+B54 -> #DIV/0! | O54: =G54 -> Ω | P54: =H54 -> #DIV/0! | Q54: =O54 -> Ω | R54: =IF(AND(N54<=H54,N54>=J54),"PASSED","FAILED") -> #DIV/0! | T54: =-F54+B54 -> #DIV/0! | U54: =O54 -> Ω | V54: =IF(AND(T54<=H54,T54>=J54),"PASSED","FAILED") -> #DIV/0! | X54: =IF(AND(L54="PASSED",R54="PASSED",V54="PASSED"),"PASSED",IF(L54="FAILED","FAILED","UNDETERMINED")) -> #DIV/0!
B55: =DataSheet!AM97 -> #DIV/0! | C55: =DataSheet!P97 -> kΩ | D55: =ABS((DataSheet!AM97*1.5%)+(5*DataSheet!CK97)) -> #DIV/0! | E55: =C55 -> kΩ | F55: =DataSheet!DD97 -> #DIV/0! | G55: =C55 -> kΩ | H55: =DataSheet!L97+D55 -> #DIV/0! | J55: =DataSheet!L97-D55 -> #DIV/0! | L55: =IF(AND(B55<=H55,B55>=J55),"PASSED","FAILED") -> #DIV/0! | N55: =DataSheet!DD97+B55 -> #DIV/0! | O55: =G55 -> kΩ | P55: =H55 -> #DIV/0! | Q55: =O55 -> kΩ | R55: =IF(AND(N55<=H55,N55>=J55),"PASSED","FAILED") -> #DIV/0! | T55: =-DataSheet!DD97+B55 -> #DIV/0! | U55: =O55 -> kΩ | V55: =IF(AND(T55<=H55,T55>=J55),"PASSED","FAILED") -> #DIV/0! | X55: =IF(AND(L55="PASSED",R55="PASSED",V55="PASSED"),"PASSED",IF(L55="FAILED","FAILED","UNDETERMINED")) -> #DIV/0!
B56: =DataSheet!AM98 -> #DIV/0! | C56: =DataSheet!P98 -> kΩ | D56: =ABS((DataSheet!AM98*1.5%)+(5*DataSheet!CK98)) -> #DIV/0! | E56: =C56 -> kΩ | F56: =DataSheet!DD98 -> #DIV/0! | G56: =C56 -> kΩ | H56: =DataSheet!L98+D56 -> #DIV/0! | J56: =DataSheet!L98-D56 -> #DIV/0! | L56: =IF(AND(B56<=H56,B56>=J56),"PASSED","FAILED") -> #DIV/0! | N56: =DataSheet!DD98+B56 -> #DIV/0! | O56: =G56 -> kΩ | P56: =H56 -> #DIV/0! | Q56: =O56 -> kΩ | R56: =IF(AND(N56<=H56,N56>=J56),"PASSED","FAILED") -> #DIV/0! | T56: =-F56+B56 -> #DIV/0! | U56: =O56 -> kΩ | V56: =IF(AND(T56<=H56,T56>=J56),"PASSED","FAILED") -> #DIV/0! | X56: =IF(AND(L56="PASSED",R56="PASSED",V56="PASSED"),"PASSED",IF(L56="FAILED","FAILED","UNDETERMINED")) -> #DIV/0!
B57: =DataSheet!AM99 -> #DIV/0! | C57: =DataSheet!P99 -> kΩ | D57: =ABS((DataSheet!AM99*1.5%)+(5*DataSheet!CK99)) -> #DIV/0! | E57: =C57 -> kΩ | F57: =DataSheet!DD99 -> #DIV/0! | G57: =C57 -> kΩ | H57: =DataSheet!L99+D57 -> #DIV/0! | J57: =DataSheet!L99-D57 -> #DIV/0! | L57: =IF(AND(B57<=H57,B57>=J57),"PASSED","FAILED") -> #DIV/0! | N57: =DataSheet!DD99+B57 -> #DIV/0! | O57: =G57 -> kΩ | P57: =H57 -> #DIV/0! | Q57: =O57 -> kΩ | R57: =IF(AND(N57<=H57,N57>=J57),"PASSED","FAILED") -> #DIV/0! | T57: =-F57+B57 -> #DIV/0! | U57: =O57 -> kΩ | V57: =IF(AND(T57<=H57,T57>=J57),"PASSED","FAILED") -> #DIV/0! | X57: =IF(AND(L57="PASSED",R57="PASSED",V57="PASSED"),"PASSED",IF(L57="FAILED","FAILED","UNDETERMINED")) -> #DIV/0!
B58: =DataSheet!#REF! -> #REF! | C58: =DataSheet!#REF! -> #REF! | D58: =ABS((DataSheet!#REF!*1.5%)+(5*DataSheet!#REF!)) -> #REF! | E58: =C58 -> #REF! | F58: =DataSheet!#REF! -> #REF! | G58: =C58 -> #REF! | H58: =DataSheet!#REF!+D58 -> #REF! | J58: =DataSheet!#REF!-D58 -> #REF! | L58: =IF(AND(B58<=H58,B58>=J58),"PASSED","FAILED") -> #REF! | N58: =DataSheet!#REF!+B58 -> #REF! | O58: =G58 -> #REF! | P58: =H58 -> #REF! | Q58: =O58 -> #REF! | R58: =IF(AND(N58<=H58,N58>=J58),"PASSED","FAILED") -> #REF! | T58: =-DataSheet!#REF!+B58 -> #REF! | U58: =O58 -> #REF! | V58: =IF(AND(T58<=H58,T58>=J58),"PASSED","FAILED") -> #REF! | X58: =IF(AND(L58="PASSED",R58="PASSED",V58="PASSED"),"PASSED",IF(L58="FAILED","FAILED","UNDETERMINED")) -> #REF!
B59: =DataSheet!AM101 -> #DIV/0! | C59: =DataSheet!P101 -> MΩ | D59: =ABS((DataSheet!AM101*1.5%)+(5*DataSheet!CK101)) -> #DIV/0! | E59: =C59 -> MΩ | F59: =DataSheet!DD101 -> #DIV/0! | G59: =C59 -> MΩ | H59: =DataSheet!L101+D59 -> #DIV/0! | J59: =DataSheet!L101-D59 -> #DIV/0! | L59: =IF(AND(B59<=H59,B59>=J59),"PASSED","FAILED") -> #DIV/0! | N59: =DataSheet!DD101+B59 -> #DIV/0! | O59: =G59 -> MΩ | P59: =H59 -> #DIV/0! | Q59: =O59 -> MΩ | R59: =IF(AND(N59<=H59,N59>=J59),"PASSED","FAILED") -> #DIV/0! | T59: =-F59+B59 -> #DIV/0! | U59: =O59 -> MΩ | V59: =IF(AND(T59<=H59,T59>=J59),"PASSED","FAILED") -> #DIV/0! | X59: =IF(AND(L59="PASSED",R59="PASSED",V59="PASSED"),"PASSED",IF(L59="FAILED","FAILED","UNDETERMINED")) -> #DIV/0!
B60: =DataSheet!F103 -> DC Current Test | X60: FINAL REMARKS
B62: Measured Value | D62: Tolerance | F62: Uncertainty | H62: Upper Limit | J62: Lower Limit | L62: Remarks | N62: Measured + Upper UNC | P62: Upper Limit | R62: Remarks | T62: Measured + Lower UNC | V62: Remarks
B64: =DataSheet!AM106 -> #DIV/0! | C64: =DataSheet!P106 -> A | D64: =ABS((DataSheet!AM106*2.2%)+(5*DataSheet!CK106)) -> #DIV/0! | E64: =C64 -> A | F64: =DataSheet!DD106 -> #DIV/0! | G64: =C64 -> A | H64: =DataSheet!L106+D64 -> #DIV/0! | J64: =DataSheet!L106-D64 -> #DIV/0! | L64: =IF(AND(B64<=H64,B64>=J64),"PASSED","FAILED") -> #DIV/0! | N64: =DataSheet!DD106+B64 -> #DIV/0! | O64: =G64 -> A | P64: =H64 -> #DIV/0! | Q64: =O64 -> A | R64: =IF(AND(N64<=H64,N64>=J64),"PASSED","FAILED") -> #DIV/0! | T64: =-F64+B64 -> #DIV/0! | U64: =O64 -> A | V64: =IF(AND(T64<=H64,T64>=J64),"PASSED","FAILED") -> #DIV/0! | X64: =IF(AND(L64="PASSED",R64="PASSED",V64="PASSED"),"PASSED",IF(L64="FAILED","FAILED","UNDETERMINED")) -> #DIV/0!
B65: =DataSheet!AM107 -> #DIV/0! | C65: =DataSheet!P107 -> A | D65: =ABS((DataSheet!AM107*2.2%)-(5*DataSheet!CK107)) -> #DIV/0! | E65: =C65 -> A | F65: =DataSheet!DD107 -> #DIV/0! | G65: =C65 -> A | H65: =DataSheet!L107+D65 -> #DIV/0! | J65: =DataSheet!L107-D65 -> #DIV/0! | L65: =IF(AND(B65<=H65,B65>=J65),"PASSED","FAILED") -> #DIV/0! | N65: =DataSheet!DD107+B65 -> #DIV/0! | O65: =G65 -> A | P65: =H65 -> #DIV/0! | Q65: =O65 -> A | R65: =IF(AND(N65<=H65,N65>=J65),"PASSED","FAILED") -> #DIV/0! | T65: =-F65+B65 -> #DIV/0! | U65: =O65 -> A | V65: =IF(AND(T65<=H65,T65>=J65),"PASSED","FAILED") -> #DIV/0! | X65: =IF(AND(L65="PASSED",R65="PASSED",V65="PASSED"),"PASSED",IF(L65="FAILED","FAILED","UNDETERMINED")) -> #DIV/0!
B66: =DataSheet!AM109 -> #DIV/0! | C66: =DataSheet!P109 -> A | D66: =ABS((DataSheet!AM109*2.2%)+(5*DataSheet!CK109)) -> #DIV/0! | E66: =C66 -> A | F66: =DataSheet!DD109 -> #DIV/0! | G66: =C66 -> A | H66: =DataSheet!L109+D66 -> #DIV/0! | J66: =DataSheet!L109-D66 -> #DIV/0! | L66: =IF(AND(B66<=H66,B66>=J66),"PASSED","FAILED") -> #DIV/0! | N66: =DataSheet!DD109+B66 -> #DIV/0! | O66: =G66 -> A | P66: =H66 -> #DIV/0! | Q66: =O66 -> A | R66: =IF(AND(N66<=H66,N66>=J66),"PASSED","FAILED") -> #DIV/0! | T66: =-F66+B66 -> #DIV/0! | U66: =O66 -> A | V66: =IF(AND(T66<=H66,T66>=J66),"PASSED","FAILED") -> #DIV/0! | X66: =IF(AND(L66="PASSED",R66="PASSED",V66="PASSED"),"PASSED",IF(L66="FAILED","FAILED","UNDETERMINED")) -> #DIV/0!
B67: =DataSheet!F111 -> AC Current Test | X67: FINAL REMARKS
B69: Measured Value | D69: Tolerance | F69: Uncertainty | H69: Upper Limit | J69: Lower Limit | L69: Remarks | N69: Measured + Upper UNC | P69: Upper Limit | R69: Remarks | T69: Measured + Lower UNC | V69: Remarks
B71: =DataSheet!AM114 -> #DIV/0! | C71: =DataSheet!P114 -> A | D71: =ABS((DataSheet!AM114*2.8%)+(5*DataSheet!CK114)) -> #DIV/0! | E71: =C71 -> A | F71: =DataSheet!DD114 -> #DIV/0! | G71: =C71 -> A | H71: =DataSheet!L114+D71 -> #DIV/0! | J71: =DataSheet!L114-D71 -> #DIV/0! | L71: =IF(AND(B71<=H71,B71>=J71),"PASSED","FAILED") -> #DIV/0! | N71: =DataSheet!DD114+B71 -> #DIV/0! | O71: =G71 -> A | P71: =H71 -> #DIV/0! | Q71: =O71 -> A | R71: =IF(AND(N71<=H71,N71>=J71),"PASSED","FAILED") -> #DIV/0! | T71: =-F71+B71 -> #DIV/0! | U71: =O71 -> A | V71: =IF(AND(T71<=H71,T71>=J71),"PASSED","FAILED") -> #DIV/0! | X71: =IF(AND(L71="PASSED",R71="PASSED",V71="PASSED"),"PASSED",IF(L71="FAILED","FAILED","UNDETERMINED")) -> #DIV/0!
B72: =DataSheet!AM115 -> #DIV/0! | C72: =DataSheet!P115 -> A | D72: =ABS((DataSheet!AM115*2.8%)+(5*DataSheet!CK115)) -> #DIV/0! | E72: =C72 -> A | F72: =DataSheet!DD115 -> #DIV/0! | G72: =C72 -> A | H72: =DataSheet!L115+D72 -> #DIV/0! | J72: =DataSheet!L115-D72 -> #DIV/0! | L72: =IF(AND(B72<=H72,B72>=J72),"PASSED","FAILED") -> #DIV/0! | N72: =DataSheet!DD115+B72 -> #DIV/0! | O72: =G72 -> A | P72: =H72 -> #DIV/0! | Q72: =O72 -> A | R72: =IF(AND(N72<=H72,N72>=J72),"PASSED","FAILED") -> #DIV/0! | T72: =-F72+B72 -> #DIV/0! | U72: =O72 -> A | V72: =IF(AND(T72<=H72,T72>=J72),"PASSED","FAILED") -> #DIV/0! | X72: =IF(AND(L72="PASSED",R72="PASSED",V72="PASSED"),"PASSED",IF(L72="FAILED","FAILED","UNDETERMINED")) -> #DIV/0!
B73: =DataSheet!AM116 -> #DIV/0! | C73: =DataSheet!P116 -> A | D73: =ABS((DataSheet!AM116*2.8%)+(5*DataSheet!CK116)) -> #DIV/0! | E73: =C73 -> A | F73: =DataSheet!DD116 -> #DIV/0! | G73: =C73 -> A | H73: =DataSheet!L116+D73 -> #DIV/0! | J73: =DataSheet!L116-D73 -> #DIV/0! | L73: =IF(AND(B73<=H73,B73>=J73),"PASSED","FAILED") -> #DIV/0! | N73: =DataSheet!DD116+B73 -> #DIV/0! | O73: =G73 -> A | P73: =H73 -> #DIV/0! | Q73: =O73 -> A | R73: =IF(AND(N73<=H73,N73>=J73),"PASSED","FAILED") -> #DIV/0! | T73: =-F73+B73 -> #DIV/0! | U73: =O73 -> A | V73: =IF(AND(T73<=H73,T73>=J73),"PASSED","FAILED") -> #DIV/0! | X73: =IF(AND(L73="PASSED",R73="PASSED",V73="PASSED"),"PASSED",IF(L73="FAILED","FAILED","UNDETERMINED")) -> #DIV/0!
B74: =DataSheet!AM117 -> #DIV/0! | C74: =DataSheet!P117 -> A | D74: =ABS((DataSheet!AM117*2.8%)+(5*DataSheet!CK117)) -> #DIV/0! | E74: =C74 -> A | F74: =DataSheet!DD117 -> #DIV/0! | G74: =C74 -> A | H74: =DataSheet!L117+D74 -> #DIV/0! | J74: =DataSheet!L117-D74 -> #DIV/0! | L74: =IF(AND(B74<=H74,B74>=J74),"PASSED","FAILED") -> #DIV/0! | N74: =DataSheet!DD117+B74 -> #DIV/0! | O74: =G74 -> A | P74: =H74 -> #DIV/0! | Q74: =O74 -> A | R74: =IF(AND(N74<=H74,N74>=J74),"PASSED","FAILED") -> #DIV/0! | T74: =-F74+B74 -> #DIV/0! | U74: =O74 -> A | V74: =IF(AND(T74<=H74,T74>=J74),"PASSED","FAILED") -> #DIV/0! | X74: =IF(AND(L74="PASSED",R74="PASSED",V74="PASSED"),"PASSED",IF(L74="FAILED","FAILED","UNDETERMINED")) -> #DIV/0!

Sheet Specification (2)
