Workbook
Name DRY: #REF!
Name DRY: #REF!
Name dryx: #REF!
Name WET: #REF!
Name WET: #REF!
Name WET: #REF!

Sheet Cal Certificate
C5: Calibration Certificate
R7: Certificate No.: | V7: =CONCATENATE("25-",DataSheet!L7,DataSheet!N7,DataSheet!O7,DataSheet!AN7," ","Rev.00") -> 25-5465-09DBN Rev.00
C9: Customer : | O9: Location of Calibration :
D10: =DataSheet!H25 -> Company 1 | P10: =IF(DataSheet!AE25="x","SONJU ENGINEERING SERVICES",D10) -> Company 1
D11: =DataSheet!H27 -> comp1 add | P11: =IF(DataSheet!AE25="x",DataSheet!AG29,DataSheet!AG29) -> comp1 add
C15: Manufacturer: | H15: =DataSheet!K11 -> AA | O15: Description: | T15: =DataSheet!K9 -> AA
C16: Model No: | H16: =DataSheet!K13 -> AA | O16: Options Installed: | T16: =DataSheet!AL13 -> 5435354
C17: Serial No: | H17: =DataSheet!K15 -> 5435354 | O17: Customer Asset No: | T17: =DataSheet!AL17 -> 5435354
C18: Calibration Date: | H18: =DataSheet!AL11 -> 45756 | O18: Work Order No.: | T18: =DataSheet!L7 -> 5465-09
C19: Received Date: | H19: =DataSheet!AL9 -> 45756 | O19: Customer P.O.: | T19: =DataSheet!AL15 -> 5435354
C20: Temperature: | H20: =IF(DataSheet!AE25="x","23 °C ± 5 °C",CONCATENATE(ROUND(AVERAGE(DataSheet!K41:L42),1)," ","°C")) -> 5.5 °C | O20: Humidity: | T20: =IF(DataSheet!AE25="x","55 %rh ± 15 %rh",CONCATENATE(ROUND(AVERAGE(DataSheet!T41:U42),1)," ","%rh")) -> 7 %rh
C23: Cal Method / Procedure :
C24: =DataSheet!AB40 -> As per SONJU Engineering Services Work Instruction 7W-02-54 Digital Multimeter Calibration Procedure.
C26: This is to certify that the above Measuring and Test Equipment has been calibrated by SONJU Engineering Services in accordance with relevant calibration procedure defined for this instrument.
C29: Uncertainty:
C30: The expanded uncertainty of measurement for the results given in this certificate was estimated with a coverage factor of k = 2 at 95% level of confidence. The uncertainties of measurement were calculated using a budget worksheet based on JCGM 100:2008 Evaluation of measurement data - Guide to the Expression of Uncertainty in Measurement, 1st edition- 2008.
C34: Traceability:
C35: The instrument was calibrated using reference standard/s traceable to SI Units as maintained by NML-ITDI (Philippines) through SONJU Engineering Services (Philippines)
C38: Reference Standard Used:
D40: Description | J40: Serial No. | P40: Cal Report Ref. | V40: Due Date
D42: =DataSheet!B33 -> dfsf | J42: =DataSheet!Q33 -> sfdfsf | P42: =DataSheet!AB33 -> fsfsfss | V42: =DataSheet!AO33 -> Tuesday, 2 September 2025
C44: Remarks:
C45: 1. The results were the average of the three (3) readings and were obtained during the time of calibration and refer only to the particular instrument submitted. Should the instrument be modified or damaged in any way, or develop inconsistent readings, the results may not be valid and the unit will require recalibration.
C48: 2. The user should determine the suitability of this instrument for its intended use.
C49: 3. Preliminary Inspection: No response at high and low current.
C50: 4. A positve error is to subtracted to the UUT indication and negative error added to give true value.
C51: 5. As per customer request the next calibration due date is on: | O51: =EDATE(DataSheet!AL11,12) -> 46121
E54: =DataSheet!B140 -> Darwin F. Aliado | S54: =DataSheet!B143 -> Jennefer S. Ilas
E55: Calibration Officer | S55: Approved Signatory
D57: Issue Date :
C65: Measurement Results:
E67: =DataSheet!F52 -> DC Voltage Test
E68: Range | I68: Nominal Value | M68: Measured Value | Q68: Error | U68: Uncertainty
E70: =DataSheet!F55 -> 600 mV | I70: =CONCATENATE(DataSheet!L55," ",DataSheet!P55) -> 60 mV | M70: =CONCATENATE(TEXT(DataSheet!AM55,"0.0")," ",DataSheet!P55) -> 60.0 mV | Q70: =CONCATENATE(TEXT(DataSheet!AR55,"0.0")," ",DataSheet!P55) -> 0.0 mV | U70: =CONCATENATE(," ",TEXT(DataSheet!DD55,"0.000")," ",DataSheet!CZ55) -> 0.058 mV
I71: =CONCATENATE(DataSheet!L56," ",DataSheet!P56) -> 540 mV | M71: =CONCATENATE(TEXT(DataSheet!AM56,"0.0")," ",DataSheet!P56) -> 540.0 mV | Q71: =CONCATENATE(TEXT(DataSheet!AR56,"0.0")," ",DataSheet!P56) -> 0.0 mV | U71: =CONCATENATE(," ",TEXT(DataSheet!DD56,"0.000")," ",DataSheet!CZ56) -> 0.058 mV
I72: =CONCATENATE(DataSheet!L57," ",DataSheet!P57) -> -540 mV | M72: =CONCATENATE(TEXT(DataSheet!AM57,"0.0")," ",DataSheet!P57) -> -540.0 mV | Q72: =CONCATENATE(TEXT(DataSheet!AR57,"0.0")," ",DataSheet!P57) -> 0.0 mV | U72: =CONCATENATE(," ",TEXT(DataSheet!DD57,"0.000")," ",DataSheet!CZ57) -> 0.058 mV
E73: =DataSheet!F58 -> 6 V | I73: =CONCATENATE(DataSheet!L58," ",DataSheet!P58) -> 0.6 V | M73: =CONCATENATE(TEXT(DataSheet!AM58,"0.000")," ",DataSheet!P58) -> 0.600 V | Q73: =CONCATENATE(TEXT(DataSheet!AR58,"0.000")," ",DataSheet!P58) -> 0.000 V | U73: =CONCATENATE(" ",TEXT(DataSheet!DD58,"0.000 00")," ",DataSheet!CZ58) -> 0.000 58 V
I74: =CONCATENATE(DataSheet!L59," ",DataSheet!P59) -> 5.4 V | M74: =CONCATENATE(TEXT(DataSheet!AM59,"0.000")," ",DataSheet!P59) -> 5.400 V | Q74: =CONCATENATE(TEXT(DataSheet!AR59,"0.000")," ",DataSheet!P59) -> 0.000 V | U74: =CONCATENATE(" ",TEXT(DataSheet!DD59,"0.000 00")," ",DataSheet!CZ59) -> 0.000 58 V
I75: =CONCATENATE(DataSheet!L60," ",DataSheet!P60) -> -5.4 V | M75: =CONCATENATE(TEXT(DataSheet!AM60,"0.000")," ",DataSheet!P60) -> -5.400 V | Q75: =CONCATENATE(TEXT(DataSheet!AR60,"0.000")," ",DataSheet!P60) -> 0.000 V | U75: =CONCATENATE(" ",TEXT(DataSheet!DD60,"0.000 00")," ",DataSheet!CZ60) -> 0.000 58 V
E76: =DataSheet!F61 -> 60 V | I76: =CONCATENATE(DataSheet!L61," ",DataSheet!P61) -> 6 V | M76: =CONCATENATE(TEXT(DataSheet!AM61,"0.00")," ",DataSheet!P61) -> 6.00 V | Q76: =CONCATENATE(TEXT(DataSheet!AR61,"0.00")," ",DataSheet!P61) -> 0.00 V | U76: =CONCATENATE(" ",TEXT(DataSheet!DD61,"0.000 0")," ",DataSheet!CZ61) -> 0.005 8 V
I77: =CONCATENATE(DataSheet!L62," ",DataSheet!P62) -> 30 V | M77: =CONCATENATE(TEXT(DataSheet!AM62,"0.00")," ",DataSheet!P62) -> 30.00 V | Q77: =CONCATENATE(TEXT(DataSheet!AR62,"0.00")," ",DataSheet!P62) -> 0.00 V | U77: =CONCATENATE(" ",TEXT(DataSheet!DD62,"0.000 0")," ",DataSheet!CZ62) -> 0.005 8 V
I78: =CONCATENATE(DataSheet!L63," ",DataSheet!P63) -> 54 V | M78: =CONCATENATE(TEXT(DataSheet!AM63,"0.00")," ",DataSheet!P63) -> 54.00 V | Q78: =CONCATENATE(TEXT(DataSheet!AR63,"0.00")," ",DataSheet!P63) -> 0.00 V | U78: =CONCATENATE(" ",TEXT(DataSheet!DD63,"0.000 0")," ",DataSheet!CZ63) -> 0.005 8 V
I79: =CONCATENATE(DataSheet!L64," ",DataSheet!P64) -> -6 V | M79: =CONCATENATE(TEXT(DataSheet!AM64,"0.00")," ",DataSheet!P64) -> -6.00 V | Q79: =CONCATENATE(TEXT(DataSheet!AR64,"0.00")," ",DataSheet!P64) -> 0.00 V | U79: =CONCATENATE(" ",TEXT(DataSheet!DD64,"0.000 0")," ",DataSheet!CZ64) -> 0.005 8 V
I80: =CONCATENATE(DataSheet!L65," ",DataSheet!P65) -> -54 V | M80: =CONCATENATE(TEXT(DataSheet!AM65,"0.00")," ",DataSheet!P65) -> -54.00 V | Q80: =CONCATENATE(TEXT(DataSheet!AR65,"0.00")," ",DataSheet!P65) -> 0.00 V | U80: =CONCATENATE(" ",TEXT(DataSheet!DD65,"0.000 0")," ",DataSheet!CZ65) -> 0.005 8 V
E81: =DataSheet!F66 -> 600 V | I81: =CONCATENATE(DataSheet!L66," ",DataSheet!P66) -> 60 V | M81: =CONCATENATE(TEXT(DataSheet!AM66,"0.0")," ",DataSheet!P66) -> 60.0 V | Q81: =CONCATENATE(TEXT(DataSheet!AR66,"0.0")," ",DataSheet!P66) -> 0.0 V | U81: =CONCATENATE(" ",TEXT(DataSheet!DD66,"0.000")," ",DataSheet!CZ66) -> 0.058 V
I82: =CONCATENATE(DataSheet!L67," ",DataSheet!P67) -> 540 V | M82: =CONCATENATE(TEXT(DataSheet!AM67,"0.0")," ",DataSheet!P67) -> 540.0 V | Q82: =CONCATENATE(TEXT(DataSheet!AR67,"0.0")," ",DataSheet!P67) -> 0.0 V | U82: =CONCATENATE(" ",TEXT(DataSheet!DD67,"0.000")," ",DataSheet!CZ67) -> 0.058 V
I83: =CONCATENATE(DataSheet!L68," ",DataSheet!P68) -> -540 V | M83: =CONCATENATE(TEXT(DataSheet!AM68,"0.0")," ",DataSheet!P68) -> -540.0 V | Q83: =CONCATENATE(TEXT(DataSheet!AR68,"0.0")," ",DataSheet!P68) -> 0.0 V | U83: =CONCATENATE(" ",TEXT(DataSheet!DD68,"0.000")," ",DataSheet!CZ68) -> 0.058 V
E84: =DataSheet!F69 -> 1000 V | I84: =CONCATENATE(DataSheet!L69," ",DataSheet!P69) -> 100 V | M84: =CONCATENATE(TEXT(DataSheet!AM69,"0")," ",DataSheet!P69) -> 100 V | Q84: =CONCATENATE(TEXT(DataSheet!AR69,"0")," ",DataSheet!P69) -> 0 V | U84: =CONCATENATE(" ",TEXT(DataSheet!DD69,"0.00")," ",DataSheet!CZ69) -> 0.58 V
I85: =CONCATENATE(DataSheet!L70," ",DataSheet!P70) -> 900 V | M85: =CONCATENATE(TEXT(DataSheet!AM70,"0")," ",DataSheet!P70) -> 900 V | Q85: =CONCATENATE(TEXT(DataSheet!AR70,"0")," ",DataSheet!P70) -> 0 V | U85: =CONCATENATE(" ",TEXT(DataSheet!DD70,"0.00")," ",DataSheet!CZ70) -> 0.58 V
I86: =CONCATENATE(DataSheet!L71," ",DataSheet!P71) -> -900 V | M86: =CONCATENATE(TEXT(DataSheet!AM71,"0")," ",DataSheet!P71) -> -900 V | Q86: =CONCATENATE(TEXT(DataSheet!AR71,"0")," ",DataSheet!P71) -> 0 V | U86: =CONCATENATE(" ",TEXT(DataSheet!DD71,"0.00")," ",DataSheet!CZ71) -> 0.58 V
E88: =DataSheet!F99 -> Resistance Test
E89: Range | I89: Nominal Value | M89: Measured Value | Q89: Error | U89: Uncertainty
E91: =DataSheet!F102 -> 600 Ω | I91: =CONCATENATE(DataSheet!L102," ",DataSheet!P102) -> 0 Ω | M91: =CONCATENATE(TEXT(DataSheet!AM102,"0.0")," ",DataSheet!P102) -> 0.0 Ω | Q91: =CONCATENATE(TEXT(DataSheet!AR102,"0.0")," ",DataSheet!P102) -> 0.0 Ω | U91: =CONCATENATE(" ",TEXT(DataSheet!DD102,"0.000")," ",DataSheet!CZ102) -> 0.058 Ω
I92: =CONCATENATE(DataSheet!L103," ",DataSheet!P103) -> 540 Ω | M92: =CONCATENATE(TEXT(DataSheet!AM103,"0.0")," ",DataSheet!P103) -> 540.0 Ω | Q92: =CONCATENATE(TEXT(DataSheet!AR103,"0.0")," ",DataSheet!P103) -> 0.0 Ω | U92: =CONCATENATE(" ",TEXT(DataSheet!DD103,"0.000")," ",DataSheet!CZ103) -> 0.058 Ω
E93: =DataSheet!F104 -> 6 kΩ | I93: =CONCATENATE(DataSheet!L104," ",DataSheet!P104) -> 5.4 kΩ | M93: =CONCATENATE(TEXT(DataSheet!AM104,"0.000")," ",DataSheet!P104) -> 5.400 kΩ | Q93: =CONCATENATE(TEXT(DataSheet!AR104,"0.000")," ",DataSheet!P104) -> 0.000 kΩ | U93: =CONCATENATE(" ",TEXT(DataSheet!DD104,"0.000 00")," ",DataSheet!CZ104) -> 0.000 58 kΩ
E94: =DataSheet!F105 -> 60 kΩ | I94: =CONCATENATE(DataSheet!L105," ",DataSheet!P105) -> 54 kΩ | M94: =CONCATENATE(TEXT(DataSheet!AM105,"0.00")," ",DataSheet!P105) -> 54.00 kΩ | Q94: =CONCATENATE(TEXT(DataSheet!AR105,"0.00")," ",DataSheet!P105) -> 0.00 kΩ | U94: =CONCATENATE(" ",TEXT(DataSheet!DD105,"0.000 0")," ",DataSheet!CZ105) -> 0.005 8 kΩ
E95: =DataSheet!F106 -> 600 kΩ | I95: =CONCATENATE(DataSheet!L106," ",DataSheet!P106) -> 540 kΩ | M95: =CONCATENATE(TEXT(DataSheet!AM106,"0.0")," ",DataSheet!P106) -> 540.0 kΩ | Q95: =CONCATENATE(TEXT(DataSheet!AR106,"0.0")," ",DataSheet!P106) -> 0.0 kΩ | U95: =CONCATENATE(" ",TEXT(DataSheet!DD106,"0.000")," ",DataSheet!CZ106) -> 0.058 kΩ
E96: =DataSheet!F107 -> 6 MΩ | I96: =CONCATENATE(DataSheet!L107," ",DataSheet!P107) -> 5.4 MΩ | M96: =CONCATENATE(TEXT(DataSheet!AM107,"0.000")," ",DataSheet!P107) -> 5.400 MΩ | Q96: =CONCATENATE(TEXT(DataSheet!AR107,"0.000")," ",DataSheet!P107) -> 0.000 MΩ | U96: =CONCATENATE(" ",TEXT(DataSheet!DD107,"0.000 00")," ",DataSheet!CZ107) -> 0.000 75 MΩ
E97: =DataSheet!F108 -> 50 MΩ | I97: =CONCATENATE(DataSheet!L108," ",DataSheet!P108) -> 45 MΩ | M97: =CONCATENATE(TEXT(DataSheet!AM108,"0.00")," ",DataSheet!P108) -> 45.00 MΩ | Q97: =CONCATENATE(TEXT(DataSheet!AR108,"0.00")," ",DataSheet!P108) -> 0.00 MΩ | U97: =CONCATENATE(" ",TEXT(DataSheet!DD108,"0.000")," ",DataSheet!CZ108) -> 0.015 MΩ
C106: =DataSheet!B140 -> Darwin F. Aliado
C107: Calibration Officer
C117: Measurement Results:
E119: =DataSheet!F73 -> AC Voltage Test
E120: Range | I120: Nominal Value | M120: Measured Value | Q120: Error | U120: Uncertainty
E122: =DataSheet!F76 -> 600 mV | I122: =CONCATENATE(DataSheet!L76," ",DataSheet!P76," / ",DataSheet!S76) -> 60 mV / 50 Hz | M122: =CONCATENATE(TEXT(DataSheet!AM76,"0.0")," ",DataSheet!P76) -> 60.0 mV | Q122: =CONCATENATE(TEXT(DataSheet!AR76,"0.0")," ",DataSheet!P76) -> 0.0 mV | U122: =CONCATENATE(" ",TEXT(DataSheet!DD76,"0.000 ")," ",DataSheet!CZ76) -> 0.091 mV
I123: =CONCATENATE(DataSheet!L77," ",DataSheet!P77," / ",DataSheet!S77) -> 60 mV / 1 kHz | M123: =CONCATENATE(TEXT(DataSheet!AM77,"0.0")," ",DataSheet!P77) -> 60.0 mV | Q123: =CONCATENATE(TEXT(DataSheet!AR77,"0.0")," ",DataSheet!P77) -> 0.0 mV | U123: =CONCATENATE(" ",TEXT(DataSheet!DD77,"0.000 ")," ",DataSheet!CZ77) -> 0.091 mV
I124: =CONCATENATE(DataSheet!L78," ",DataSheet!P78," / ",DataSheet!S78) -> 540 mV / 50 Hz | M124: =CONCATENATE(TEXT(DataSheet!AM78,"0.0")," ",DataSheet!P78) -> 540.0 mV | Q124: =CONCATENATE(TEXT(DataSheet!AR78,"0.0")," ",DataSheet!P78) -> 0.0 mV | U124: =CONCATENATE(" ",TEXT(DataSheet!DD78,"0.00")," ",DataSheet!CZ78) -> 0.91 mV
I125: =CONCATENATE(DataSheet!L79," ",DataSheet!P79," / ",DataSheet!S79) -> 540 mV / 1 kHz | M125: =CONCATENATE(TEXT(DataSheet!AM79,"0.0")," ",DataSheet!P79) -> 540.0 mV | Q125: =CONCATENATE(TEXT(DataSheet!AR79,"0.0")," ",DataSheet!P79) -> 0.0 mV | U125: =CONCATENATE(" ",TEXT(DataSheet!DD79,"0.00")," ",DataSheet!CZ79) -> 0.91 mV
E126: =DataSheet!F80 -> 6 V | I126: =CONCATENATE(DataSheet!L80," ",DataSheet!P80," / ",DataSheet!S80) -> 0.6 V / 50 Hz | M126: =CONCATENATE(TEXT(DataSheet!AM80,"0.000")," ",DataSheet!P80) -> 0.600 V | Q126: =CONCATENATE(TEXT(DataSheet!AR80,"0.000")," ",DataSheet!P80) -> 0.000 V | U126: =CONCATENATE(" ",TEXT(DataSheet!DD80,"0.000 0")," ",DataSheet!CZ80) -> 0.001 1 V
I127: =CONCATENATE(DataSheet!L81," ",DataSheet!P81," / ",DataSheet!S81) -> 0.6 V / 1 kHz | M127: =CONCATENATE(TEXT(DataSheet!AM81,"0.000")," ",DataSheet!P81) -> 0.600 V | Q127: =CONCATENATE(TEXT(DataSheet!AR81,"0.000")," ",DataSheet!P81) -> 0.000 V | U127: =CONCATENATE(" ",TEXT(DataSheet!DD81,"0.000 0")," ",DataSheet!CZ81) -> 0.001 1 V
I128: =CONCATENATE(DataSheet!L82," ",DataSheet!P82," / ",DataSheet!S82) -> 5.4 V / 50 Hz | M128: =CONCATENATE(TEXT(DataSheet!AM82,"0.000")," ",DataSheet!P82) -> 5.400 V | Q128: =CONCATENATE(TEXT(DataSheet!AR82,"0.000")," ",DataSheet!P82) -> 0.000 V | U128: =CONCATENATE(" ",TEXT(DataSheet!DD82,"0.000 0")," ",DataSheet!CZ82) -> 0.007 3 V
I129: =CONCATENATE(DataSheet!L83," ",DataSheet!P83," / ",DataSheet!S83) -> 5.4 V / 1 kHz | M129: =CONCATENATE(TEXT(DataSheet!AM83,"0.000")," ",DataSheet!P83) -> 5.400 V | Q129: =CONCATENATE(TEXT(DataSheet!AR83,"0.000")," ",DataSheet!P83) -> 0.000 V | U129: =CONCATENATE(" ",TEXT(DataSheet!DD83,"0.000 0")," ",DataSheet!CZ83) -> 0.007 3 V
E130: =DataSheet!F84 -> 60 V | I130: =CONCATENATE(DataSheet!L84," ",DataSheet!P84," / ",DataSheet!S84) -> 6 V / 50 Hz | M130: =CONCATENATE(TEXT(DataSheet!AM84,"0.00")," ",DataSheet!P84) -> 6.00 V | Q130: =CONCATENATE(TEXT(DataSheet!AR84,"0.00")," ",DataSheet!P84) -> 0.00 V | U130: =CONCATENATE(" ",TEXT(DataSheet!DD84,"0.000 0")," ",DataSheet!CZ84) -> 0.009 3 V
I131: =CONCATENATE(DataSheet!L85," ",DataSheet!P85," / ",DataSheet!S85) -> 6 V / 1 kHz | M131: =CONCATENATE(TEXT(DataSheet!AM85,"0.00")," ",DataSheet!P85) -> 6.00 V | Q131: =CONCATENATE(TEXT(DataSheet!AR85,"0.00")," ",DataSheet!P85) -> 0.00 V | U131: =CONCATENATE(" ",TEXT(DataSheet!DD85,"0.000 0")," ",DataSheet!CZ85) -> 0.009 3 V
I132: =CONCATENATE(DataSheet!L86," ",DataSheet!P86," / ",DataSheet!S86) -> 30 V / 50 Hz | M132: =CONCATENATE(TEXT(DataSheet!AM86,"0.00")," ",DataSheet!P86) -> 30.00 V | Q132: =CONCATENATE(TEXT(DataSheet!AR86,"0.00")," ",DataSheet!P86) -> 0.00 V | U132: =CONCATENATE(" ",TEXT(DataSheet!DD86,"0.000 0")," ",DataSheet!CZ86) -> 0.009 3 V
I133: =CONCATENATE(DataSheet!L87," ",DataSheet!P87," / ",DataSheet!S87) -> 30 V / 1 kHz | M133: =CONCATENATE(TEXT(DataSheet!AM87,"0.00")," ",DataSheet!P87) -> 30.00 V | Q133: =CONCATENATE(TEXT(DataSheet!AR87,"0.00")," ",DataSheet!P87) -> 0.00 V | U133: =CONCATENATE(" ",TEXT(DataSheet!DD87,"0.000 0")," ",DataSheet!CZ87) -> 0.009 3 V
I134: =CONCATENATE(DataSheet!L88," ",DataSheet!P88," / ",DataSheet!S88) -> 54 V / 50 Hz | M134: =CONCATENATE(TEXT(DataSheet!AM88,"0.00")," ",DataSheet!P88) -> 54.00 V | Q134: =CONCATENATE(TEXT(DataSheet!AR88,"0.00")," ",DataSheet!P88) -> 0.00 V | U134: =CONCATENATE(" ",TEXT(DataSheet!DD88,"0.000")," ",DataSheet!CZ88) -> 0.071 V
I135: =CONCATENATE(DataSheet!L89," ",DataSheet!P89," / ",DataSheet!S89) -> 54 V / 1 kHz | M135: =CONCATENATE(TEXT(DataSheet!AM89,"0.00")," ",DataSheet!P89) -> 54.00 V | Q135: =CONCATENATE(TEXT(DataSheet!AR89,"0.00")," ",DataSheet!P89) -> 0.00 V | U135: =CONCATENATE(" ",TEXT(DataSheet!DD89,"0.000")," ",DataSheet!CZ89) -> 0.071 V
E136: =DataSheet!F90 -> 600 V | I136: =CONCATENATE(DataSheet!L90," ",DataSheet!P90," / ",DataSheet!S90) -> 60 V / 50 Hz | M136: =CONCATENATE(TEXT(DataSheet!AM90,"0.0")," ",DataSheet!P90) -> 60.0 V | Q136: =CONCATENATE(TEXT(DataSheet!AR90,"0.0")," ",DataSheet!P90) -> 0.0 V | U136: =CONCATENATE(" ",TEXT(DataSheet!DD90,"0.000")," ",DataSheet!CZ90) -> 0.092 V
I137: =CONCATENATE(DataSheet!L91," ",DataSheet!P91," / ",DataSheet!S91) -> 60 V / 1 kHz | M137: =CONCATENATE(TEXT(DataSheet!AM91,"0.0")," ",DataSheet!P91) -> 60.0 V | Q137: =CONCATENATE(TEXT(DataSheet!AR91,"0.0")," ",DataSheet!P91) -> 0.0 V | U137: =CONCATENATE(" ",TEXT(DataSheet!DD91,"0.000")," ",DataSheet!CZ91) -> 0.092 V
I138: =CONCATENATE(DataSheet!L92," ",DataSheet!P92," / ",DataSheet!S92) -> 540 V / 50 Hz | M138: =CONCATENATE(TEXT(DataSheet!AM92,"0.0")," ",DataSheet!P92) -> 540.0 V | Q138: =CONCATENATE(TEXT(DataSheet!AR92,"0.0")," ",DataSheet!P92) -> 0.0 V | U138: =CONCATENATE(" ",TEXT(DataSheet!DD92,"0.000")," ",DataSheet!CZ92) -> 0.092 V
I139: =CONCATENATE(DataSheet!L93," ",DataSheet!P93," / ",DataSheet!S93) -> 540 V / 1 kHz | M139: =CONCATENATE(TEXT(DataSheet!AM93,"0.0")," ",DataSheet!P93) -> 540.0 V | Q139: =CONCATENATE(TEXT(DataSheet!AR93,"0.0")," ",DataSheet!P93) -> 0.0 V | U139: =CONCATENATE(" ",TEXT(DataSheet!DD93,"0.000")," ",DataSheet!CZ93) -> 0.092 V
E140: =DataSheet!F94 -> 1000 V | I140: =CONCATENATE(DataSheet!L94," ",DataSheet!P94," / ",DataSheet!S94) -> 100 V / 50 Hz | M140: =CONCATENATE(TEXT(DataSheet!AM94,"0")," ",DataSheet!P94) -> 100 V | Q140: =CONCATENATE(TEXT(DataSheet!AR94,"0")," ",DataSheet!P94) -> 0 V | U140: =CONCATENATE(" ",TEXT(DataSheet!DD94,"0.00")," ",DataSheet!CZ94) -> 0.58 V
I141: =CONCATENATE(DataSheet!L95," ",DataSheet!P95," / ",DataSheet!S95) -> 100 V / 1 kHz | M141: =CONCATENATE(TEXT(DataSheet!AM95,"0")," ",DataSheet!P95) -> 100 V | Q141: =CONCATENATE(TEXT(DataSheet!AR95,"0")," ",DataSheet!P95) -> 0 V | U141: =CONCATENATE(" ",TEXT(DataSheet!DD95,"0.00")," ",DataSheet!CZ95) -> 0.58 V
I142: =CONCATENATE(DataSheet!L96," ",DataSheet!P96," / ",DataSheet!S96) -> 900 V / 50 Hz | M142: =CONCATENATE(TEXT(DataSheet!AM96,"0")," ",DataSheet!P96) -> 900 V | Q142: =CONCATENATE(TEXT(DataSheet!AR96,"0")," ",DataSheet!P96) -> 0 V | U142: =CONCATENATE(" ",TEXT(DataSheet!DD96,"0.00")," ",DataSheet!CZ96) -> 0.58 V
I143: =CONCATENATE(DataSheet!L97," ",DataSheet!P97," / ",DataSheet!S97) -> 900 V / 1 kHz | M143: =CONCATENATE(TEXT(DataSheet!AM97,"0")," ",DataSheet!P97) -> 900 V | Q143: =CONCATENATE(TEXT(DataSheet!AR97,"0")," ",DataSheet!P97) -> 0 V | U143: =CONCATENATE(" ",TEXT(DataSheet!DD97,"0.00")," ",DataSheet!CZ97) -> 0.58 V
E145: =DataSheet!F110 -> DC Current Test
E146: Range | I146: Nominal Value | M146: Measured Value | Q146: Error | U146: Uncertainty
E148: =DataSheet!F113 -> 600 µA | I148: =CONCATENATE(DataSheet!L113," ",DataSheet!P113) -> 540 µA | M148: =CONCATENATE(TEXT(DataSheet!AM113,"0.0")," ",DataSheet!P113) -> 540.0 µA | Q148: =CONCATENATE(TEXT(DataSheet!AR113,"0.0")," ",DataSheet!P113) -> 0.0 µA | U148: =CONCATENATE(" ",TEXT(DataSheet!DD113,"0.00")," ",DataSheet!CZ113) -> 0.11 µA
E149: =DataSheet!F114 -> 6000 µA | I149: =CONCATENATE(TEXT(DataSheet!L114,"0 000")," ",DataSheet!P114) -> 5 400 µA | M149: =CONCATENATE(TEXT(DataSheet!AM114,"0 000")," ",DataSheet!P114) -> 5 400 µA | Q149: =CONCATENATE(TEXT(DataSheet!AR114,"0")," ",DataSheet!P114) -> 0 µA | U149: =CONCATENATE(" ",TEXT(DataSheet!DD114,"0.00")," ",DataSheet!CZ114) -> 0.69 µA
E150: =DataSheet!F115 -> 60 mA | I150: =CONCATENATE(DataSheet!L115," ",DataSheet!P115) -> 54 mA | M150: =CONCATENATE(TEXT(DataSheet!AM115,"0.00")," ",DataSheet!P115) -> 54.00 mA | Q150: =CONCATENATE(TEXT(DataSheet!AR115,"0.00")," ",DataSheet!P115) -> 0.00 mA | U150: =CONCATENATE(" ",TEXT(DataSheet!DD115,"0.000 0")," ",DataSheet!CZ115) -> 0.005 9 mA
I151: =CONCATENATE(DataSheet!L116," ",DataSheet!P116) -> -54 mA | M151: =CONCATENATE(TEXT(DataSheet!AM116,"0.00")," ",DataSheet!P116) -> -54.00 mA | Q151: =CONCATENATE(TEXT(DataSheet!AR116,"0.00")," ",DataSheet!P116) -> 0.00 mA | U151: =CONCATENATE(" ",TEXT(DataSheet!DD116,"0.000")," ",DataSheet!CZ116) -> 0.006 mA
E152: =DataSheet!F117 -> 400 mA | I152: =CONCATENATE(DataSheet!L117," ",DataSheet!P117) -> 360 mA | M152: =CONCATENATE(TEXT(DataSheet!AM117,"0.0")," ",DataSheet!P117) -> 360.0 mA | Q152: =CONCATENATE(TEXT(DataSheet!AR117,"0.0")," ",DataSheet!P117) -> 0.0 mA | U152: =CONCATENATE(" ",TEXT(DataSheet!DD117,"0.000")," ",DataSheet!CZ117) -> 0.082 mA
E153: =DataSheet!F118 -> 6 A | I153: =CONCATENATE(DataSheet!L118," ",DataSheet!P118) -> 3 A | M153: =CONCATENATE(TEXT(DataSheet!AM118,"0.000")," ",DataSheet!P118) -> 3.000 A | Q153: =CONCATENATE(TEXT(DataSheet!AR118,"0.000")," ",DataSheet!P118) -> 0.000 A | U153: =CONCATENATE(" ",TEXT(DataSheet!DD118,"0.000 0")," ",DataSheet!CZ118) -> 0.001 6 A
I154: =CONCATENATE(DataSheet!L119," ",DataSheet!P119) -> 5.4 A | M154: =CONCATENATE(TEXT(DataSheet!AM119,"0.000")," ",DataSheet!P119) -> 5.400 A | Q154: =CONCATENATE(TEXT(DataSheet!AR119,"0.000")," ",DataSheet!P119) -> 0.000 A | U154: =CONCATENATE(" ",TEXT(DataSheet!DD119,"0.000 0")," ",DataSheet!CZ119) -> 0.001 6 A
E155: =DataSheet!F120 -> 10 A | I155: =CONCATENATE(DataSheet!L120," ",DataSheet!P120) -> 5 A | M155: =CONCATENATE(TEXT(DataSheet!AM120,"0.00")," ",DataSheet!P120) -> 5.00 A | Q155: =CONCATENATE(TEXT(DataSheet!AR120,"0.00")," ",DataSheet!P120) -> 0.00 A | U155: =CONCATENATE(" ",TEXT(DataSheet!DD120,"0.000 0")," ",DataSheet!CZ120) -> 0.005 9 A
I156: =CONCATENATE(DataSheet!L121," ",DataSheet!P121) -> 9 A | M156: =CONCATENATE(TEXT(DataSheet!AM121,"0.00")," ",DataSheet!P121) -> 9.00 A | Q156: =CONCATENATE(TEXT(DataSheet!AR121,"0.00")," ",DataSheet!P121) -> 0.00 A | U156: =CONCATENATE(" ",TEXT(DataSheet!DD121,"0.000 0")," ",DataSheet!CZ121) -> 0.005 9 A
C159: =DataSheet!B140 -> Darwin F. Aliado
C160: Calibration Officer
C170: Measurement Results:
...

Sheet DataSheet
B5: CALIBRATION DATASHEET
F7: Work Order No.: | L7: 5465-09 | AI7: Technical ID: | AN7: DBN
B8: Unit Under Calibration
B9: Description | J9: : | K9: AA | AB9: Received Date | AK9: : | AL9: 45756
B11: Manufacturer | J11: : | K11: AA | AB11: Calibration Date | AK11: : | AL11: 45756
B13: Model | J13: : | K13: AA | AB13: Options Installed | AK13: : | AL13: 5435354
B15: Serial Number | J15: : | K15: 5435354 | AB15: Customer P.O. | AK15: : | AL15: 5435354
B17: Range | J17: : | K17: See Specification Sheet | AB17: Asset Number | AK17: : | AL17: 5435354
B19: Res/Readability | J19: : | K19: See Specification Sheet | AB19: Accuracy | AK19: : | AL19: See Specification Sheet
B21: Prev. SES Cal Cert: | J21: : | K21: NA | AB21: Previous Technician | AK21: : | AL21: NA
B24: Customer Details | AB24: Calibration Location
B25: Company | G25: : | H25: Company 1 | AG25: In-House (SONJU Laboratory)
B27: Address | G27: : | H27: comp1 add | AE27: x | AG27: On-Site Calibration (Please Specify)
AG29: comp1 add
B31: Reference Standard/s Used
B32: Description | Q32: Serial No. | AB32: Cal Report Ref. | AO32: Due Date
B33: dfsf | Q33: sfdfsf | AB33: fsfsfss | AO33: Tuesday, 2 September 2025
B34: fdgdgd | Q34: dgdgfdg | AB34: gdgdfg | AO34: Thursday, 18 September 2025
B35: Accessory Used
B36: Description | Q36: Serial No. | AB36: Brand | AO36: Model
B37: dgdfgdg | Q37: gdgfg | AB37: gdgfdg | AO37: gdfggdg
B38: dgfdgdf | Q38: dgdfgdg | AB38: dgfdgd | AO38: dgdfg
B39: Environmental Condition | AB39: Calibration Method
I40: Temperature | Q40: Relative Humidity | AB40: As per SONJU Engineering Services Work Instruction 7W-02-54 Digital Multimeter Calibration Procedure.
J41: Start: | K41: 1 | M41: oC | S41: Start: | T41: 2 | V41: %rh
J42: End: | K42: 10 | M42: oC | S42: End: | T42: 12 | V42: %rh
B44: Observations
C45: - | AU45: Adjustment
C46: - | AU46: Needed?
C47: - | AX47: YES
C48: - | AX48: NO
B50: Measurement Results
F52: DC Voltage Test | BB52: Based on Tolerance | BX52: Standard | CD52: Standard | CJ52: Unit Under Test | CP52: Unit Under Test | CV52: Expanded Uncertainty | DB52: MINIMUM CMC | DD52: FINAL UNCERTAINTY DECLARATION
F53: Range | L53: Nominal Value | S53: Frequency | X53: Measured Value | AM53: Average | AR53: Error | BB53: Tolerance | BG53: Upper Limit | BL53: Lower Limit | BQ53: Remarks | BX53: Source | BY53: Uncertainty | BZ53: Unit | CA53: Divisor | CB53: Ui | CD53: Source | CE53: Uncertainty | CF53: Unit | CG53: Divisor | CH53: Ui | CJ53: Source | CK53: Uncertainty | CL53: Unit | CM53: Divisor | CN53: Ui | CP53: Source | CQ53: Uncertainty | CR53: Unit | CS53: Divisor | CT53: Ui | CV53: COMBINED STANDARD | CW53: EFFECTIVE DEGREES | CX53: C. FACTOR, k = student's | CY53: EXPANDED UNCERTAINTY,
X54: 1 | AC54: 2 | AH54: 3 | CV54: UNCERTAINTY, Uc | CW54: OF FREEDOM, Veff | CX54: t for Veff and 95 % C.L. | CY54: U @ 95 % C.L. ±
F55: 600 mV | L55: 60 | P55: mV | X55: 60 | AC55: 60 | AH55: 60 | AM55: =AVERAGE(X55:AL55) -> 60 | AR55: =AM55-L55 -> 0 | BB55: =ABS(AM55*0.1%)+(1*CK55) -> 0.16 | BG55: =L55+BB55 -> 60.16 | BL55: =L55-BB55 -> 59.84 | BQ55: =IF(AND(AM55<=BG55,AM55>=BL55),"PASS","FAIL") -> PASS | BX55: CoC | BY55: 0.00077 | BZ55: =P55 -> mV | CA55: 2 | CB55: =BY55/CA55 -> 0.000385 | CD55: Annual Drift | CE55: 0 | CF55: =BZ55 -> mV | CG55: =SQRT(3) -> 1.7320508 | CH55: =CE55/CG55 -> 0 | CJ55: Readability | CK55: 0.1 | CL55: =P55 -> mV | CM55: =SQRT(12) -> 3.4641016 | CN55: =CK55/CM55 -> 0.028867513 | CP55: Repeatability | CQ55: =STDEV(X55:AL55) -> 0 | CR55: =P55 -> mV | CS55: =SQRT(3) -> 1.7320508 | CT55: =CQ55/CS55 -> 0 | CV55: =SQRT(SUMSQ(CT55,CN55,CH55,CB55)) -> 0.028870081 | CW55: =(CV55^4)/(((CT55^4)/2)+((CN55^4)/200)+((CH55^4)/200)+((CB55^4)/200)) -> 200.07115 | CX55: =ROUND(TINV(0.05,CW55),0) -> 2 | CY55: =(CV55*CX55) -> 0.057740161 | CZ55: =P55 -> mV | DB55: 0.0016 | DC55: =CZ55 -> mV | DD55: =MAX(DB55,CY55) -> 0.057740161 | DE55: unit
L56: =600*90% -> 540 | P56: mV | S56: - | X56: 540 | AC56: 540 | AH56: 540 | AM56: =AVERAGE(X56:AL56) -> 540 | AR56: =AM56-L56 -> 0 | BB56: =ABS(AM56*0.1%)+(1*CK56) -> 0.64 | BG56: =L56+BB56 -> 540.64 | BL56: =L56-BB56 -> 539.36 | BQ56: =IF(AND(AM56<=BG56,AM56>=BL56),"PASS","FAIL") -> PASS | BX56: CoC | BY56: 0.0021 | BZ56: =P56 -> mV | CA56: 2 | CB56: =BY56/CA56 -> 0.00105 | CD56: Annual Drift | CE56: 0 | CF56: =BZ56 -> mV | CG56: =SQRT(3) -> 1.7320508 | CH56: =CE56/CG56 -> 0 | CJ56: Readability | CK56: 0.1 | CL56: =P56 -> mV | CM56: =SQRT(12) -> 3.4641016 | CN56: =CK56/CM56 -> 0.028867513 | CP56: Repeatability | CQ56: =STDEV(X56:AL56) -> 0 | CR56: =P56 -> mV | CS56: =SQRT(3) -> 1.7320508 | CT56: =CQ56/CS56 -> 0 | CV56: =SQRT(SUMSQ(CT56,CN56,CH56,CB56)) -> 0.028886603 | CW56: =(CV56^4)/(((CT56^4)/2)+((CN56^4)/200)+((CH56^4)/200)+((CB56^4)/200)) -> 200.5292 | CX56: =ROUND(TINV(0.05,CW56),0) -> 2 | CY56: =(CV56*CX56) -> 0.057773206 | CZ56: =P56 -> mV | DB56: 0.0018 | DC56: =CZ56 -> mV | DD56: =MAX(DB56,CY56) -> 0.057773206 | DE56: =DC56 -> mV
L57: =600*-90% -> -540 | P57: mV | S57: - | X57: -540 | AC57: -540 | AH57: -540 | AM57: =AVERAGE(X57:AL57) -> -540 | AR57: =AM57-L57 -> 0 | BB57: =ABS(AM57*0.1%)+(1*CK57) -> 0.64 | BG57: =L57+BB57 -> -539.36 | BL57: =L57-BB57 -> -540.64 | BQ57: =IF(AND(AM57<=BG57,AM57>=BL57),"PASS","FAIL") -> PASS | BX57: CoC | BY57: 0.0021 | BZ57: =P57 -> mV | CA57: 2 | CB57: =BY57/CA57 -> 0.00105 | CD57: Annual Drift | CE57: 0 | CF57: =BZ57 -> mV | CG57: =SQRT(3) -> 1.7320508 | CH57: =CE57/CG57 -> 0 | CJ57: Readability | CK57: 0.1 | CL57: =P57 -> mV | CM57: =SQRT(12) -> 3.4641016 | CN57: =CK57/CM57 -> 0.028867513 | CP57: Repeatability | CQ57: =STDEV(X57:AL57) -> 0 | CR57: =P57 -> mV | CS57: =SQRT(3) -> 1.7320508 | CT57: =CQ57/CS57 -> 0 | CV57: =SQRT(SUMSQ(CT57,CN57,CH57,CB57)) -> 0.028886603 | CW57: =(CV57^4)/(((CT57^4)/2)+((CN57^4)/200)+((CH57^4)/200)+((CB57^4)/200)) -> 200.5292 | CX57: =ROUND(TINV(0.05,CW57),0) -> 2 | CY57: =(CV57*CX57) -> 0.057773206 | CZ57: =P57 -> mV | DB57: 0.0018 | DC57: =CZ57 -> mV | DD57: =MAX(DB57,CY57) -> 0.057773206 | DE57: =DC57 -> mV
F58: 6 V | L58: =6*10% -> 0.6 | P58: V | S58: - | X58: 0.6 | AC58: 0.6 | AH58: 0.6 | AM58: =AVERAGE(X58:AL58) -> 0.6 | AR58: =AM58-L58 -> 0 | BB58: =ABS(AM58*0.1%)+(1*CK58) -> 0.0016 | BG58: =L58+BB58 -> 0.6016 | BL58: =L58-BB58 -> 0.5984 | BQ58: =IF(AND(AM58<=BG58,AM58>=BL58),"PASS","FAIL") -> PASS | BX58: CoC | BY58: 2.1e-06 | BZ58: =P58 -> V | CA58: 2 | CB58: =BY58/CA58 -> 1.05e-06 | CD58: Annual Drift | CE58: 0 | CF58: =BZ58 -> V | CG58: =SQRT(3) -> 1.7320508 | CH58: =CE58/CG58 -> 0 | CJ58: Readability | CK58: 0.001 | CL58: =P58 -> V | CM58: =SQRT(12) -> 3.4641016 | CN58: =CK58/CM58 -> 0.00028867513 | CP58: Repeatability | CQ58: =STDEV(X58:AL58) -> 0 | CR58: =P58 -> V | CS58: =SQRT(3) -> 1.7320508 | CT58: =CQ58/CS58 -> 0 | CV58: =SQRT(SUMSQ(CT58,CN58,CH58,CB58)) -> 0.00028867704 | CW58: =(CV58^4)/(((CT58^4)/2)+((CN58^4)/200)+((CH58^4)/200)+((CB58^4)/200)) -> 200.00529 | CX58: =ROUND(TINV(0.05,CW58),0) -> 2 | CY58: =(CV58*CX58) -> 0.00057735409 | CZ58: =P58 -> V | DB58: 1.8e-06 | DC58: =CZ58 -> V | DD58: =MAX(DB58,CY58) -> 0.00057735409 | DE58: =DC58 -> V
L59: =6*90% -> 5.4 | P59: V | S59: - | X59: 5.4 | AC59: 5.4 | AH59: 5.4 | AM59: =AVERAGE(X59:AL59) -> 5.4 | AR59: =AM59-L59 -> 0 | BB59: =ABS(AM59*0.1%)+(1*CK59) -> 0.0064 | BG59: =L59+BB59 -> 5.4064 | BL59: =L59-BB59 -> 5.3936 | BQ59: =IF(AND(AM59<=BG59,AM59>=BL59),"PASS","FAIL") -> PASS | BX59: CoC | BY59: 1.8e-05 | BZ59: =P59 -> V | CA59: 2 | CB59: =BY59/CA59 -> 9e-06 | CD59: Annual Drift | CE59: 0 | CF59: =BZ59 -> V | CG59: =SQRT(3) -> 1.7320508 | CH59: =CE59/CG59 -> 0 | CJ59: Readability | CK59: 0.001 | CL59: =P59 -> V | CM59: =SQRT(12) -> 3.4641016 | CN59: =CK59/CM59 -> 0.00028867513 | CP59: Repeatability | CQ59: =STDEV(X59:AL59) -> 1.087792e-15 | CR59: =P59 -> V | CS59: =SQRT(3) -> 1.7320508 | CT59: =CQ59/CS59 -> 6.2803698e-16 | CV59: =SQRT(SUMSQ(CT59,CN59,CH59,CB59)) -> 0.0002888154 | CW59: =(CV59^4)/(((CT59^4)/2)+((CN59^4)/200)+((CH59^4)/200)+((CB59^4)/200)) -> 200.3888 | CX59: =ROUND(TINV(0.05,CW59),0) -> 2 | CY59: =(CV59*CX59) -> 0.00057763079 | CZ59: =P59 -> V | DB59: 1e-05 | DC59: =CZ59 -> V | DD59: =MAX(DB59,CY59) -> 0.00057763079 | DE59: =DC59 -> V
L60: =6*-90% -> -5.4 | P60: V | S60: - | X60: -5.4 | AC60: -5.4 | AH60: -5.4 | AM60: =AVERAGE(X60:AL60) -> -5.4 | AR60: =AM60-L60 -> 0 | BB60: =ABS(AM60*0.1%)+(1*CK60) -> 0.0064 | BG60: =L60+BB60 -> -5.3936 | BL60: =L60-BB60 -> -5.4064 | BQ60: =IF(AND(AM60<=BG60,AM60>=BL60),"PASS","FAIL") -> PASS | BX60: CoC | BY60: 1.8e-05 | BZ60: =P60 -> V | CA60: 2 | CB60: =BY60/CA60 -> 9e-06 | CD60: Annual Drift | CE60: 0 | CF60: =BZ60 -> V | CG60: =SQRT(3) -> 1.7320508 | CH60: =CE60/CG60 -> 0 | CJ60: Readability | CK60: 0.001 | CL60: =P60 -> V | CM60: =SQRT(12) -> 3.4641016 | CN60: =CK60/CM60 -> 0.00028867513 | CP60: Repeatability | CQ60: =STDEV(X60:AL60) -> 1.087792e-15 | CR60: =P60 -> V | CS60: =SQRT(3) -> 1.7320508 | CT60: =CQ60/CS60 -> 6.2803698e-16 | CV60: =SQRT(SUMSQ(CT60,CN60,CH60,CB60)) -> 0.0002888154 | CW60: =(CV60^4)/(((CT60^4)/2)+((CN60^4)/200)+((CH60^4)/200)+((CB60^4)/200)) -> 200.3888 | CX60: =ROUND(TINV(0.05,CW60),0) -> 2 | CY60: =(CV60*CX60) -> 0.00057763079 | CZ60: =P60 -> V | DB60: 1e-05 | DC60: =CZ60 -> V | DD60: =MAX(DB60,CY60) -> 0.00057763079 | DE60: =DC60 -> V
F61: 60 V | L61: =60*10% -> 6 | P61: V | S61: - | X61: 6 | AC61: 6 | AH61: 6 | AM61: =AVERAGE(X61:AL61) -> 6 | AR61: =AM61-L61 -> 0 | BB61: =ABS(AM61*0.1%)+(1*CK61) -> 0.016 | BG61: =L61+BB61 -> 6.016 | BL61: =L61-BB61 -> 5.984 | BQ61: =IF(AND(AM61<=BG61,AM61>=BL61),"PASS","FAIL") -> PASS | BX61: CoC | BY61: 1.8e-05 | BZ61: =P61 -> V | CA61: 2 | CB61: =BY61/CA61 -> 9e-06 | CD61: Annual Drift | CE61: 0 | CF61: =BZ61 -> V | CG61: =SQRT(3) -> 1.7320508 | CH61: =CE61/CG61 -> 0 | CJ61: Readability | CK61: 0.01 | CL61: =P61 -> V | CM61: =SQRT(12) -> 3.4641016 | CN61: =CK61/CM61 -> 0.0028867513 | CP61: Repeatability | CQ61: =STDEV(X61:AL61) -> 0 | CR61: =P61 -> V | CS61: =SQRT(3) -> 1.7320508 | CT61: =CQ61/CS61 -> 0 | CV61: =SQRT(SUMSQ(CT61,CN61,CH61,CB61)) -> 0.0028867654 | CW61: =(CV61^4)/(((CT61^4)/2)+((CN61^4)/200)+((CH61^4)/200)+((CB61^4)/200)) -> 200.00389 | CX61: =ROUND(TINV(0.05,CW61),0) -> 2 | CY61: =(CV61*CX61) -> 0.0057735308 | CZ61: =P61 -> V | DB61: 1e-05 | DC61: =CZ61 -> V | DD61: =MAX(DB61,CY61) -> 0.0057735308 | DE61: =DC61 -> V
L62: =60*50% -> 30 | P62: V | S62: - | X62: 30 | AC62: 30 | AH62: 30 | AM62: =AVERAGE(X62:AL62) -> 30 | AR62: =AM62-L62 -> 0 | BB62: =ABS(AM62*0.1%)+(1*CK62) -> 0.04 | BG62: =L62+BB62 -> 30.04 | BL62: =L62-BB62 -> 29.96 | BQ62: =IF(AND(AM62<=BG62,AM62>=BL62),"PASS","FAIL") -> PASS | BX62: CoC | BY62: 0.0001 | BZ62: =P62 -> V | CA62: 2 | CB62: =BY62/CA62 -> 5e-05 | CD62: Annual Drift | CE62: 0 | CF62: =BZ62 -> V | CG62: =SQRT(3) -> 1.7320508 | CH62: =CE62/CG62 -> 0 | CJ62: Readability | CK62: 0.01 | CL62: =P62 -> V | CM62: =SQRT(12) -> 3.4641016 | CN62: =CK62/CM62 -> 0.0028867513 | CP62: Repeatability | CQ62: =STDEV(X62:AL62) -> 0 | CR62: =P62 -> V | CS62: =SQRT(3) -> 1.7320508 | CT62: =CQ62/CS62 -> 0 | CV62: =SQRT(SUMSQ(CT62,CN62,CH62,CB62)) -> 0.0028871843 | CW62: =(CV62^4)/(((CT62^4)/2)+((CN62^4)/200)+((CH62^4)/200)+((CB62^4)/200)) -> 200.12 | CX62: =ROUND(TINV(0.05,CW62),0) -> 2 | CY62: =(CV62*CX62) -> 0.0057743687 | CZ62: =P62 -> V | DB62: 1e-05 | DC62: =CZ62 -> V | DD62: =MAX(DB62,CY62) -> 0.0057743687 | DE62: =DC62 -> V
L63: =60*90% -> 54 | P63: V | S63: - | X63: 54 | AC63: 54 | AH63: 54 | AM63: =AVERAGE(X63:AL63) -> 54 | AR63: =AM63-L63 -> 0 | BB63: =ABS(AM63*0.1%)+(1*CK63) -> 0.064 | BG63: =L63+BB63 -> 54.064 | BL63: =L63-BB63 -> 53.936 | BQ63: =IF(AND(AM63<=BG63,AM63>=BL63),"PASS","FAIL") -> PASS | BX63: CoC | BY63: 0.00031 | BZ63: =P63 -> V | CA63: 2 | CB63: =BY63/CA63 -> 0.000155 | CD63: Annual Drift | CE63: 0 | CF63: =BZ63 -> V | CG63: =SQRT(3) -> 1.7320508 | CH63: =CE63/CG63 -> 0 | CJ63: Readability | CK63: 0.01 | CL63: =P63 -> V | CM63: =SQRT(12) -> 3.4641016 | CN63: =CK63/CM63 -> 0.0028867513 | CP63: Repeatability | CQ63: =STDEV(X63:AL63) -> 0 | CR63: =P63 -> V | CS63: =SQRT(3) -> 1.7320508 | CT63: =CQ63/CS63 -> 0 | CV63: =SQRT(SUMSQ(CT63,CN63,CH63,CB63)) -> 0.0028909096 | CW63: =(CV63^4)/(((CT63^4)/2)+((CN63^4)/200)+((CH63^4)/200)+((CB63^4)/200)) -> 201.15319 | CX63: =ROUND(TINV(0.05,CW63),0) -> 2 | CY63: =(CV63*CX63) -> 0.0057818192 | CZ63: =P63 -> V | DB63: 0.00018 | DC63: =CZ63 -> V | DD63: =MAX(DB63,CY63) -> 0.0057818192 | DE63: =DC63 -> V
L64: =60*-10% -> -6 | P64: V | S64: - | X64: -6 | AC64: -6 | AH64: -6 | AM64: =AVERAGE(X64:AL64) -> -6 | AR64: =AM64-L64 -> 0 | BB64: =ABS(AM64*0.1%)+(1*CK64) -> 0.016 | BG64: =L64+BB64 -> -5.984 | BL64: =L64-BB64 -> -6.016 | BQ64: =IF(AND(AM64<=BG64,AM64>=BL64),"PASS","FAIL") -> PASS | BX64: CoC | BY64: 1.8e-05 | BZ64: =P64 -> V | CA64: 2 | CB64: =BY64/CA64 -> 9e-06 | CD64: Annual Drift | CE64: 0 | CF64: =BZ64 -> V | CG64: =SQRT(3) -> 1.7320508 | CH64: =CE64/CG64 -> 0 | CJ64: Readability | CK64: 0.01 | CL64: =P64 -> V | CM64: =SQRT(12) -> 3.4641016 | CN64: =CK64/CM64 -> 0.0028867513 | CP64: Repeatability | CQ64: =STDEV(X64:AL64) -> 0 | CR64: =P64 -> V | CS64: =SQRT(3) -> 1.7320508 | CT64: =CQ64/CS64 -> 0 | CV64: =SQRT(SUMSQ(CT64,CN64,CH64,CB64)) -> 0.0028867654 | CW64: =(CV64^4)/(((CT64^4)/2)+((CN64^4)/200)+((CH64^4)/200)+((CB64^4)/200)) -> 200.00389 | CX64: =ROUND(TINV(0.05,CW64),0) -> 2 | CY64: =(CV64*CX64) -> 0.0057735308 | CZ64: =P64 -> V | DB64: 1e-05 | DC64: =CZ64 -> V | DD64: =MAX(DB64,CY64) -> 0.0057735308 | DE64: =DC64 -> V
L65: =60*-90% -> -54 | P65: V | S65: - | X65: -54 | AC65: -54 | AH65: -54 | AM65: =AVERAGE(X65:AL65) -> -54 | AR65: =AM65-L65 -> 0 | BB65: =ABS(AM65*0.1%)+(1*CK65) -> 0.064 | BG65: =L65+BB65 -> -53.936 | BL65: =L65-BB65 -> -54.064 | BQ65: =IF(AND(AM65<=BG65,AM65>=BL65),"PASS","FAIL") -> PASS | BX65: CoC | BY65: 0.00031 | BZ65: =P65 -> V | CA65: 2 | CB65: =BY65/CA65 -> 0.000155 | CD65: Annual Drift | CE65: 0 | CF65: =BZ65 -> V | CG65: =SQRT(3) -> 1.7320508 | CH65: =CE65/CG65 -> 0 | CJ65: Readability | CK65: 0.01 | CL65: =P65 -> V | CM65: =SQRT(12) -> 3.4641016 | CN65: =CK65/CM65 -> 0.0028867513 | CP65: Repeatability | CQ65: =STDEV(X65:AL65) -> 0 | CR65: =P65 -> V | CS65: =SQRT(3) -> 1.7320508 | CT65: =CQ65/CS65 -> 0 | CV65: =SQRT(SUMSQ(CT65,CN65,CH65,CB65)) -> 0.0028909096 | CW65: =(CV65^4)/(((CT65^4)/2)+((CN65^4)/200)+((CH65^4)/200)+((CB65^4)/200)) -> 201.15319 | CX65: =ROUND(TINV(0.05,CW65),0) -> 2 | CY65: =(CV65*CX65) -> 0.0057818192 | CZ65: =P65 -> V | DB65: 0.00018 | DC65: =CZ65 -> V | DD65: =MAX(DB65,CY65) -> 0.0057818192 | DE65: =DC65 -> V
F66: 600 V | L66: 60 | P66: V | S66: - | X66: 60 | AC66: 60 | AH66: 60 | AM66: =AVERAGE(X66:AL66) -> 60 | AR66: =AM66-L66 -> 0 | BB66: =ABS(AM66*0.1%)+(1*CK66) -> 0.16 | BG66: =L66+BB66 -> 60.16 | BL66: =L66-BB66 -> 59.84 | BQ66: =IF(AND(AM66<=BG66,AM66>=BL66),"PASS","FAIL") -> PASS | BX66: CoC | BY66: 0.00031 | BZ66: =P66 -> V | CA66: 2 | CB66: =BY66/CA66 -> 0.000155 | CD66: Annual Drift | CE66: 0 | CF66: =BZ66 -> V | CG66: =SQRT(3) -> 1.7320508 | CH66: =CE66/CG66 -> 0 | CJ66: Readability | CK66: 0.1 | CL66: =P66 -> V | CM66: =SQRT(12) -> 3.4641016 | CN66: =CK66/CM66 -> 0.028867513 | CP66: Repeatability | CQ66: =STDEV(X66:AL66) -> 0 | CR66: =P66 -> V | CS66: =SQRT(3) -> 1.7320508 | CT66: =CQ66/CS66 -> 0 | CV66: =SQRT(SUMSQ(CT66,CN66,CH66,CB66)) -> 0.02886793 | CW66: =(CV66^4)/(((CT66^4)/2)+((CN66^4)/200)+((CH66^4)/200)+((CB66^4)/200)) -> 200.01153 | CX66: =ROUND(TINV(0.05,CW66),0) -> 2 | CY66: =(CV66*CX66) -> 0.057735859 | CZ66: =P66 -> V | DB66: 0.00018 | DC66: =CZ66 -> V | DD66: =MAX(DB66,CY66) -> 0.057735859 | DE66: =DC66 -> V
L67: 540 | P67: V | S67: - | X67: 540 | AC67: 540 | AH67: 540 | AM67: =AVERAGE(X67:AL67) -> 540 | AR67: =AM67-L67 -> 0 | BB67: =ABS(AM67*0.1%)+(1*CK67) -> 0.64 | BG67: =L67+BB67 -> 540.64 | BL67: =L67-BB67 -> 539.36 | BQ67: =IF(AND(AM67<=BG67,AM67>=BL67),"PASS","FAIL") -> PASS | BX67: CoC | BY67: 0.0033 | BZ67: =P67 -> V | CA67: 2 | CB67: =BY67/CA67 -> 0.00165 | CD67: Annual Drift | CE67: 0 | CF67: =BZ67 -> V | CG67: =SQRT(3) -> 1.7320508 | CH67: =CE67/CG67 -> 0 | CJ67: Readability | CK67: 0.1 | CL67: =P67 -> V | CM67: =SQRT(12) -> 3.4641016 | CN67: =CK67/CM67 -> 0.028867513 | CP67: Repeatability | CQ67: =STDEV(X67:AL67) -> 0 | CR67: =P67 -> V | CS67: =SQRT(3) -> 1.7320508 | CT67: =CQ67/CS67 -> 0 | CV67: =SQRT(SUMSQ(CT67,CN67,CH67,CB67)) -> 0.02891463 | CW67: =(CV67^4)/(((CT67^4)/2)+((CN67^4)/200)+((CH67^4)/200)+((CB67^4)/200)) -> 201.30679 | CX67: =ROUND(TINV(0.05,CW67),0) -> 2 | CY67: =(CV67*CX67) -> 0.05782926 | CZ67: =P67 -> V | DB67: 0.0014 | DC67: =CZ67 -> V | DD67: =MAX(DB67,CY67) -> 0.05782926 | DE67: =DC67 -> V
L68: -540 | P68: V | S68: - | X68: -540 | AC68: -540 | AH68: -540 | AM68: =AVERAGE(X68:AL68) -> -540 | AR68: =AM68-L68 -> 0 | BB68: =ABS(AM68*0.1%)+(1*CK68) -> 0.64 | BG68: =L68+BB68 -> -539.36 | BL68: =L68-BB68 -> -540.64 | BQ68: =IF(AND(AM68<=BG68,AM68>=BL68),"PASS","FAIL") -> PASS | BX68: CoC | BY68: 0.0033 | BZ68: =P68 -> V | CA68: 2 | CB68: =BY68/CA68 -> 0.00165 | CD68: Annual Drift | CE68: 0 | CF68: =BZ68 -> V | CG68: =SQRT(3) -> 1.7320508 | CH68: =CE68/CG68 -> 0 | CJ68: Readability | CK68: 0.1 | CL68: =P68 -> V | CM68: =SQRT(12) -> 3.4641016 | CN68: =CK68/CM68 -> 0.028867513 | CP68: Repeatability | CQ68: =STDEV(X68:AL68) -> 0 | CR68: =P68 -> V | CS68: =SQRT(3) -> 1.7320508 | CT68: =CQ68/CS68 -> 0 | CV68: =SQRT(SUMSQ(CT68,CN68,CH68,CB68)) -> 0.02891463 | CW68: =(CV68^4)/(((CT68^4)/2)+((CN68^4)/200)+((CH68^4)/200)+((CB68^4)/200)) -> 201.30679 | CX68: =ROUND(TINV(0.05,CW68),0) -> 2 | CY68: =(CV68*CX68) -> 0.05782926 | CZ68: =P68 -> V | DB68: 0.0014 | DC68: =CZ68 -> V | DD68: =MAX(DB68,CY68) -> 0.05782926 | DE68: =DC68 -> V
F69: 1000 V | L69: =1000*10% -> 100 | P69: V | S69: - | X69: 100 | AC69: 100 | AH69: 100 | AM69: =AVERAGE(X69:AL69) -> 100 | AR69: =AM69-L69 -> 0 | BB69: =ABS(AM69*0.1%)+(1*CK69) -> 1.1 | BG69: =L69+BB69 -> 101.1 | BL69: =L69-BB69 -> 98.9 | BQ69: =IF(AND(AM69<=BG69,AM69>=BL69),"PASS","FAIL") -> PASS | BX69: CoC | BY69: 0.00031 | BZ69: =P69 -> V | CA69: 2 | CB69: =BY69/CA69 -> 0.000155 | CD69: Annual Drift | CE69: 0 | CF69: =BZ69 -> V | CG69: =SQRT(3) -> 1.7320508 | CH69: =CE69/CG69 -> 0 | CJ69: Readability | CK69: 1 | CL69: =P69 -> V | CM69: =SQRT(12) -> 3.4641016 | CN69: =CK69/CM69 -> 0.28867513 | CP69: Repeatability | CQ69: =STDEV(X69:AL69) -> 0 | CR69: =P69 -> V | CS69: =SQRT(3) -> 1.7320508 | CT69: =CQ69/CS69 -> 0 | CV69: =SQRT(SUMSQ(CT69,CN69,CH69,CB69)) -> 0.28867518 | CW69: =(CV69^4)/(((CT69^4)/2)+((CN69^4)/200)+((CH69^4)/200)+((CB69^4)/200)) -> 200.00012 | CX69: =ROUND(TINV(0.05,CW69),0) -> 2 | CY69: =(CV69*CX69) -> 0.57735035 | CZ69: =P69 -> V | DB69: 0.00018 | DC69: =CZ69 -> V | DD69: =MAX(DB69,CY69) -> 0.57735035 | DE69: =DC69 -> V
L70: =1000*90% -> 900 | P70: V | S70: - | X70: 900 | AC70: 900 | AH70: 900 | AM70: =AVERAGE(X70:AL70) -> 900 | AR70: =AM70-L70 -> 0 | BB70: =ABS(AM70*0.1%)+(1*CK70) -> 1.9 | BG70: =L70+BB70 -> 901.9 | BL70: =L70-BB70 -> 898.1 | BQ70: =IF(AND(AM70<=BG70,AM70>=BL70),"PASS","FAIL") -> PASS | BX70: CoC | BY70: 0.0033 | BZ70: =P70 -> V | CA70: 2 | CB70: =BY70/CA70 -> 0.00165 | CD70: Annual Drift | CE70: 0 | CF70: =BZ70 -> V | CG70: =SQRT(3) -> 1.7320508 | CH70: =CE70/CG70 -> 0 | CJ70: Readability | CK70: 1 | CL70: =P70 -> V | CM70: =SQRT(12) -> 3.4641016 | CN70: =CK70/CM70 -> 0.28867513 | CP70: Repeatability | CQ70: =STDEV(X70:AL70) -> 0 | CR70: =P70 -> V | CS70: =SQRT(3) -> 1.7320508 | CT70: =CQ70/CS70 -> 0 | CV70: =SQRT(SUMSQ(CT70,CN70,CH70,CB70)) -> 0.28867985 | CW70: =(CV70^4)/(((CT70^4)/2)+((CN70^4)/200)+((CH70^4)/200)+((CB70^4)/200)) -> 200.01307 | CX70: =ROUND(TINV(0.05,CW70),0) -> 2 | CY70: =(CV70*CX70) -> 0.5773597 | CZ70: =P70 -> V | DB70: 0.0014 | DC70: =CZ70 -> V | DD70: =MAX(DB70,CY70) -> 0.5773597 | DE70: =DC70 -> V
L71: =1000*-90% -> -900 | P71: V | S71: - | X71: -900 | AC71: -900 | AH71: -900 | AM71: =AVERAGE(X71:AL71) -> -900 | AR71: =AM71-L71 -> 0 | BB71: =ABS(AM71*0.1%)+(1*CK71) -> 1.9 | BG71: =L71+BB71 -> -898.1 | BL71: =L71-BB71 -> -901.9 | BQ71: =IF(AND(AM71<=BG71,AM71>=BL71),"PASS","FAIL") -> PASS | BX71: CoC | BY71: 0.0033 | BZ71: =P71 -> V | CA71: 2 | CB71: =BY71/CA71 -> 0.00165 | CD71: Annual Drift | CE71: 0 | CF71: =BZ71 -> V | CG71: =SQRT(3) -> 1.7320508 | CH71: =CE71/CG71 -> 0 | CJ71: Readability | CK71: 1 | CL71: =P71 -> V | CM71: =SQRT(12) -> 3.4641016 | CN71: =CK71/CM71 -> 0.28867513 | CP71: Repeatability | CQ71: =STDEV(X71:AL71) -> 0 | CR71: =P71 -> V | CS71: =SQRT(3) -> 1.7320508 | CT71: =CQ71/CS71 -> 0 | CV71: =SQRT(SUMSQ(CT71,CN71,CH71,CB71)) -> 0.28867985 | CW71: =(CV71^4)/(((CT71^4)/2)+((CN71^4)/200)+((CH71^4)/200)+((CB71^4)/200)) -> 200.01307 | CX71: =ROUND(TINV(0.05,CW71),0) -> 2 | CY71: =(CV71*CX71) -> 0.5773597 | CZ71: =P71 -> V | DB71: 0.0014 | DC71: =CZ71 -> V | DD71: =MAX(DB71,CY71) -> 0.5773597 | DE71: =DC71 -> V
F73: AC Voltage Test | BB73: Based on Tolerance | BX73: Standard | CD73: Standard | CJ73: Unit Under Test | CP73: Unit Under Test | CV73: Expanded Uncertainty | DB73: MINIMUM CMC | DD73: FINAL UNCERTAINTY DECLARATION
F74: Range | L74: Nominal Value | S74: Frequency | X74: Measured Value | AM74: Average | AR74: Error | BB74: Tolerance | BG74: Upper Limit | BL74: Lower Limit | BQ74: Remarks | BX74: Source | BY74: Uncertainty | BZ74: Unit | CA74: Divisor | CB74: Ui | CD74: Source | CE74: Uncertainty | CF74: Unit | CG74: Divisor | CH74: Ui | CJ74: Source | CK74: Uncertainty | CL74: Unit | CM74: Divisor | CN74: Ui | CP74: Source | CQ74: Uncertainty | CR74: Unit | CS74: Divisor | CT74: Ui | CV74: COMBINED STANDARD | CW74: EFFECTIVE DEGREES | CX74: C. FACTOR, k = student's | CY74: EXPANDED UNCERTAINTY,
X75: 1 | AC75: 2 | AH75: 3 | CV75: UNCERTAINTY, Uc | CW75: OF FREEDOM, Veff | CX75: t for Veff and 95 % C.L. | CY75: U @ 95 % C.L. ±
F76: 600 mV | L76: =600*10% -> 60 | P76: mV | S76: 50 Hz | X76: 60 | AC76: 60 | AH76: 60 | AM76: =AVERAGE(X76:AL76) -> 60 | AR76: =AM76-L76 -> 0 | BB76: =(AM76*0.7%)+(4*CK76) -> 0.82 | BG76: =L76+BB76 -> 60.82 | BL76: =L76-BB76 -> 59.18 | BQ76: =IF(AND(AM76<=BG76,AM76>=BL76),"PASS","FAIL") -> PASS | BX76: CoC | BY76: 0.07 | BZ76: =P76 -> mV | CA76: 2 | CB76: =BY76/CA76 -> 0.035 | CD76: Annual Drift | CE76: 0 | CF76: =BZ76 -> mV | CG76: =SQRT(3) -> 1.7320508 | CH76: =CE76/CG76 -> 0 | CJ76: Readability | CK76: 0.1 | CL76: =P76 -> mV | CM76: =SQRT(12) -> 3.4641016 | CN76: =CK76/CM76 -> 0.028867513 | CP76: Repeatability | CQ76: =STDEV(X76:AL76) -> 0 | CR76: =P76 -> mV | CS76: =SQRT(3) -> 1.7320508 | CT76: =CQ76/CS76 -> 0 | CV76: =SQRT(SUMSQ(CT76,CN76,CH76,CB76)) -> 0.045368859 | CW76: =(CV76^4)/(((CT76^4)/2)+((CN76^4)/200)+((CH76^4)/200)+((CB76^4)/200)) -> 386.02297 | CX76: =ROUND(TINV(0.05,CW76),0) -> 2 | CY76: =(CV76*CX76) -> 0.090737717 | CZ76: =P76 -> mV | DB76: 0.01 | DC76: =CZ76 -> mV | DD76: =MAX(DB76,CY76) -> 0.090737717 | DE76: =DC76 -> mV
L77: =600*10% -> 60 | P77: mV | S77: 1 kHz | X77: 60 | AC77: 60 | AH77: 60 | AM77: =AVERAGE(X77:AL77) -> 60 | AR77: =AM77-L77 -> 0 | BB77: =(AM77*1%)+(4*CK77) -> 1 | BG77: =L77+BB77 -> 61 | BL77: =L77-BB77 -> 59 | BQ77: =IF(AND(AM77<=BG77,AM77>=BL77),"PASS","FAIL") -> PASS | BX77: CoC | BY77: 0.07 | BZ77: =P77 -> mV | CA77: 2 | CB77: =BY77/CA77 -> 0.035 | CD77: Annual Drift | CE77: 0 | CF77: =BZ77 -> mV | CG77: =SQRT(3) -> 1.7320508 | CH77: =CE77/CG77 -> 0 | CJ77: Readability | CK77: 0.1 | CL77: =P77 -> mV | CM77: =SQRT(12) -> 3.4641016 | CN77: =CK77/CM77 -> 0.028867513 | CP77: Repeatability | CQ77: =STDEV(X77:AL77) -> 0 | CR77: =P77 -> mV | CS77: =SQRT(3) -> 1.7320508 | CT77: =CQ77/CS77 -> 0 | CV77: =SQRT(SUMSQ(CT77,CN77,CH77,CB77)) -> 0.045368859 | CW77: =(CV77^4)/(((CT77^4)/2)+((CN77^4)/200)+((CH77^4)/200)+((CB77^4)/200)) -> 386.02297 | CX77: =ROUND(TINV(0.05,CW77),0) -> 2 | CY77: =(CV77*CX77) -> 0.090737717 | CZ77: =P77 -> mV | DB77: 0.01 | DC77: =CZ77 -> mV | DD77: =MAX(DB77,CY77) -> 0.090737717 | DE77: =DC77 -> mV
L78: =600*90% -> 540 | P78: mV | S78: 50 Hz | X78: 540 | AC78: 540 | AH78: 540 | AM78: =AVERAGE(X78:AL78) -> 540 | AR78: =AM78-L78 -> 0 | BB78: =(AM78*0.7%)+(4*CK78) -> 4.18 | BG78: =L78+BB78 -> 544.18 | BL78: =L78-BB78 -> 535.82 | BQ78: =IF(AND(AM78<=BG78,AM78>=BL78),"PASS","FAIL") -> PASS | BX78: CoC | BY78: 0.91 | BZ78: =P78 -> mV | CA78: 2 | CB78: =BY78/CA78 -> 0.455 | CD78: Annual Drift | CE78: 0 | CF78: =BZ78 -> mV | CG78: =SQRT(3) -> 1.7320508 | CH78: =CE78/CG78 -> 0 | CJ78: Readability | CK78: 0.1 | CL78: =P78 -> mV | CM78: =SQRT(12) -> 3.4641016 | CN78: =CK78/CM78 -> 0.028867513 | CP78: Repeatability | CQ78: =STDEV(X78:AL78) -> 0 | CR78: =P78 -> mV | CS78: =SQRT(3) -> 1.7320508 | CT78: =CQ78/CS78 -> 0 | CV78: =SQRT(SUMSQ(CT78,CN78,CH78,CB78)) -> 0.45591483 | CW78: =(CV78^4)/(((CT78^4)/2)+((CN78^4)/200)+((CH78^4)/200)+((CB78^4)/200)) -> 201.61009 | CX78: =ROUND(TINV(0.05,CW78),0) -> 2 | CY78: =(CV78*CX78) -> 0.91182966 | CZ78: =P78 -> mV | DB78: 0.085 | DC78: =CZ78 -> mV | DD78: =MAX(DB78,CY78) -> 0.91182966 | DE78: =DC78 -> mV
L79: =600*90% -> 540 | P79: mV | S79: 1 kHz | X79: 540 | AC79: 540 | AH79: 540 | AM79: =AVERAGE(X79:AL79) -> 540 | AR79: =AM79-L79 -> 0 | BB79: =(AM79*1%)+(4*CK79) -> 5.8 | BG79: =L79+BB79 -> 545.8 | BL79: =L79-BB79 -> 534.2 | BQ79: =IF(AND(AM79<=BG79,AM79>=BL79),"PASS","FAIL") -> PASS | BX79: CoC | BY79: 0.91 | BZ79: =P79 -> mV | CA79: 2 | CB79: =BY79/CA79 -> 0.455 | CD79: Annual Drift | CE79: 0 | CF79: =BZ79 -> mV | CG79: =SQRT(3) -> 1.7320508 | CH79: =CE79/CG79 -> 0 | CJ79: Readability | CK79: 0.1 | CL79: =P79 -> mV | CM79: =SQRT(12) -> 3.4641016 | CN79: =CK79/CM79 -> 0.028867513 | CP79: Repeatability | CQ79: =STDEV(X79:AL79) -> 0 | CR79: =P79 -> mV | CS79: =SQRT(3) -> 1.7320508 | CT79: =CQ79/CS79 -> 0 | CV79: =SQRT(SUMSQ(CT79,CN79,CH79,CB79)) -> 0.45591483 | CW79: =(CV79^4)/(((CT79^4)/2)+((CN79^4)/200)+((CH79^4)/200)+((CB79^4)/200)) -> 201.61009 | CX79: =ROUND(TINV(0.05,CW79),0) -> 2 | CY79: =(CV79*CX79) -> 0.91182966 | CZ79: =P79 -> mV | DB79: 0.085 | DC79: =CZ79 -> mV | DD79: =MAX(DB79,CY79) -> 0.91182966 | DE79: =DC79 -> mV
F80: 6 V | L80: =6*10% -> 0.6 | P80: V | S80: 50 Hz | X80: 0.6 | AC80: 0.6 | AH80: 0.6 | AM80: =AVERAGE(X80:AL80) -> 0.6 | AR80: =AM80-L80 -> 0 | BB80: =(AM80*0.7%)+(2*CK80) -> 0.0062 | BG80: =L80+BB80 -> 0.6062 | BL80: =L80-BB80 -> 0.5938 | BQ80: =IF(AND(AM80<=BG80,AM80>=BL80),"PASS","FAIL") -> PASS | BX80: CoC | BY80: 0.00091 | BZ80: =P80 -> V | CA80: 2 | CB80: =BY80/CA80 -> 0.000455 | CD80: Annual Drift | CE80: 0 | CF80: =BZ80 -> V | CG80: =SQRT(3) -> 1.7320508 | CH80: =CE80/CG80 -> 0 | CJ80: Readability | CK80: 0.001 | CL80: =P80 -> V | CM80: =SQRT(12) -> 3.4641016 | CN80: =CK80/CM80 -> 0.00028867513 | CP80: Repeatability | CQ80: =STDEV(X80:AL80) -> 0 | CR80: =P80 -> V | CS80: =SQRT(3) -> 1.7320508 | CT80: =CQ80/CS80 -> 0 | CV80: =SQRT(SUMSQ(CT80,CN80,CH80,CB80)) -> 0.00053884908 | CW80: =(CV80^4)/(((CT80^4)/2)+((CN80^4)/200)+((CH80^4)/200)+((CB80^4)/200)) -> 338.56039 | CX80: =ROUND(TINV(0.05,CW80),0) -> 2 | CY80: =(CV80*CX80) -> 0.0010776982 | CZ80: =P80 -> V | DB80: 8.5e-05 | DC80: =CZ80 -> V | DD80: =MAX(DB80,CY80) -> 0.0010776982 | DE80: =DC80 -> V
L81: =6*10% -> 0.6 | P81: V | S81: 1 kHz | X81: 0.6 | AC81: 0.6 | AH81: 0.6 | AM81: =AVERAGE(X81:AL81) -> 0.6 | AR81: =AM81-L81 -> 0 | BB81: =(AM81*1%)+(4*CK81) -> 0.01 | BG81: =L81+BB81 -> 0.61 | BL81: =L81-BB81 -> 0.59 | BQ81: =IF(AND(AM81<=BG81,AM81>=BL81),"PASS","FAIL") -> PASS | BX81: CoC | BY81: 0.00091 | BZ81: =P81 -> V | CA81: 2 | CB81: =BY81/CA81 -> 0.000455 | CD81: Annual Drift | CE81: 0 | CF81: =BZ81 -> V | CG81: =SQRT(3) -> 1.7320508 | CH81: =CE81/CG81 -> 0 | CJ81: Readability | CK81: 0.001 | CL81: =P81 -> V | CM81: =SQRT(12) -> 3.4641016 | CN81: =CK81/CM81 -> 0.00028867513 | CP81: Repeatability | CQ81: =STDEV(X81:AL81) -> 0 | CR81: =P81 -> V | CS81: =SQRT(3) -> 1.7320508 | CT81: =CQ81/CS81 -> 0 | CV81: =SQRT(SUMSQ(CT81,CN81,CH81,CB81)) -> 0.00053884908 | CW81: =(CV81^4)/(((CT81^4)/2)+((CN81^4)/200)+((CH81^4)/200)+((CB81^4)/200)) -> 338.56039 | CX81: =ROUND(TINV(0.05,CW81),0) -> 2 | CY81: =(CV81*CX81) -> 0.0010776982 | CZ81: =P81 -> V | DB81: 8.5e-05 | DC81: =CZ81 -> V | DD81: =MAX(DB81,CY81) -> 0.0010776982 | DE81: =DC81 -> V
L82: =6*90% -> 5.4 | P82: V | S82: 50 Hz | X82: 5.4 | AC82: 5.4 | AH82: 5.4 | AM82: =AVERAGE(X82:AL82) -> 5.4 | AR82: =AM82-L82 -> 0 | BB82: =(AM82*0.7%)+(2*CK82) -> 0.0398 | BG82: =L82+BB82 -> 5.4398 | BL82: =L82-BB82 -> 5.3602 | BQ82: =IF(AND(AM82<=BG82,AM82>=BL82),"PASS","FAIL") -> PASS | BX82: CoC | BY82: 0.0073 | BZ82: =P82 -> V | CA82: 2 | CB82: =BY82/CA82 -> 0.00365 | CD82: Annual Drift | CE82: 0 | CF82: =BZ82 -> V | CG82: =SQRT(3) -> 1.7320508 | CH82: =CE82/CG82 -> 0 | CJ82: Readability | CK82: 0.001 | CL82: =P82 -> V | CM82: =SQRT(12) -> 3.4641016 | CN82: =CK82/CM82 -> 0.00028867513 | CP82: Repeatability | CQ82: =STDEV(X82:AL82) -> 1.087792e-15 | CR82: =P82 -> V | CS82: =SQRT(3) -> 1.7320508 | CT82: =CQ82/CS82 -> 6.2803698e-16 | CV82: =SQRT(SUMSQ(CT82,CN82,CH82,CB82)) -> 0.0036613977 | CW82: =(CV82^4)/(((CT82^4)/2)+((CN82^4)/200)+((CH82^4)/200)+((CB82^4)/200)) -> 202.50194 | CX82: =ROUND(TINV(0.05,CW82),0) -> 2 | CY82: =(CV82*CX82) -> 0.0073227955 | CZ82: =P82 -> V | DB82: 0.00085 | DC82: =CZ82 -> V | DD82: =MAX(DB82,CY82) -> 0.0073227955 | DE82: =DC82 -> V
L83: =6*90% -> 5.4 | P83: V | S83: 1 kHz | X83: 5.4 | AC83: 5.4 | AH83: 5.4 | AM83: =AVERAGE(X83:AL83) -> 5.4 | AR83: =AM83-L83 -> 0 | BB83: =(AM83*1%)+(4*CK83) -> 0.058 | BG83: =L83+BB83 -> 5.458 | BL83: =L83-BB83 -> 5.342 | BQ83: =IF(AND(AM83<=BG83,AM83>=BL83),"PASS","FAIL") -> PASS | BX83: CoC | BY83: 0.0073 | BZ83: =P83 -> V | CA83: 2 | CB83: =BY83/CA83 -> 0.00365 | CD83: Annual Drift | CE83: 0 | CF83: =BZ83 -> V | CG83: =SQRT(3) -> 1.7320508 | CH83: =CE83/CG83 -> 0 | CJ83: Readability | CK83: 0.001 | CL83: =P83 -> V | CM83: =SQRT(12) -> 3.4641016 | CN83: =CK83/CM83 -> 0.00028867513 | CP83: Repeatability | CQ83: =STDEV(X83:AL83) -> 1.087792e-15 | CR83: =P83 -> V | CS83: =SQRT(3) -> 1.7320508 | CT83: =CQ83/CS83 -> 6.2803698e-16 | CV83: =SQRT(SUMSQ(CT83,CN83,CH83,CB83)) -> 0.0036613977 | CW83: =(CV83^4)/(((CT83^4)/2)+((CN83^4)/200)+((CH83^4)/200)+((CB83^4)/200)) -> 202.50194 | CX83: =ROUND(TINV(0.05,CW83),0) -> 2 | CY83: =(CV83*CX83) -> 0.0073227955 | CZ83: =P83 -> V | DB83: 0.00085 | DC83: =CZ83 -> V | DD83: =MAX(DB83,CY83) -> 0.0073227955 | DE83: =DC83 -> V
F84: 60 V | L84: =60*10% -> 6 | P84: V | S84: 50 Hz | X84: 6 | AC84: 6 | AH84: 6 | AM84: =AVERAGE(X84:AL84) -> 6 | AR84: =AM84-L84 -> 0 | BB84: =(AM84*0.7%)+(2*CK84) -> 0.062 | BG84: =L84+BB84 -> 6.062 | BL84: =L84-BB84 -> 5.938 | BQ84: =IF(AND(AM84<=BG84,AM84>=BL84),"PASS","FAIL") -> PASS | BX84: CoC | BY84: 0.0073 | BZ84: =P84 -> V | CA84: 2 | CB84: =BY84/CA84 -> 0.00365 | CD84: Annual Drift | CE84: 0 | CF84: =BZ84 -> V | CG84: =SQRT(3) -> 1.7320508 | CH84: =CE84/CG84 -> 0 | CJ84: Readability | CK84: 0.01 | CL84: =P84 -> V | CM84: =SQRT(12) -> 3.4641016 | CN84: =CK84/CM84 -> 0.0028867513 | CP84: Repeatability | CQ84: =STDEV(X84:AL84) -> 0 | CR84: =P84 -> V | CS84: =SQRT(3) -> 1.7320508 | CT84: =CQ84/CS84 -> 0 | CV84: =SQRT(SUMSQ(CT84,CN84,CH84,CB84)) -> 0.0046535828 | CW84: =(CV84^4)/(((CT84^4)/2)+((CN84^4)/200)+((CH84^4)/200)+((CB84^4)/200)) -> 379.83928 | CX84: =ROUND(TINV(0.05,CW84),0) -> 2 | CY84: =(CV84*CX84) -> 0.0093071657 | CZ84: =P84 -> V | DB84: 0.00085 | DC84: =CZ84 -> V | DD84: =MAX(DB84,CY84) -> 0.0093071657 | DE84: =DC84 -> V
L85: =60*10% -> 6 | P85: V | S85: 1 kHz | X85: 6 | AC85: 6 | AH85: 6 | AM85: =AVERAGE(X85:AL85) -> 6 | AR85: =AM85-L85 -> 0 | BB85: =(AM85*1%)+(4*CK85) -> 0.1 | BG85: =L85+BB85 -> 6.1 | BL85: =L85-BB85 -> 5.9 | BQ85: =IF(AND(AM85<=BG85,AM85>=BL85),"PASS","FAIL") -> PASS | BX85: CoC | BY85: 0.0073 | BZ85: =P85 -> V | CA85: 2 | CB85: =BY85/CA85 -> 0.00365 | CD85: Annual Drift | CE85: 0 | CF85: =BZ85 -> V | CG85: =SQRT(3) -> 1.7320508 | CH85: =CE85/CG85 -> 0 | CJ85: Readability | CK85: 0.01 | CL85: =P85 -> V | CM85: =SQRT(12) -> 3.4641016 | CN85: =CK85/CM85 -> 0.0028867513 | CP85: Repeatability | CQ85: =STDEV(X85:AL85) -> 0 | CR85: =P85 -> V | CS85: =SQRT(3) -> 1.7320508 | CT85: =CQ85/CS85 -> 0 | CV85: =SQRT(SUMSQ(CT85,CN85,CH85,CB85)) -> 0.0046535828 | CW85: =(CV85^4)/(((CT85^4)/2)+((CN85^4)/200)+((CH85^4)/200)+((CB85^4)/200)) -> 379.83928 | CX85: =ROUND(TINV(0.05,CW85),0) -> 2 | CY85: =(CV85*CX85) -> 0.0093071657 | CZ85: =P85 -> V | DB85: 0.00085 | DC85: =CZ85 -> V | DD85: =MAX(DB85,CY85) -> 0.0093071657 | DE85: =DC85 -> V
L86: =60*50% -> 30 | P86: V | S86: 50 Hz | X86: 30 | AC86: 30 | AH86: 30 | AM86: =AVERAGE(X86:AL86) -> 30 | AR86: =AM86-L86 -> 0 | BB86: =(AM86*0.7%)+(2*CK86) -> 0.23 | BG86: =L86+BB86 -> 30.23 | BL86: =L86-BB86 -> 29.77 | BQ86: =IF(AND(AM86<=BG86,AM86>=BL86),"PASS","FAIL") -> PASS | BX86: CoC | BY86: 0.0073 | BZ86: =P86 -> V | CA86: 2 | CB86: =BY86/CA86 -> 0.00365 | CD86: Annual Drift | CE86: 0 | CF86: =BZ86 -> V | CG86: =SQRT(3) -> 1.7320508 | CH86: =CE86/CG86 -> 0 | CJ86: Readability | CK86: 0.01 | CL86: =P86 -> V | CM86: =SQRT(12) -> 3.4641016 | CN86: =CK86/CM86 -> 0.0028867513 | CP86: Repeatability | CQ86: =STDEV(X86:AL86) -> 0 | CR86: =P86 -> V | CS86: =SQRT(3) -> 1.7320508 | CT86: =CQ86/CS86 -> 0 | CV86: =SQRT(SUMSQ(CT86,CN86,CH86,CB86)) -> 0.0046535828 | CW86: =(CV86^4)/(((CT86^4)/2)+((CN86^4)/200)+((CH86^4)/200)+((CB86^4)/200)) -> 379.83928 | CX86: =ROUND(TINV(0.05,CW86),0) -> 2 | CY86: =(CV86*CX86) -> 0.0093071657 | CZ86: =P86 -> V | DB86: 0.00085 | DC86: =CZ86 -> V | DD86: =MAX(DB86,CY86) -> 0.0093071657 | DE86: =DC86 -> V
L87: =60*50% -> 30 | P87: V | S87: 1 kHz | X87: 30 | AC87: 30 | AH87: 30 | AM87: =AVERAGE(X87:AL87) -> 30 | AR87: =AM87-L87 -> 0 | BB87: =(AM87*1%)+(4*CK87) -> 0.34 | BG87: =L87+BB87 -> 30.34 | BL87: =L87-BB87 -> 29.66 | BQ87: =IF(AND(AM87<=BG87,AM87>=BL87),"PASS","FAIL") -> PASS | BX87: CoC | BY87: 0.0073 | BZ87: =P87 -> V | CA87: 2 | CB87: =BY87/CA87 -> 0.00365 | CD87: Annual Drift | CE87: 0 | CF87: =BZ87 -> V | CG87: =SQRT(3) -> 1.7320508 | CH87: =CE87/CG87 -> 0 | CJ87: Readability | CK87: 0.01 | CL87: =P87 -> V | CM87: =SQRT(12) -> 3.4641016 | CN87: =CK87/CM87 -> 0.0028867513 | CP87: Repeatability | CQ87: =STDEV(X87:AL87) -> 0 | CR87: =P87 -> V | CS87: =SQRT(3) -> 1.7320508 | CT87: =CQ87/CS87 -> 0 | CV87: =SQRT(SUMSQ(CT87,CN87,CH87,CB87)) -> 0.0046535828 | CW87: =(CV87^4)/(((CT87^4)/2)+((CN87^4)/200)+((CH87^4)/200)+((CB87^4)/200)) -> 379.83928 | CX87: =ROUND(TINV(0.05,CW87),0) -> 2 | CY87: =(CV87*CX87) -> 0.0093071657 | CZ87: =P87 -> V | DB87: 0.00085 | DC87: =CZ87 -> V | DD87: =MAX(DB87,CY87) -> 0.0093071657 | DE87: =DC87 -> V
L88: =60*90% -> 54 | P88: V | S88: 50 Hz | X88: 54 | AC88: 54 | AH88: 54 | AM88: =AVERAGE(X88:AL88) -> 54 | AR88: =AM88-L88 -> 0 | BB88: =(AM88*0.7%)+(2*CK88) -> 0.398 | BG88: =L88+BB88 -> 54.398 | BL88: =L88-BB88 -> 53.602 | BQ88: =IF(AND(AM88<=BG88,AM88>=BL88),"PASS","FAIL") -> PASS | BX88: CoC | BY88: 0.071 | BZ88: =P88 -> V | CA88: 2 | CB88: =BY88/CA88 -> 0.0355 | CD88: Annual Drift | CE88: 0 | CF88: =BZ88 -> V | CG88: =SQRT(3) -> 1.7320508 | CH88: =CE88/CG88 -> 0 | CJ88: Readability | CK88: 0.01 | CL88: =P88 -> V | CM88: =SQRT(12) -> 3.4641016 | CN88: =CK88/CM88 -> 0.0028867513 | CP88: Repeatability | CQ88: =STDEV(X88:AL88) -> 0 | CR88: =P88 -> V | CS88: =SQRT(3) -> 1.7320508 | CT88: =CQ88/CS88 -> 0 | CV88: =SQRT(SUMSQ(CT88,CN88,CH88,CB88)) -> 0.035617178 | CW88: =(CV88^4)/(((CT88^4)/2)+((CN88^4)/200)+((CH88^4)/200)+((CB88^4)/200)) -> 202.64486 | CX88: =ROUND(TINV(0.05,CW88),0) -> 2 | CY88: =(CV88*CX88) -> 0.071234355 | CZ88: =P88 -> V | DB88: 0.0064 | DC88: =CZ88 -> V | DD88: =MAX(DB88,CY88) -> 0.071234355 | DE88: =DC88 -> V
L89: =60*90% -> 54 | P89: V | S89: 1 kHz | X89: 54 | AC89: 54 | AH89: 54 | AM89: =AVERAGE(X89:AL89) -> 54 | AR89: =AM89-L89 -> 0 | BB89: =(AM89*1%)+(4*CK89) -> 0.58 | BG89: =L89+BB89 -> 54.58 | BL89: =L89-BB89 -> 53.42 | BQ89: =IF(AND(AM89<=BG89,AM89>=BL89),"PASS","FAIL") -> PASS | BX89: CoC | BY89: 0.071 | BZ89: =P89 -> V | CA89: 2 | CB89: =BY89/CA89 -> 0.0355 | CD89: Annual Drift | CE89: 0 | CF89: =BZ89 -> V | CG89: =SQRT(3) -> 1.7320508 | CH89: =CE89/CG89 -> 0 | CJ89: Readability | CK89: 0.01 | CL89: =P89 -> V | CM89: =SQRT(12) -> 3.4641016 | CN89: =CK89/CM89 -> 0.0028867513 | CP89: Repeatability | CQ89: =STDEV(X89:AL89) -> 0 | CR89: =P89 -> V | CS89: =SQRT(3) -> 1.7320508 | CT89: =CQ89/CS89 -> 0 | CV89: =SQRT(SUMSQ(CT89,CN89,CH89,CB89)) -> 0.035617178 | CW89: =(CV89^4)/(((CT89^4)/2)+((CN89^4)/200)+((CH89^4)/200)+((CB89^4)/200)) -> 202.64486 | CX89: =ROUND(TINV(0.05,CW89),0) -> 2 | CY89: =(CV89*CX89) -> 0.071234355 | CZ89: =P89 -> V | DB89: 0.0064 | DC89: =CZ89 -> V | DD89: =MAX(DB89,CY89) -> 0.071234355 | DE89: =DC89 -> V
F90: 600 V | L90: 60 | P90: V | S90: 50 Hz | X90: 60 | AC90: 60 | AH90: 60 | AM90: =AVERAGE(X90:AL90) -> 60 | AR90: =AM90-L90 -> 0 | BB90: =(AM90*0.7%)+(2*CK90) -> 0.62 | BG90: =L90+BB90 -> 60.62 | BL90: =L90-BB90 -> 59.38 | BQ90: =IF(AND(AM90<=BG90,AM90>=BL90),"PASS","FAIL") -> PASS | BX90: CoC | BY90: 0.071 | BZ90: =P90 -> V | CA90: 2 | CB90: =BY90/CA90 -> 0.0355 | CD90: Annual Drift | CE90: 0 | CF90: =BZ90 -> V | CG90: =SQRT(3) -> 1.7320508 | CH90: =CE90/CG90 -> 0 | CJ90: Readability | CK90: 0.1 | CL90: =P90 -> V | CM90: =SQRT(12) -> 3.4641016 | CN90: =CK90/CM90 -> 0.028867513 | CP90: Repeatability | CQ90: =STDEV(X90:AL90) -> 0 | CR90: =P90 -> V | CS90: =SQRT(3) -> 1.7320508 | CT90: =CQ90/CS90 -> 0 | CV90: =SQRT(SUMSQ(CT90,CN90,CH90,CB90)) -> 0.045755692 | CW90: =(CV90^4)/(((CT90^4)/2)+((CN90^4)/200)+((CH90^4)/200)+((CB90^4)/200)) -> 384.0312 | CX90: =ROUND(TINV(0.05,CW90),0) -> 2 | CY90: =(CV90*CX90) -> 0.091511384 | CZ90: =P90 -> V | DB90: 0.0064 | DC90: =CZ90 -> V | DD90: =MAX(DB90,CY90) -> 0.091511384 | DE90: =DC90 -> V
L91: 60 | P91: V | S91: 1 kHz | X91: 60 | AC91: 60 | AH91: 60 | AM91: =AVERAGE(X91:AL91) -> 60 | AR91: =AM91-L91 -> 0 | BB91: =(AM91*1%)+(4*CK91) -> 1 | BG91: =L91+BB91 -> 61 | BL91: =L91-BB91 -> 59 | BQ91: =IF(AND(AM91<=BG91,AM91>=BL91),"PASS","FAIL") -> PASS | BX91: CoC | BY91: 0.071 | BZ91: =P91 -> V | CA91: 2 | CB91: =BY91/CA91 -> 0.0355 | CD91: Annual Drift | CE91: 0 | CF91: =BZ91 -> V | CG91: =SQRT(3) -> 1.7320508 | CH91: =CE91/CG91 -> 0 | CJ91: Readability | CK91: 0.1 | CL91: =P91 -> V | CM91: =SQRT(12) -> 3.4641016 | CN91: =CK91/CM91 -> 0.028867513 | CP91: Repeatability | CQ91: =STDEV(X91:AL91) -> 0 | CR91: =P91 -> V | CS91: =SQRT(3) -> 1.7320508 | CT91: =CQ91/CS91 -> 0 | CV91: =SQRT(SUMSQ(CT91,CN91,CH91,CB91)) -> 0.045755692 | CW91: =(CV91^4)/(((CT91^4)/2)+((CN91^4)/200)+((CH91^4)/200)+((CB91^4)/200)) -> 384.0312 | CX91: =ROUND(TINV(0.05,CW91),0) -> 2 | CY91: =(CV91*CX91) -> 0.091511384 | CZ91: =P91 -> V | DB91: 0.0064 | DC91: =CZ91 -> V | DD91: =MAX(DB91,CY91) -> 0.091511384 | DE91: =DC91 -> V
L92: 540 | P92: V | S92: 50 Hz | X92: 540 | AC92: 540 | AH92: 540 | AM92: =AVERAGE(X92:AL92) -> 540 | AR92: =AM92-L92 -> 0 | BB92: =(AM92*0.7%)+(2*CK92) -> 3.98 | BG92: =L92+BB92 -> 543.98 | BL92: =L92-BB92 -> 536.02 | BQ92: =IF(AND(AM92<=BG92,AM92>=BL92),"PASS","FAIL") -> PASS | BX92: CoC | BY92: 0.071 | BZ92: =P92 -> V | CA92: 2 | CB92: =BY92/CA92 -> 0.0355 | CD92: Annual Drift | CE92: 0 | CF92: =BZ92 -> V | CG92: =SQRT(3) -> 1.7320508 | CH92: =CE92/CG92 -> 0 | CJ92: Readability | CK92: 0.1 | CL92: =P92 -> V | CM92: =SQRT(12) -> 3.4641016 | CN92: =CK92/CM92 -> 0.028867513 | CP92: Repeatability | CQ92: =STDEV(X92:AL92) -> 0 | CR92: =P92 -> V | CS92: =SQRT(3) -> 1.7320508 | CT92: =CQ92/CS92 -> 0 | CV92: =SQRT(SUMSQ(CT92,CN92,CH92,CB92)) -> 0.045755692 | CW92: =(CV92^4)/(((CT92^4)/2)+((CN92^4)/200)+((CH92^4)/200)+((CB92^4)/200)) -> 384.0312 | CX92: =ROUND(TINV(0.05,CW92),0) -> 2 | CY92: =(CV92*CX92) -> 0.091511384 | CZ92: =P92 -> V | DB92: 0.084 | DC92: =CZ92 -> V | DD92: =MAX(DB92,CY92) -> 0.091511384 | DE92: =DC92 -> V
L93: 540 | P93: V | S93: 1 kHz | X93: 540 | AC93: 540 | AH93: 540 | AM93: =AVERAGE(X93:AL93) -> 540 | AR93: =AM93-L93 -> 0 | BB93: =(AM93*1%)+(4*CK93) -> 5.8 | BG93: =L93+BB93 -> 545.8 | BL93: =L93-BB93 -> 534.2 | BQ93: =IF(AND(AM93<=BG93,AM93>=BL93),"PASS","FAIL") -> PASS | BX93: CoC | BY93: 0.071 | BZ93: =P93 -> V | CA93: 2 | CB93: =BY93/CA93 -> 0.0355 | CD93: Annual Drift | CE93: 0 | CF93: =BZ93 -> V | CG93: =SQRT(3) -> 1.7320508 | CH93: =CE93/CG93 -> 0 | CJ93: Readability | CK93: 0.1 | CL93: =P93 -> V | CM93: =SQRT(12) -> 3.4641016 | CN93: =CK93/CM93 -> 0.028867513 | CP93: Repeatability | CQ93: =STDEV(X93:AL93) -> 0 | CR93: =P93 -> V | CS93: =SQRT(3) -> 1.7320508 | CT93: =CQ93/CS93 -> 0 | CV93: =SQRT(SUMSQ(CT93,CN93,CH93,CB93)) -> 0.045755692 | CW93: =(CV93^4)/(((CT93^4)/2)+((CN93^4)/200)+((CH93^4)/200)+((CB93^4)/200)) -> 384.0312 | CX93: =ROUND(TINV(0.05,CW93),0) -> 2 | CY93: =(CV93*CX93) -> 0.091511384 | CZ93: =P93 -> V | DB93: 0.084 | DC93: =CZ93 -> V | DD93: =MAX(DB93,CY93) -> 0.091511384 | DE93: =DC93 -> V
F94: 1000 V | L94: =1000*10% -> 100 | P94: V | S94: 50 Hz | X94: 100 | AC94: 100 | AH94: 100 | AM94: =AVERAGE(X94:AL94) -> 100 | AR94: =AM94-L94 -> 0 | BB94: =(AM94*0.7%)+(2*CK94) -> 2.7 | BG94: =L94+BB94 -> 102.7 | BL94: =L94-BB94 -> 97.3 | BQ94: =IF(AND(AM94<=BG94,AM94>=BL94),"PASS","FAIL") -> PASS | BX94: CoC | BY94: 0.071 | BZ94: =P94 -> V | CA94: 2 | CB94: =BY94/CA94 -> 0.0355 | CD94: Annual Drift | CE94: 0 | CF94: =BZ94 -> V | CG94: =SQRT(3) -> 1.7320508 | CH94: =CE94/CG94 -> 0 | CJ94: Readability | CK94: 1 | CL94: =P94 -> V | CM94: =SQRT(12) -> 3.4641016 | CN94: =CK94/CM94 -> 0.28867513 | CP94: Repeatability | CQ94: =STDEV(X94:AL94) -> 0 | CR94: =P94 -> V | CS94: =SQRT(3) -> 1.7320508 | CT94: =CQ94/CS94 -> 0 | CV94: =SQRT(SUMSQ(CT94,CN94,CH94,CB94)) -> 0.29084976 | CW94: =(CV94^4)/(((CT94^4)/2)+((CN94^4)/200)+((CH94^4)/200)+((CB94^4)/200)) -> 206.04782 | CX94: =ROUND(TINV(0.05,CW94),0) -> 2 | CY94: =(CV94*CX94) -> 0.58169952 | CZ94: =P94 -> V | DB94: 0.0064 | DC94: =CZ94 -> V | DD94: =MAX(DB94,CY94) -> 0.58169952 | DE94: =DC94 -> V
L95: =1000*10% -> 100 | P95: V | S95: 1 kHz | X95: 100 | AC95: 100 | AH95: 100 | AM95: =AVERAGE(X95:AL95) -> 100 | AR95: =AM95-L95 -> 0 | BB95: =(AM95*1%)+(4*CK95) -> 5 | BG95: =L95+BB95 -> 105 | BL95: =L95-BB95 -> 95 | BQ95: =IF(AND(AM95<=BG95,AM95>=BL95),"PASS","FAIL") -> PASS | BX95: CoC | BY95: 0.071 | BZ95: =P95 -> V | CA95: 2 | CB95: =BY95/CA95 -> 0.0355 | CD95: Annual Drift | CE95: 0 | CF95: =BZ95 -> V | CG95: =SQRT(3) -> 1.7320508 | CH95: =CE95/CG95 -> 0 | CJ95: Readability | CK95: 1 | CL95: =P95 -> V | CM95: =SQRT(12) -> 3.4641016 | CN95: =CK95/CM95 -> 0.28867513 | CP95: Repeatability | CQ95: =STDEV(X95:AL95) -> 0 | CR95: =P95 -> V | CS95: =SQRT(3) -> 1.7320508 | CT95: =CQ95/CS95 -> 0 | CV95: =SQRT(SUMSQ(CT95,CN95,CH95,CB95)) -> 0.29084976 | CW95: =(CV95^4)/(((CT95^4)/2)+((CN95^4)/200)+((CH95^4)/200)+((CB95^4)/200)) -> 206.04782 | CX95: =ROUND(TINV(0.05,CW95),0) -> 2 | CY95: =(CV95*CX95) -> 0.58169952 | CZ95: =P95 -> V | DB95: 0.0064 | DC95: =CZ95 -> V | DD95: =MAX(DB95,CY95) -> 0.58169952 | DE95: =DC95 -> V
L96: =1000*90% -> 900 | P96: V | S96: 50 Hz | X96: 900 | AC96: 900 | AH96: 900 | AM96: =AVERAGE(X96:AL96) -> 900 | AR96: =AM96-L96 -> 0 | BB96: =(AM96*0.7%)+(2*CK96) -> 8.3 | BG96: =L96+BB96 -> 908.3 | BL96: =L96-BB96 -> 891.7 | BQ96: =IF(AND(AM96<=BG96,AM96>=BL96),"PASS","FAIL") -> PASS | BX96: CoC | BY96: 0.071 | BZ96: =P96 -> V | CA96: 2 | CB96: =BY96/CA96 -> 0.0355 | CD96: Annual Drift | CE96: 0 | CF96: =BZ96 -> V | CG96: =SQRT(3) -> 1.7320508 | CH96: =CE96/CG96 -> 0 | CJ96: Readability | CK96: 1 | CL96: =P96 -> V | CM96: =SQRT(12) -> 3.4641016 | CN96: =CK96/CM96 -> 0.28867513 | CP96: Repeatability | CQ96: =STDEV(X96:AL96) -> 0 | CR96: =P96 -> V | CS96: =SQRT(3) -> 1.7320508 | CT96: =CQ96/CS96 -> 0 | CV96: =SQRT(SUMSQ(CT96,CN96,CH96,CB96)) -> 0.29084976 | CW96: =(CV96^4)/(((CT96^4)/2)+((CN96^4)/200)+((CH96^4)/200)+((CB96^4)/200)) -> 206.04782 | CX96: =ROUND(TINV(0.05,CW96),0) -> 2 | CY96: =(CV96*CX96) -> 0.58169952 | CZ96: =P96 -> V | DB96: 0.084 | DC96: =CZ96 -> V | DD96: =MAX(DB96,CY96) -> 0.58169952 | DE96: =DC96 -> V
L97: =1000*90% -> 900 | P97: V | S97: 1 kHz | X97: 900 | AC97: 900 | AH97: 900 | AM97: =AVERAGE(X97:AL97) -> 900 | AR97: =AM97-L97 -> 0 | BB97: =(AM97*1%)+(4*CK97) -> 13 | BG97: =L97+BB97 -> 913 | BL97: =L97-BB97 -> 887 | BQ97: =IF(AND(AM97<=BG97,AM97>=BL97),"PASS","FAIL") -> PASS | BX97: CoC | BY97: 0.071 | BZ97: =P97 -> V | CA97: 2 | CB97: =BY97/CA97 -> 0.0355 | CD97: Annual Drift | CE97: 0 | CF97: =BZ97 -> V | CG97: =SQRT(3) -> 1.7320508 | CH97: =CE97/CG97 -> 0 | CJ97: Readability | CK97: 1 | CL97: =P97 -> V | CM97: =SQRT(12) -> 3.4641016 | CN97: =CK97/CM97 -> 0.28867513 | CP97: Repeatability | CQ97: =STDEV(X97:AL97) -> 0 | CR97: =P97 -> V | CS97: =SQRT(3) -> 1.7320508 | CT97: =CQ97/CS97 -> 0 | CV97: =SQRT(SUMSQ(CT97,CN97,CH97,CB97)) -> 0.29084976 | CW97: =(CV97^4)/(((CT97^4)/2)+((CN97^4)/200)+((CH97^4)/200)+((CB97^4)/200)) -> 206.04782 | CX97: =ROUND(TINV(0.05,CW97),0) -> 2 | CY97: =(CV97*CX97) -> 0.58169952 | CZ97: =P97 -> V | DB97: 0.084 | DC97: =CZ97 -> V | DD97: =MAX(DB97,CY97) -> 0.58169952 | DE97: =DC97 -> V
F99: Resistance Test | BB99: Based on Tolerance | BX99: Standard | CD99: Standard | CJ99: Unit Under Test | CP99: Unit Under Test | CV99: Expanded Uncertainty | DB99: MINIMUM CMC | DD99: FINAL UNCERTAINTY DECLARATION
F100: Range | L100: Nominal Value | S100: Frequency | X100: Measured Value | AM100: Average | AR100: Error | BB100: Tolerance | BG100: Upper Limit | BL100: Lower Limit | BQ100: Remarks | BX100: Source | BY100: Uncertainty | BZ100: Unit | CA100: Divisor | CB100: Ui | CD100: Source | CE100: Uncertainty | CF100: Unit | CG100: Divisor | CH100: Ui | CJ100: Source | CK100: Uncertainty | CL100: Unit | CM100: Divisor | CN100: Ui | CP100: Source | CQ100: Uncertainty | CR100: Unit | CS100: Divisor | CT100: Ui | CV100: COMBINED STANDARD | CW100: EFFECTIVE DEGREES | CX100: C. FACTOR, k = student's | CY100: EXPANDED UNCERTAINTY,
X101: 1 | AC101: 2 | AH101: 3 | CV101: UNCERTAINTY, Uc | CW101: OF FREEDOM, Veff | CX101: t for Veff and 95 % C.L. | CY101: U @ 95 % C.L. ±
F102: 600 Ω | L102: 0 | P102: Ω | S102: - | X102: 0 | AC102: 0 | AH102: 0 | AM102: =AVERAGE(X102:AL102) -> 0 | AR102: =AM102-L102 -> 0 | BB102: =(AM102*0.2%)+(2*CK102) -> 0.2 | BG102: =L102+BB102 -> 0.2 | BL102: =L102-BB102 -> -0.2 | BQ102: =IF(AND(AM102<=BG102,AM102>=BL102),"PASS","FAIL") -> PASS | BX102: CoC | BY102: 7.7e-05 | BZ102: =P102 -> Ω | CA102: 2 | CB102: =BY102/CA102 -> 3.85e-05 | CD102: Annual Drift | CE102: 0 | CF102: =BZ102 -> Ω | CG102: =SQRT(3) -> 1.7320508 | CH102: =CE102/CG102 -> 0 | CJ102: Readability | CK102: 0.1 | CL102: =P102 -> Ω | CM102: =SQRT(12) -> 3.4641016 | CN102: =CK102/CM102 -> 0.028867513 | CP102: Repeatability | CQ102: =STDEV(X102:AL102) -> 0 | CR102: =P102 -> Ω | CS102: =SQRT(3) -> 1.7320508 | CT102: =CQ102/CS102 -> 0 | CV102: =SQRT(SUMSQ(CT102,CN102,CH102,CB102)) -> 0.028867539 | CW102: =(CV102^4)/(((CT102^4)/2)+((CN102^4)/200)+((CH102^4)/200)+((CB102^4)/200)) -> 200.00071 | CX102: =ROUND(TINV(0.05,CW102),0) -> 2 | CY102: =(CV102*CX102) -> 0.057735078 | CZ102: =P102 -> Ω | DB102: 0.0078 | DC102: =CZ102 -> Ω | DD102: =MAX(DB102,CY102) -> 0.057735078 | DE102: =DC102 -> Ω
L103: =600*90% -> 540 | P103: Ω | S103: - | X103: 540 | AC103: 540 | AH103: 540 | AM103: =AVERAGE(X103:AL103) -> 540 | AR103: =AM103-L103 -> 0 | BB103: =(AM103*0.2%)+(2*CK103) -> 1.28 | BG103: =L103+BB103 -> 541.28 | BL103: =L103-BB103 -> 538.72 | BQ103: =IF(AND(AM103<=BG103,AM103>=BL103),"PASS","FAIL") -> PASS | BX103: CoC | BY103: 0.003 | BZ103: =P103 -> Ω | CA103: 2 | CB103: =BY103/CA103 -> 0.0015 | CD103: Annual Drift | CE103: 0 | CF103: =BZ103 -> Ω | CG103: =SQRT(3) -> 1.7320508 | CH103: =CE103/CG103 -> 0 | CJ103: Readability | CK103: 0.1 | CL103: =P103 -> Ω | CM103: =SQRT(12) -> 3.4641016 | CN103: =CK103/CM103 -> 0.028867513 | CP103: Repeatability | CQ103: =STDEV(X103:AL103) -> 0 | CR103: =P103 -> Ω | CS103: =SQRT(3) -> 1.7320508 | CT103: =CQ103/CS103 -> 0 | CV103: =SQRT(SUMSQ(CT103,CN103,CH103,CB103)) -> 0.028906458 | CW103: =(CV103^4)/(((CT103^4)/2)+((CN103^4)/200)+((CH103^4)/200)+((CB103^4)/200)) -> 201.07999 | CX103: =ROUND(TINV(0.05,CW103),0) -> 2 | CY103: =(CV103*CX103) -> 0.057812917 | CZ103: =P103 -> Ω | DB103: 0.023 | DC103: =CZ103 -> Ω | DD103: =MAX(DB103,CY103) -> 0.057812917 | DE103: =DC103 -> Ω
F104: 6 kΩ | L104: =6*90% -> 5.4 | P104: kΩ | S104: - | X104: 5.4 | AC104: 5.4 | AH104: 5.4 | AM104: =AVERAGE(X104:AL104) -> 5.4 | AR104: =AM104-L104 -> 0 | BB104: =(AM104*0.2%)+(1*CK104) -> 0.0118 | BG104: =L104+BB104 -> 5.4118 | BL104: =L104-BB104 -> 5.3882 | BQ104: =IF(AND(AM104<=BG104,AM104>=BL104),"PASS","FAIL") -> PASS | BX104: CoC | BY104: 5.5e-05 | BZ104: =P104 -> kΩ | CA104: 2 | CB104: =BY104/CA104 -> 2.75e-05 | CD104: Annual Drift | CE104: 0 | CF104: =BZ104 -> kΩ | CG104: =SQRT(3) -> 1.7320508 | CH104: =CE104/CG104 -> 0 | CJ104: Readability | CK104: 0.001 | CL104: =P104 -> kΩ | CM104: =SQRT(12) -> 3.4641016 | CN104: =CK104/CM104 -> 0.00028867513 | CP104: Repeatability | CQ104: =STDEV(X104:AL104) -> 1.087792e-15 | CR104: =P104 -> kΩ | CS104: =SQRT(3) -> 1.7320508 | CT104: =CQ104/CS104 -> 6.2803698e-16 | CV104: =SQRT(SUMSQ(CT104,CN104,CH104,CB104)) -> 0.00028998204 | CW104: =(CV104^4)/(((CT104^4)/2)+((CN104^4)/200)+((CH104^4)/200)+((CB104^4)/200)) -> 203.6297 | CX104: =ROUND(TINV(0.05,CW104),0) -> 2 | CY104: =(CV104*CX104) -> 0.00057996408 | CZ104: =P104 -> kΩ | DB104: 0.00023 | DC104: =CZ104 -> kΩ | DD104: =MAX(DB104,CY104) -> 0.00057996408 | DE104: =DC104 -> kΩ
F105: 60 kΩ | L105: =60*90% -> 54 | P105: kΩ | S105: - | X105: 54 | AC105: 54 | AH105: 54 | AM105: =AVERAGE(X105:AL105) -> 54 | AR105: =AM105-L105 -> 0 | BB105: =(AM105*0.2%)+(1*CK105) -> 0.118 | BG105: =L105+BB105 -> 54.118 | BL105: =L105-BB105 -> 53.882 | BQ105: =IF(AND(AM105<=BG105,AM105>=BL105),"PASS","FAIL") -> PASS | BX105: CoC | BY105: 0.00081 | BZ105: =P105 -> kΩ | CA105: 2 | CB105: =BY105/CA105 -> 0.000405 | CD105: Annual Drift | CE105: 0 | CF105: =BZ105 -> kΩ | CG105: =SQRT(3) -> 1.7320508 | CH105: =CE105/CG105 -> 0 | CJ105: Readability | CK105: 0.01 | CL105: =P105 -> kΩ | CM105: =SQRT(12) -> 3.4641016 | CN105: =CK105/CM105 -> 0.0028867513 | CP105: Repeatability | CQ105: =STDEV(X105:AL105) -> 0 | CR105: =P105 -> kΩ | CS105: =SQRT(3) -> 1.7320508 | CT105: =CQ105/CS105 -> 0 | CV105: =SQRT(SUMSQ(CT105,CN105,CH105,CB105)) -> 0.0029150229 | CW105: =(CV105^4)/(((CT105^4)/2)+((CN105^4)/200)+((CH105^4)/200)+((CB105^4)/200)) -> 207.87015 | CX105: =ROUND(TINV(0.05,CW105),0) -> 2 | CY105: =(CV105*CX105) -> 0.0058300457 | CZ105: =P105 -> kΩ | DB105: 0.0015 | DC105: =CZ105 -> kΩ | DD105: =MAX(DB105,CY105) -> 0.0058300457 | DE105: =DC105 -> kΩ
F106: 600 kΩ | L106: =600*90% -> 540 | P106: kΩ | S106: - | X106: 540 | AC106: 540 | AH106: 540 | AM106: =AVERAGE(X106:AL106) -> 540 | AR106: =AM106-L106 -> 0 | BB106: =(AM106*0.6%)+(1*CK106) -> 3.34 | BG106: =L106+BB106 -> 543.34 | BL106: =L106-BB106 -> 536.66 | BQ106: =IF(AND(AM106<=BG106,AM106>=BL106),"PASS","FAIL") -> PASS | BX106: CoC | BY106: 0.0066 | BZ106: =P106 -> kΩ | CA106: 2 | CB106: =BY106/CA106 -> 0.0033 | CD106: Annual Drift | CE106: 0 | CF106: =BZ106 -> kΩ | CG106: =SQRT(3) -> 1.7320508 | CH106: =CE106/CG106 -> 0 | CJ106: Readability | CK106: 0.1 | CL106: =P106 -> kΩ | CM106: =SQRT(12) -> 3.4641016 | CN106: =CK106/CM106 -> 0.028867513 | CP106: Repeatability | CQ106: =STDEV(X106:AL106) -> 0 | CR106: =P106 -> kΩ | CS106: =SQRT(3) -> 1.7320508 | CT106: =CQ106/CS106 -> 0 | CV106: =SQRT(SUMSQ(CT106,CN106,CH106,CB106)) -> 0.029055522 | CW106: =(CV106^4)/(((CT106^4)/2)+((CN106^4)/200)+((CH106^4)/200)+((CB106^4)/200)) -> 205.22631 | CX106: =ROUND(TINV(0.05,CW106),0) -> 2 | CY106: =(CV106*CX106) -> 0.058111043 | CZ106: =P106 -> kΩ | DB106: 0.016 | DC106: =CZ106 -> kΩ | DD106: =MAX(DB106,CY106) -> 0.058111043 | DE106: =DC106 -> kΩ
F107: 6 MΩ | L107: =6*90% -> 5.4 | P107: MΩ | S107: - | X107: 5.4 | AC107: 5.4 | AH107: 5.4 | AM107: =AVERAGE(X107:AL107) -> 5.4 | AR107: =AM107-L107 -> 0 | BB107: =(AM107*0.6%)+(1*CK107) -> 0.0334 | BG107: =L107+BB107 -> 5.4334 | BL107: =L107-BB107 -> 5.3666 | BQ107: =IF(AND(AM107<=BG107,AM107>=BL107),"PASS","FAIL") -> PASS | BX107: CoC | BY107: 0.00048 | BZ107: =P107 -> MΩ | CA107: 2 | CB107: =BY107/CA107 -> 0.00024 | CD107: Annual Drift | CE107: 0 | CF107: =BZ107 -> MΩ | CG107: =SQRT(3) -> 1.7320508 | CH107: =CE107/CG107 -> 0 | CJ107: Readability | CK107: 0.001 | CL107: =P107 -> MΩ | CM107: =SQRT(12) -> 3.4641016 | CN107: =CK107/CM107 -> 0.00028867513 | CP107: Repeatability | CQ107: =STDEV(X107:AL107) -> 1.087792e-15 | CR107: =P107 -> MΩ | CS107: =SQRT(3) -> 1.7320508 | CT107: =CQ107/CS107 -> 6.2803698e-16 | CV107: =SQRT(SUMSQ(CT107,CN107,CH107,CB107)) -> 0.00037541089 | CW107: =(CV107^4)/(((CT107^4)/2)+((CN107^4)/200)+((CH107^4)/200)+((CB107^4)/200)) -> 387.0943 | CX107: =ROUND(TINV(0.05,CW107),0) -> 2 | CY107: =(CV107*CX107) -> 0.00075082177 | CZ107: =P107 -> MΩ | DB107: 0.00053 | DC107: =CZ107 -> MΩ | DD107: =MAX(DB107,CY107) -> 0.00075082177 | DE107: =DC107 -> MΩ
F108: 50 MΩ | L108: =50*90% -> 45 | P108: MΩ | S108: - | X108: 45 | AC108: 45 | AH108: 45 | AM108: =AVERAGE(X108:AL108) -> 45 | AR108: =AM108-L108 -> 0 | BB108: =(AM108*1%)+(10*CK108) -> 0.55 | BG108: =L108+BB108 -> 45.55 | BL108: =L108-BB108 -> 44.45 | BQ108: =IF(AND(AM108<=BG108,AM108>=BL108),"PASS","FAIL") -> PASS | BX108: CoC | BY108: 0.0047 | BZ108: =P108 -> MΩ | CA108: 2 | CB108: =BY108/CA108 -> 0.00235 | CD108: Annual Drift | CE108: 0 | CF108: =BZ108 -> MΩ | CG108: =SQRT(3) -> 1.7320508 | CH108: =CE108/CG108 -> 0 | CJ108: Readability | CK108: 0.01 | CL108: =P108 -> MΩ | CM108: =SQRT(12) -> 3.4641016 | CN108: =CK108/CM108 -> 0.0028867513 | CP108: Repeatability | CQ108: =STDEV(X108:AL108) -> 0 | CR108: =P108 -> MΩ | CS108: =SQRT(3) -> 1.7320508 | CT108: =CQ108/CS108 -> 0 | CV108: =SQRT(SUMSQ(CT108,CN108,CH108,CB108)) -> 0.0037223425 | CW108: =(CV108^4)/(((CT108^4)/2)+((CN108^4)/200)+((CH108^4)/200)+((CB108^4)/200)) -> 384.18933 | CX108: =ROUND(TINV(0.05,CW108),0) -> 2 | CY108: =(CV108*CX108) -> 0.0074446849 | CZ108: =P108 -> MΩ | DB108: 0.015 | DC108: =CZ108 -> MΩ | DD108: =MAX(DB108,CY108) -> 0.015 | DE108: =DC108 -> MΩ
F110: DC Current Test | BB110: Based on Tolerance | BX110: Standard | CD110: Standard | CJ110: Unit Under Test | CP110: Unit Under Test | CV110: Expanded Uncertainty | DB110: MINIMUM CMC | DD110: FINAL UNCERTAINTY DECLARATION
F111: Range | L111: Nominal Value | S111: Frequency | X111: Measured Value | AM111: Average | AR111: Error | BB111: Tolerance | BG111: Upper Limit | BL111: Lower Limit | BQ111: Remarks | BX111: Source | BY111: Uncertainty | BZ111: Unit | CA111: Divisor | CB111: Ui | CD111: Source | CE111: Uncertainty | CF111: Unit | CG111: Divisor | CH111: Ui | CJ111: Source | CK111: Uncertainty | CL111: Unit | CM111: Divisor | CN111: Ui | CP111: Source | CQ111: Uncertainty | CR111: Unit | CS111: Divisor | CT111: Ui | CV111: COMBINED STANDARD | CW111: EFFECTIVE DEGREES | CX111: C. FACTOR, k = student's | CY111: EXPANDED UNCERTAINTY,
X112: 1 | AC112: 2 | AH112: 3 | CV112: UNCERTAINTY, Uc | CW112: OF FREEDOM, Veff | CX112: t for Veff and 95 % C.L. | CY112: U @ 95 % C.L. ±
F113: 600 µA | L113: =600*90% -> 540 | P113: µA | S113: - | X113: 540 | AC113: 540 | AH113: 540 | AM113: =AVERAGE(X113:AL113) -> 540 | AR113: =AM113-L113 -> 0 | BB113: =(AM113*0.2%)+(4*CK113) -> 1.48 | BG113: =L113+BB113 -> 541.48 | BL113: =L113-BB113 -> 538.52 | BQ113: =IF(AND(AM113<=BG113,AM113>=BL113),"PASS","FAIL") -> PASS | BX113: CoC | BY113: 0.09 | BZ113: =P113 -> µA | CA113: 2 | CB113: =BY113/CA113 -> 0.045 | CD113: Annual Drift | CE113: 0 | CF113: =BZ113 -> µA | CG113: =SQRT(3) -> 1.7320508 | CH113: =CE113/CG113 -> 0 | CJ113: Readability | CK113: 0.1 | CL113: =P113 -> µA | CM113: =SQRT(12) -> 3.4641016 | CN113: =CK113/CM113 -> 0.028867513 | CP113: Repeatability | CQ113: =STDEV(X113:AL113) -> 0 | CR113: =P113 -> µA | CS113: =SQRT(3) -> 1.7320508 | CT113: =CQ113/CS113 -> 0 | CV113: =SQRT(SUMSQ(CT113,CN113,CH113,CB113)) -> 0.053463383 | CW113: =(CV113^4)/(((CT113^4)/2)+((CN113^4)/200)+((CH113^4)/200)+((CB113^4)/200)) -> 340.7696 | CX113: =ROUND(TINV(0.05,CW113),0) -> 2 | CY113: =(CV113*CX113) -> 0.10692677 | CZ113: =P113 -> µA | DB113: 0.064 | DC113: =CZ113 -> µA | DD113: =MAX(DB113,CY113) -> 0.10692677 | DE113: =DC113 -> µA
F114: 6000 µA | L114: =6000*90% -> 5400 | P114: µA | S114: - | X114: 5400 | AC114: 5400 | AH114: 5400 | AM114: =AVERAGE(X114:AL114) -> 5400 | AR114: =AM114-L114 -> 0 | BB114: =(AM114*0.2%)+(2*CK114) -> 12.8 | BG114: =L114+BB114 -> 5412.8 | BL114: =L114-BB114 -> 5387.2 | BQ114: =IF(AND(AM114<=BG114,AM114>=BL114),"PASS","FAIL") -> PASS | BX114: CoC | BY114: 0.38 | BZ114: =P114 -> µA | CA114: 2 | CB114: =BY114/CA114 -> 0.19 | CD114: Annual Drift | CE114: 0 | CF114: =BZ114 -> µA | CG114: =SQRT(3) -> 1.7320508 | CH114: =CE114/CG114 -> 0 | CJ114: Readability | CK114: 1 | CL114: =P114 -> µA | CM114: =SQRT(12) -> 3.4641016 | CN114: =CK114/CM114 -> 0.28867513 | CP114: Repeatability | CQ114: =STDEV(X114:AL114) -> 0 | CR114: =P114 -> µA | CS114: =SQRT(3) -> 1.7320508 | CT114: =CQ114/CS114 -> 0 | CV114: =SQRT(SUMSQ(CT114,CN114,CH114,CB114)) -> 0.34559128 | CW114: =(CV114^4)/(((CT114^4)/2)+((CN114^4)/200)+((CH114^4)/200)+((CB114^4)/200)) -> 345.90007 | CX114: =ROUND(TINV(0.05,CW114),0) -> 2 | CY114: =(CV114*CX114) -> 0.69118256 | CZ114: =P114 -> µA | DB114: 0.45 | DC114: =CZ114 -> µA | DD114: =MAX(DB114,CY114) -> 0.69118256 | DE114: =DC114 -> µA
F115: 60 mA | L115: =60*90% -> 54 | P115: mA | S115: - | X115: 54 | AC115: 54 | AH115: 54 | AM115: =AVERAGE(X115:AL115) -> 54 | AR115: =AM115-L115 -> 0 | BB115: =(AM115*0.2%)+(4*CK115) -> 0.148 | BG115: =L115+BB115 -> 54.148 | BL115: =L115-BB115 -> 53.852 | BQ115: =IF(AND(AM115<=BG115,AM115>=BL115),"PASS","FAIL") -> PASS | BX115: CoC | BY115: 0.0014 | BZ115: =P115 -> mA | CA115: 2 | CB115: =BY115/CA115 -> 0.0007 | CD115: Annual Drift | CE115: 0 | CF115: =BZ115 -> mA | CG115: =SQRT(3) -> 1.7320508 | CH115: =CE115/CG115 -> 0 | CJ115: Readability | CK115: 0.01 | CL115: =P115 -> mA | CM115: =SQRT(12) -> 3.4641016 | CN115: =CK115/CM115 -> 0.0028867513 | CP115: Repeatability | CQ115: =STDEV(X115:AL115) -> 0 | CR115: =P115 -> mA | CS115: =SQRT(3) -> 1.7320508 | CT115: =CQ115/CS115 -> 0 | CV115: =SQRT(SUMSQ(CT115,CN115,CH115,CB115)) -> 0.0029704096 | CW115: =(CV115^4)/(((CT115^4)/2)+((CN115^4)/200)+((CH115^4)/200)+((CB115^4)/200)) -> 223.43896 | CX115: =ROUND(TINV(0.05,CW115),0) -> 2 | CY115: =(CV115*CX115) -> 0.0059408192 | CZ115: =P115 -> mA | DB115: 0.0043 | DC115: =CZ115 -> mA | DD115: =MAX(DB115,CY115) -> 0.0059408192 | DE115: =DC115 -> mA
L116: =60*-90% -> -54 | P116: mA | S116: - | X116: -54 | AC116: -54 | AH116: -54 | AM116: =AVERAGE(X116:AL116) -> -54 | AR116: =AM116-L116 -> 0 | BB116: =ABS(AM116*0.2%)+(4*CK116) -> 0.148 | BG116: =L116+BB116 -> -53.852 | BL116: =L116-BB116 -> -54.148 | BQ116: =IF(AND(AM116<=BG116,AM116>=BL116),"PASS","FAIL") -> PASS | BX116: CoC | BY116: 0.0014 | BZ116: =P116 -> mA | CA116: 2 | CB116: =BY116/CA116 -> 0.0007 | CD116: Annual Drift | CE116: 0 | CF116: =BZ116 -> mA | CG116: =SQRT(3) -> 1.7320508 | CH116: =CE116/CG116 -> 0 | CJ116: Readability | CK116: 0.01 | CL116: =P116 -> mA | CM116: =SQRT(12) -> 3.4641016 | CN116: =CK116/CM116 -> 0.0028867513 | CP116: Repeatability | CQ116: =STDEV(X116:AL116) -> 0 | CR116: =P116 -> mA | CS116: =SQRT(3) -> 1.7320508 | CT116: =CQ116/CS116 -> 0 | CV116: =SQRT(SUMSQ(CT116,CN116,CH116,CB116)) -> 0.0029704096 | CW116: =(CV116^4)/(((CT116^4)/2)+((CN116^4)/200)+((CH116^4)/200)+((CB116^4)/200)) -> 223.43896 | CX116: =ROUND(TINV(0.05,CW116),0) -> 2 | CY116: =(CV116*CX116) -> 0.0059408192 | CZ116: =P116 -> mA | DB116: 0.0043 | DC116: =CZ116 -> mA | DD116: =MAX(DB116,CY116) -> 0.0059408192 | DE116: =DC116 -> mA
F117: 400 mA | L117: =400*90% -> 360 | P117: mA | S117: - | X117: 360 | AC117: 360 | AH117: 360 | AM117: =AVERAGE(X117:AL117) -> 360 | AR117: =AM117-L117 -> 0 | BB117: =(AM117*0.2%)+(2*CK117) -> 0.92 | BG117: =L117+BB117 -> 360.92 | BL117: =L117-BB117 -> 359.08 | BQ117: =IF(AND(AM117<=BG117,AM117>=BL117),"PASS","FAIL") -> PASS | BX117: CoC | BY117: 0.027 | BZ117: =P117 -> mA | CA117: 2 | CB117: =BY117/CA117 -> 0.0135 | CD117: Annual Drift | CE117: 0 | CF117: =BZ117 -> mA | CG117: =SQRT(3) -> 1.7320508 | CH117: =CE117/CG117 -> 0 | CJ117: Readability | CK117: 0.1 | CL117: =P117 -> mA | CM117: =SQRT(12) -> 3.4641016 | CN117: =CK117/CM117 -> 0.028867513 | CP117: Repeatability | CQ117: =STDEV(X117:AL117) -> 0 | CR117: =P117 -> mA | CS117: =SQRT(3) -> 1.7320508 | CT117: =CQ117/CS117 -> 0 | CV117: =SQRT(SUMSQ(CT117,CN117,CH117,CB117)) -> 0.031868218 | CW117: =(CV117^4)/(((CT117^4)/2)+((CN117^4)/200)+((CH117^4)/200)+((CB117^4)/200)) -> 283.48685 | CX117: =ROUND(TINV(0.05,CW117),0) -> 2 | CY117: =(CV117*CX117) -> 0.063736436 | CZ117: =P117 -> mA | DB117: 0.082 | DC117: =CZ117 -> mA | DD117: =MAX(DB117,CY117) -> 0.082 | DE117: =DC117 -> mA
F118: 6 A | L118: =6*50% -> 3 | P118: A | S118: - | X118: 3 | AC118: 3 | AH118: 3 | AM118: =AVERAGE(X118:AL118) -> 3 | AR118: =AM118-L118 -> 0 | BB118: =(AM118*0.2%)+(4*CK118) -> 0.01 | BG118: =L118+BB118 -> 3.01 | BL118: =L118-BB118 -> 2.99 | BQ118: =IF(AND(AM118<=BG118,AM118>=BL118),"PASS","FAIL") -> PASS | BX118: CoC | BY118: 0.0014 | BZ118: =P118 -> A | CA118: 2 | CB118: =BY118/CA118 -> 0.0007 | CD118: Annual Drift | CE118: 0 | CF118: =BZ118 -> A | CG118: =SQRT(3) -> 1.7320508 | CH118: =CE118/CG118 -> 0 | CJ118: Readability | CK118: 0.001 | CL118: =P118 -> A | CM118: =SQRT(12) -> 3.4641016 | CN118: =CK118/CM118 -> 0.00028867513 | CP118: Repeatability | CQ118: =STDEV(X118:AL118) -> 0 | CR118: =P118 -> A | CS118: =SQRT(3) -> 1.7320508 | CT118: =CQ118/CS118 -> 0 | CV118: =SQRT(SUMSQ(CT118,CN118,CH118,CB118)) -> 0.00075718778 | CW118: =(CV118^4)/(((CT118^4)/2)+((CN118^4)/200)+((CH118^4)/200)+((CB118^4)/200)) -> 266.11496 | CX118: =ROUND(TINV(0.05,CW118),0) -> 2 | CY118: =(CV118*CX118) -> 0.0015143756 | CZ118: =P118 -> A | DB118: 0.0016 | DC118: =CZ118 -> A | DD118: =MAX(DB118,CY118) -> 0.0016 | DE118: =DC118 -> A
L119: =6*90% -> 5.4 | P119: A | S119: - | X119: 5.4 | AC119: 5.4 | AH119: 5.4 | AM119: =AVERAGE(X119:AL119) -> 5.4 | AR119: =AM119-L119 -> 0 | BB119: =(AM119*0.2%)+(4*CK119) -> 0.0148 | BG119: =L119+BB119 -> 5.4148 | BL119: =L119-BB119 -> 5.3852 | BQ119: =IF(AND(AM119<=BG119,AM119>=BL119),"PASS","FAIL") -> PASS | BX119: CoC | BY119: 0.0014 | BZ119: =P119 -> A | CA119: 2 | CB119: =BY119/CA119 -> 0.0007 | CD119: Annual Drift | CE119: 0 | CF119: =BZ119 -> A | CG119: =SQRT(3) -> 1.7320508 | CH119: =CE119/CG119 -> 0 | CJ119: Readability | CK119: 0.001 | CL119: =P119 -> A | CM119: =SQRT(12) -> 3.4641016 | CN119: =CK119/CM119 -> 0.00028867513 | CP119: Repeatability | CQ119: =STDEV(X119:AL119) -> 1.087792e-15 | CR119: =P119 -> A | CS119: =SQRT(3) -> 1.7320508 | CT119: =CQ119/CS119 -> 6.2803698e-16 | CV119: =SQRT(SUMSQ(CT119,CN119,CH119,CB119)) -> 0.00075718778 | CW119: =(CV119^4)/(((CT119^4)/2)+((CN119^4)/200)+((CH119^4)/200)+((CB119^4)/200)) -> 266.11496 | CX119: =ROUND(TINV(0.05,CW119),0) -> 2 | CY119: =(CV119*CX119) -> 0.0015143756 | CZ119: =P119 -> A | DB119: 0.0016 | DC119: =CZ119 -> A | DD119: =MAX(DB119,CY119) -> 0.0016 | DE119: =DC119 -> A
F120: 10 A | L120: =10*50% -> 5 | P120: A | S120: - | X120: 5 | AC120: 5 | AH120: 5 | AM120: =AVERAGE(X120:AL120) -> 5 | AR120: =AM120-L120 -> 0 | BB120: =(AM120*0.2%)+(2*CK120) -> 0.03 | BG120: =L120+BB120 -> 5.03 | BL120: =L120-BB120 -> 4.97 | BQ120: =IF(AND(AM120<=BG120,AM120>=BL120),"PASS","FAIL") -> PASS | BX120: CoC | BY120: 0.0014 | BZ120: =P120 -> A | CA120: 2 | CB120: =BY120/CA120 -> 0.0007 | CD120: Annual Drift | CE120: 0 | CF120: =BZ120 -> A | CG120: =SQRT(3) -> 1.7320508 | CH120: =CE120/CG120 -> 0 | CJ120: Readability | CK120: 0.01 | CL120: =P120 -> A | CM120: =SQRT(12) -> 3.4641016 | CN120: =CK120/CM120 -> 0.0028867513 | CP120: Repeatability | CQ120: =STDEV(X120:AL120) -> 0 | CR120: =P120 -> A | CS120: =SQRT(3) -> 1.7320508 | CT120: =CQ120/CS120 -> 0 | CV120: =SQRT(SUMSQ(CT120,CN120,CH120,CB120)) -> 0.0029704096 | CW120: =(CV120^4)/(((CT120^4)/2)+((CN120^4)/200)+((CH120^4)/200)+((CB120^4)/200)) -> 223.43896 | CX120: =ROUND(TINV(0.05,CW120),0) -> 2 | CY120: =(CV120*CX120) -> 0.0059408192 | CZ120: =P120 -> A | DB120: 0.0016 | DC120: =CZ120 -> A | DD120: =MAX(DB120,CY120) -> 0.0059408192 | DE120: =DC120 -> A
L121: =10*90% -> 9 | P121: A | S121: - | X121: 9 | AC121: 9 | AH121: 9 | AM121: =AVERAGE(X121:AL121) -> 9 | AR121: =AM121-L121 -> 0 | BB121: =(AM121*0.2%)+(2*CK121) -> 0.038 | BG121: =L121+BB121 -> 9.038 | BL121: =L121-BB121 -> 8.962 | BQ121: =IF(AND(AM121<=BG121,AM121>=BL121),"PASS","FAIL") -> PASS | BX121: CoC | BY121: 0.0014 | BZ121: =P121 -> A | CA121: 2 | CB121: =BY121/CA121 -> 0.0007 | CD121: Annual Drift | CE121: 0 | CF121: =BZ121 -> A | CG121: =SQRT(3) -> 1.7320508 | CH121: =CE121/CG121 -> 0 | CJ121: Readability | CK121: 0.01 | CL121: =P121 -> A | CM121: =SQRT(12) -> 3.4641016 | CN121: =CK121/CM121 -> 0.0028867513 | CP121: Repeatability | CQ121: =STDEV(X121:AL121) -> 0 | CR121: =P121 -> A | CS121: =SQRT(3) -> 1.7320508 | CT121: =CQ121/CS121 -> 0 | CV121: =SQRT(SUMSQ(CT121,CN121,CH121,CB121)) -> 0.0029704096 | CW121: =(CV121^4)/(((CT121^4)/2)+((CN121^4)/200)+((CH121^4)/200)+((CB121^4)/200)) -> 223.43896 | CX121: =ROUND(TINV(0.05,CW121),0) -> 2 | CY121: =(CV121*CX121) -> 0.0059408192 | CZ121: =P121 -> A | DB121: 0.0016 | DC121: =CZ121 -> A | DD121: =MAX(DB121,CY121) -> 0.0059408192 | DE121: =DC121 -> A
F123: AC Current Test | BB123: Based on Tolerance | BX123: Standard | CD123: Standard | CJ123: Unit Under Test | CP123: Unit Under Test | CV123: Expanded Uncertainty | DB123: MINIMUM CMC | DD123: FINAL UNCERTAINTY DECLARATION
...

Sheet PASSFAIL
B2: PASS/FAIL ANALYSIS
B3: Measurement Results | H3: Based on Tolerance | N3: Based on +/- Uncertainty Applied | X3: FINAL REMARKS
B5: =DataSheet!F52 -> DC Voltage Test
B7: Measured Value | D7: Tolerance | F7: Uncertainty | H7: Upper Limit | J7: Lower Limit | L7: Remarks | N7: Measured Value + Uncertainty | P7: Upper Limit | R7: Remarks | T7: Measured Value - Uncertainty | V7: Remarks
B10: =DataSheet!AM55 -> 60 | C10: =DataSheet!P55 -> mV | D10: =ABS((B10*0.7%)+(3*DataSheet!CK55)) -> 0.72 | E10: =C10 -> mV | F10: =DataSheet!DD55 -> 0.057740161 | G10: =E10 -> mV | H10: =DataSheet!L55+D10 -> 60.72 | I10: =G10 -> mV | J10: =DataSheet!L55-D10 -> 59.28 | K10: =I10 -> mV | L10: =IF(AND(B10<=H10,B10>=J10),"PASSED","FAILED") -> PASSED | N10: =F10+B10 -> 60.05774 | O10: =G10 -> mV | P10: =H10 -> 60.72 | Q10: =O10 -> mV | R10: =IF(AND(N10<=H10,N10>=J10),"PASSED","FAILED") -> PASSED | T10: =-F10+B10 -> 59.94226 | U10: =O10 -> mV | V10: =IF(AND(T10<=H10,T10>=J10),"PASSED","FAILED") -> PASSED | X10: =IF(AND(L10="PASSED",R10="PASSED",V10="PASSED"),"PASSED",IF(L10="FAILED","FAILED","UNDETERMINED")) -> PASSED
B11: =DataSheet!AM56 -> 540 | C11: =DataSheet!P56 -> mV | D11: =ABS((B11*0.7%)+(3*DataSheet!CK56)) -> 4.08 | E11: =C11 -> mV | F11: =DataSheet!DD56 -> 0.057773206 | G11: =E11 -> mV | H11: =DataSheet!L56+D11 -> 544.08 | I11: =G11 -> mV | J11: =DataSheet!L56-D11 -> 535.92 | K11: =I11 -> mV | L11: =IF(AND(B11<=H11,B11>=J11),"PASSED","FAILED") -> PASSED | N11: =F11+B11 -> 540.05777 | O11: =G11 -> mV | P11: =H11 -> 544.08 | Q11: =O11 -> mV | R11: =IF(AND(N11<=H11,N11>=J11),"PASSED","FAILED") -> PASSED | T11: =-F11+B11 -> 539.94223 | U11: =O11 -> mV | V11: =IF(AND(T11<=H11,T11>=J11),"PASSED","FAILED") -> PASSED | X11: =IF(AND(L11="PASSED",R11="PASSED",V11="PASSED"),"PASSED",IF(L11="FAILED","FAILED","UNDETERMINED")) -> PASSED
B12: =DataSheet!AM57 -> -540 | C12: =DataSheet!P57 -> mV | D12: =ABS((B12*0.7%)-(3*DataSheet!CK57)) -> 4.08 | E12: =C12 -> mV | F12: =DataSheet!DD57 -> 0.057773206 | G12: =E12 -> mV | H12: =DataSheet!L57+D12 -> -535.92 | I12: =G12 -> mV | J12: =DataSheet!L57-D12 -> -544.08 | K12: =I12 -> mV | L12: =IF(AND(B12<=H12,B12>=J12),"PASSED","FAILED") -> PASSED | N12: =F12+B12 -> -539.94223 | O12: =G12 -> mV | P12: =H12 -> -535.92 | Q12: =O12 -> mV | R12: =IF(AND(N12<=H12,N12>=J12),"PASSED","FAILED") -> PASSED | T12: =-F12+B12 -> -540.05777 | U12: =O12 -> mV | V12: =IF(AND(T12<=H12,T12>=J12),"PASSED","FAILED") -> PASSED | X12: =IF(AND(L12="PASSED",R12="PASSED",V12="PASSED"),"PASSED",IF(L12="FAILED","FAILED","UNDETERMINED")) -> PASSED
B13: =DataSheet!AM58 -> 0.6 | C13: =DataSheet!P58 -> V | D13: =ABS((B13*0.7%)+(3*DataSheet!CK58)) -> 0.0072 | E13: =C13 -> V | F13: =DataSheet!DD58 -> 0.00057735409 | G13: =E13 -> V | H13: =DataSheet!L58+D13 -> 0.6072 | I13: =G13 -> V | J13: =DataSheet!L58-D13 -> 0.5928 | K13: =I13 -> V | L13: =IF(AND(B13<=H13,B13>=J13),"PASSED","FAILED") -> PASSED | N13: =F13+B13 -> 0.60057735 | O13: =G13 -> V | P13: =H13 -> 0.6072 | Q13: =O13 -> V | R13: =IF(AND(N13<=H13,N13>=J13),"PASSED","FAILED") -> PASSED | T13: =-F13+B13 -> 0.59942265 | U13: =O13 -> V | V13: =IF(AND(T13<=H13,T13>=J13),"PASSED","FAILED") -> PASSED | X13: =IF(AND(L13="PASSED",R13="PASSED",V13="PASSED"),"PASSED",IF(L13="FAILED","FAILED","UNDETERMINED")) -> PASSED
B14: =DataSheet!AM59 -> 5.4 | C14: =DataSheet!P59 -> V | D14: =ABS((B14*0.7%)+(3*DataSheet!CK59)) -> 0.0408 | E14: =C14 -> V | F14: =DataSheet!DD59 -> 0.00057763079 | G14: =E14 -> V | H14: =DataSheet!L59+D14 -> 5.4408 | I14: =G14 -> V | J14: =DataSheet!L59-D14 -> 5.3592 | K14: =I14 -> V | L14: =IF(AND(B14<=H14,B14>=J14),"PASSED","FAILED") -> PASSED | N14: =F14+B14 -> 5.4005776 | O14: =G14 -> V | P14: =H14 -> 5.4408 | Q14: =O14 -> V | R14: =IF(AND(N14<=H14,N14>=J14),"PASSED","FAILED") -> PASSED | T14: =-DataSheet!DD59+B14 -> 5.3994224 | U14: =O14 -> V | V14: =IF(AND(T14<=H14,T14>=J14),"PASSED","FAILED") -> PASSED | X14: =IF(AND(L14="PASSED",R14="PASSED",V14="PASSED"),"PASSED",IF(L14="FAILED","FAILED","UNDETERMINED")) -> PASSED
B15: =DataSheet!AM60 -> -5.4 | C15: =DataSheet!P60 -> V | D15: =ABS((B15*0.7%)-(3*DataSheet!CK60)) -> 0.0408 | E15: =C15 -> V | F15: =DataSheet!DD60 -> 0.00057763079 | G15: =E15 -> V | H15: =DataSheet!L60+D15 -> -5.3592 | I15: =G15 -> V | J15: =DataSheet!L60-D15 -> -5.4408 | K15: =I15 -> V | L15: =IF(AND(B15<=H15,B15>=J15),"PASSED","FAILED") -> PASSED | N15: =F15+B15 -> -5.3994224 | O15: =G15 -> V | P15: =H15 -> -5.3592 | Q15: =O15 -> V | R15: =IF(AND(N15<=H15,N15>=J15),"PASSED","FAILED") -> PASSED | T15: =-DataSheet!DD60+B15 -> -5.4005776 | U15: =O15 -> V | V15: =IF(AND(T15<=H15,T15>=J15),"PASSED","FAILED") -> PASSED | X15: =IF(AND(L15="PASSED",R15="PASSED",V15="PASSED"),"PASSED",IF(L15="FAILED","FAILED","UNDETERMINED")) -> PASSED
B16: =DataSheet!AM61 -> 6 | C16: =DataSheet!P61 -> V | D16: =ABS((B16*0.7%)+(3*DataSheet!CK61)) -> 0.072 | E16: =C16 -> V | F16: =DataSheet!DD61 -> 0.0057735308 | G16: =E16 -> V | H16: =DataSheet!L61+D16 -> 6.072 | I16: =G16 -> V | J16: =DataSheet!L61-D16 -> 5.928 | K16: =I16 -> V | L16: =IF(AND(B16<=H16,B16>=J16),"PASSED","FAILED") -> PASSED | N16: =F16+B16 -> 6.0057735 | O16: =G16 -> V | P16: =H16 -> 6.072 | Q16: =O16 -> V | R16: =IF(AND(N16<=H16,N16>=J16),"PASSED","FAILED") -> PASSED | T16: =-F16+B16 -> 5.9942265 | U16: =O16 -> V | V16: =IF(AND(T16<=H16,T16>=J16),"PASSED","FAILED") -> PASSED | X16: =IF(AND(L16="PASSED",R16="PASSED",V16="PASSED"),"PASSED",IF(L16="FAILED","FAILED","UNDETERMINED")) -> PASSED
B17: =DataSheet!AM62 -> 30 | C17: =DataSheet!P62 -> V | D17: =ABS((B17*0.7%)+(3*DataSheet!CK62)) -> 0.24 | E17: =C17 -> V | F17: =DataSheet!DD62 -> 0.0057743687 | G17: =E17 -> V | H17: =DataSheet!L62+D17 -> 30.24 | I17: =G17 -> V | J17: =DataSheet!L62-D17 -> 29.76 | K17: =I17 -> V | L17: =IF(AND(B17<=H17,B17>=J17),"PASSED","FAILED") -> PASSED | N17: =F17+B17 -> 30.005774 | O17: =G17 -> V | P17: =H17 -> 30.24 | Q17: =O17 -> V | R17: =IF(AND(N17<=H17,N17>=J17),"PASSED","FAILED") -> PASSED | T17: =-F17+B17 -> 29.994226 | U17: =O17 -> V | V17: =IF(AND(T17<=H17,T17>=J17),"PASSED","FAILED") -> PASSED | X17: =IF(AND(L17="PASSED",R17="PASSED",V17="PASSED"),"PASSED",IF(L17="FAILED","FAILED","UNDETERMINED")) -> PASSED
B18: =DataSheet!AM63 -> 54 | C18: =DataSheet!P63 -> V | D18: =ABS((B18*0.7%)+(3*DataSheet!CK63)) -> 0.408 | E18: =C18 -> V | F18: =DataSheet!DD63 -> 0.0057818192 | G18: =E18 -> V | H18: =DataSheet!L63+D18 -> 54.408 | I18: =G18 -> V | J18: =DataSheet!L63-D18 -> 53.592 | K18: =I18 -> V | L18: =IF(AND(B18<=H18,B18>=J18),"PASSED","FAILED") -> PASSED | N18: =F18+B18 -> 54.005782 | O18: =G18 -> V | P18: =H18 -> 54.408 | Q18: =O18 -> V | R18: =IF(AND(N18<=H18,N18>=J18),"PASSED","FAILED") -> PASSED | T18: =-F18+B18 -> 53.994218 | U18: =O18 -> V | V18: =IF(AND(T18<=H18,T18>=J18),"PASSED","FAILED") -> PASSED | X18: =IF(AND(L18="PASSED",R18="PASSED",V18="PASSED"),"PASSED",IF(L18="FAILED","FAILED","UNDETERMINED")) -> PASSED
B19: =DataSheet!AM64 -> -6 | C19: =DataSheet!P64 -> V | D19: =ABS((B19*0.7%)-(3*DataSheet!CK64)) -> 0.072 | E19: =C19 -> V | F19: =DataSheet!DD64 -> 0.0057735308 | G19: =E19 -> V | H19: =DataSheet!L64+D19 -> -5.928 | I19: =G19 -> V | J19: =DataSheet!L64-D19 -> -6.072 | K19: =I19 -> V | L19: =IF(AND(B19<=H19,B19>=J19),"PASSED","FAILED") -> PASSED | N19: =F19+B19 -> -5.9942265 | O19: =G19 -> V | P19: =H19 -> -5.928 | Q19: =O19 -> V | R19: =IF(AND(N19<=H19,N19>=J19),"PASSED","FAILED") -> PASSED | T19: =-F19+B19 -> -6.0057735 | U19: =O19 -> V | V19: =IF(AND(T19<=H19,T19>=J19),"PASSED","FAILED") -> PASSED | X19: =IF(AND(L19="PASSED",R19="PASSED",V19="PASSED"),"PASSED",IF(L19="FAILED","FAILED","UNDETERMINED")) -> PASSED
B20: =DataSheet!AM65 -> -54 | C20: =DataSheet!P65 -> V | D20: =ABS((B20*0.7%)-(3*DataSheet!CK65)) -> 0.408 | E20: =C20 -> V | F20: =DataSheet!DD65 -> 0.0057818192 | G20: =E20 -> V | H20: =DataSheet!L65+D20 -> -53.592 | I20: =G20 -> V | J20: =DataSheet!L65-D20 -> -54.408 | K20: =I20 -> V | L20: =IF(AND(B20<=H20,B20>=J20),"PASSED","FAILED") -> PASSED | N20: =F20+B20 -> -53.994218 | O20: =G20 -> V | P20: =H20 -> -53.592 | Q20: =O20 -> V | R20: =IF(AND(N20<=H20,N20>=J20),"PASSED","FAILED") -> PASSED | T20: =-F20+B20 -> -54.005782 | U20: =O20 -> V | V20: =IF(AND(T20<=H20,T20>=J20),"PASSED","FAILED") -> PASSED | X20: =IF(AND(L20="PASSED",R20="PASSED",V20="PASSED"),"PASSED",IF(L20="FAILED","FAILED","UNDETERMINED")) -> PASSED
B21: =DataSheet!#REF! -> #REF! | C21: =DataSheet!#REF! -> #REF! | D21: =ABS((DataSheet!#REF!*0.7%)+(3*DataSheet!#REF!)) -> #REF! | E21: =C21 -> #REF! | F21: =DataSheet!#REF! -> #REF! | G21: =E21 -> #REF! | H21: =DataSheet!#REF!+D21 -> #REF! | I21: =G21 -> #REF! | J21: =DataSheet!#REF!-D21 -> #REF! | K21: =I21 -> #REF! | L21: =IF(AND(B21<=H21,B21>=J21),"PASSED","FAILED") -> #REF! | N21: =F21+B21 -> #REF! | O21: =G21 -> #REF! | P21: =H21 -> #REF! | Q21: =O21 -> #REF! | R21: =IF(AND(N21<=H21,N21>=J21),"PASSED","FAILED") -> #REF! | T21: =-F21+B21 -> #REF! | U21: =O21 -> #REF! | V21: =IF(AND(T21<=H21,T21>=J21),"PASSED","FAILED") -> #REF! | X21: =IF(AND(L21="PASSED",R21="PASSED",V21="PASSED"),"PASSED",IF(L21="FAILED","FAILED","UNDETERMINED")) -> #REF!
B22: =DataSheet!#REF! -> #REF! | C22: =DataSheet!#REF! -> #REF! | D22: =ABS((DataSheet!#REF!*0.7%)+(3*DataSheet!#REF!)) -> #REF! | E22: =C22 -> #REF! | F22: =DataSheet!#REF! -> #REF! | G22: =E22 -> #REF! | H22: =DataSheet!#REF!+D22 -> #REF! | I22: =G22 -> #REF! | J22: =DataSheet!#REF!-D22 -> #REF! | K22: =I22 -> #REF! | L22: =IF(AND(B22<=H22,B22>=J22),"PASSED","FAILED") -> #REF! | N22: =F22+B22 -> #REF! | O22: =G22 -> #REF! | P22: =H22 -> #REF! | Q22: =O22 -> #REF! | R22: =IF(AND(N22<=H22,N22>=J22),"PASSED","FAILED") -> #REF! | T22: =-F22+B22 -> #REF! | U22: =O22 -> #REF! | V22: =IF(AND(T22<=H22,T22>=J22),"PASSED","FAILED") -> #REF! | X22: =IF(AND(L22="PASSED",R22="PASSED",V22="PASSED"),"PASSED",IF(L22="FAILED","FAILED","UNDETERMINED")) -> #REF!
B23: =DataSheet!#REF! -> #REF! | C23: =DataSheet!#REF! -> #REF! | D23: =ABS((DataSheet!#REF!*0.7%)-(3*DataSheet!#REF!)) -> #REF! | E23: =C23 -> #REF! | F23: =DataSheet!#REF! -> #REF! | G23: =E23 -> #REF! | H23: =DataSheet!#REF!+D23 -> #REF! | I23: =G23 -> #REF! | J23: =DataSheet!#REF!-D23 -> #REF! | K23: =I23 -> #REF! | L23: =IF(AND(B23<=H23,B23>=J23),"PASSED","FAILED") -> #REF! | N23: =F23+B23 -> #REF! | O23: =G23 -> #REF! | P23: =H23 -> #REF! | Q23: =O23 -> #REF! | R23: =IF(AND(N23<=H23,N23>=J23),"PASSED","FAILED") -> #REF! | T23: =-F23+B23 -> #REF! | U23: =O23 -> #REF! | V23: =IF(AND(T23<=H23,T23>=J23),"PASSED","FAILED") -> #REF! | X23: =IF(AND(L23="PASSED",R23="PASSED",V23="PASSED"),"PASSED",IF(L23="FAILED","FAILED","UNDETERMINED")) -> #REF!
B24: =DataSheet!AM66 -> 60 | C24: =DataSheet!P66 -> V | D24: =ABS((DataSheet!AM66*0.7%)+(3*DataSheet!CK66)) -> 0.72 | E24: =C24 -> V | F24: =DataSheet!DD66 -> 0.057735859 | G24: =E24 -> V | H24: =DataSheet!L66+D24 -> 60.72 | I24: =G24 -> V | J24: =DataSheet!L66-D24 -> 59.28 | K24: =I24 -> V | L24: =IF(AND(B24<=H24,B24>=J24),"PASSED","FAILED") -> PASSED | N24: =F24+B24 -> 60.057736 | O24: =G24 -> V | P24: =H24 -> 60.72 | Q24: =O24 -> V | R24: =IF(AND(N24<=H24,N24>=J24),"PASSED","FAILED") -> PASSED | T24: =-F24+B24 -> 59.942264 | U24: =O24 -> V | V24: =IF(AND(T24<=H24,T24>=J24),"PASSED","FAILED") -> PASSED | X24: =IF(AND(L24="PASSED",R24="PASSED",V24="PASSED"),"PASSED",IF(L24="FAILED","FAILED","UNDETERMINED")) -> PASSED
B25: =DataSheet!AM67 -> 540 | C25: =DataSheet!P67 -> V | D25: =ABS((DataSheet!AM67*0.7%)+(3*DataSheet!CK67)) -> 4.08 | E25: =C25 -> V | F25: =DataSheet!DD67 -> 0.05782926 | G25: =E25 -> V | H25: =DataSheet!L67+D25 -> 544.08 | I25: =G25 -> V | J25: =DataSheet!L67-D25 -> 535.92 | K25: =I25 -> V | L25: =IF(AND(B25<=H25,B25>=J25),"PASSED","FAILED") -> PASSED | N25: =F25+B25 -> 540.05783 | O25: =G25 -> V | P25: =H25 -> 544.08 | Q25: =O25 -> V | R25: =IF(AND(N25<=H25,N25>=J25),"PASSED","FAILED") -> PASSED | T25: =-F25+B25 -> 539.94217 | U25: =O25 -> V | V25: =IF(AND(T25<=H25,T25>=J25),"PASSED","FAILED") -> PASSED | X25: =IF(AND(L25="PASSED",R25="PASSED",V25="PASSED"),"PASSED",IF(L25="FAILED","FAILED","UNDETERMINED")) -> PASSED
B26: =DataSheet!AM68 -> -540 | C26: =DataSheet!P68 -> V | D26: =ABS((DataSheet!AM68*0.7%)-(3*DataSheet!CK68)) -> 4.08 | E26: =C26 -> V | F26: =DataSheet!DD68 -> 0.05782926 | G26: =E26 -> V | H26: =DataSheet!L68+D26 -> -535.92 | I26: =G26 -> V | J26: =DataSheet!L68-D26 -> -544.08 | K26: =I26 -> V | L26: =IF(AND(B26<=H26,B26>=J26),"PASSED","FAILED") -> PASSED | N26: =F26+B26 -> -539.94217 | O26: =G26 -> V | P26: =H26 -> -535.92 | Q26: =O26 -> V | R26: =IF(AND(N26<=H26,N26>=J26),"PASSED","FAILED") -> PASSED | T26: =-F26+B26 -> -540.05783 | U26: =O26 -> V | V26: =IF(AND(T26<=H26,T26>=J26),"PASSED","FAILED") -> PASSED | X26: =IF(AND(L26="PASSED",R26="PASSED",V26="PASSED"),"PASSED",IF(L26="FAILED","FAILED","UNDETERMINED")) -> PASSED
B27: =DataSheet!F73 -> AC Voltage Test | X27: FINAL REMARKS
B29: Measured Value | D29: Tolerance | F29: Uncertainty | H29: Upper Limit | J29: Lower Limit | L29: Remarks | N29: Measured + Upper UNC | P29: Upper Limit | R29: Remarks | T29: Measured + Lower UNC | V29: Remarks
B31: =DataSheet!AM80 -> 0.6 | C31: =DataSheet!P80 -> V | D31: =ABS((DataSheet!AM80*1.6%)+(9*DataSheet!CK80)) -> 0.0186 | E31: =C31 -> V | F31: =DataSheet!DD80 -> 0.0010776982 | G31: =E31 -> V | H31: =DataSheet!L80+D31 -> 0.6186 | J31: =DataSheet!L80-D31 -> 0.5814 | L31: =IF(AND(B31<=H31,B31>=J31),"PASSED","FAILED") -> PASSED | N31: =DataSheet!DD80+B31 -> 0.6010777 | O31: =G31 -> V | P31: =H31 -> 0.6186 | Q31: =O31 -> V | R31: =IF(AND(N31<=H31,N31>=J31),"PASSED","FAILED") -> PASSED | T31: =-DataSheet!DD80+B31 -> 0.5989223 | U31: =O31 -> V | V31: =IF(AND(T31<=H31,T31>=J31),"PASSED","FAILED") -> PASSED | X31: =IF(AND(L31="PASSED",R31="PASSED",V31="PASSED"),"PASSED",IF(L31="FAILED","FAILED","UNDETERMINED")) -> PASSED
B32: =DataSheet!AM81 -> 0.6 | C32: =DataSheet!P81 -> V | D32: =ABS((DataSheet!AM81*1.6%)+(9*DataSheet!CK81)) -> 0.0186 | E32: =C32 -> V | F32: =DataSheet!DD81 -> 0.0010776982 | G32: =E32 -> V | H32: =DataSheet!L81+D32 -> 0.6186 | J32: =DataSheet!L81-D32 -> 0.5814 | L32: =IF(AND(B32<=H32,B32>=J32),"PASSED","FAILED") -> PASSED | N32: =DataSheet!DD81+B32 -> 0.6010777 | O32: =G32 -> V | P32: =H32 -> 0.6186 | Q32: =O32 -> V | R32: =IF(AND(N32<=H32,N32>=J32),"PASSED","FAILED") -> PASSED | T32: =-DataSheet!DD81+B32 -> 0.5989223 | U32: =O32 -> V | V32: =IF(AND(T32<=H32,T32>=J32),"PASSED","FAILED") -> PASSED | X32: =IF(AND(L32="PASSED",R32="PASSED",V32="PASSED"),"PASSED",IF(L32="FAILED","FAILED","UNDETERMINED")) -> PASSED
B33: =DataSheet!AM82 -> 5.4 | C33: =DataSheet!P82 -> V | D33: =ABS((DataSheet!AM82*1.6%)+(9*DataSheet!CK82)) -> 0.0954 | E33: =C33 -> V | F33: =DataSheet!DD82 -> 0.0073227955 | G33: =E33 -> V | H33: =DataSheet!L82+D33 -> 5.4954 | J33: =DataSheet!L82-D33 -> 5.3046 | L33: =IF(AND(B33<=H33,B33>=J33),"PASSED","FAILED") -> PASSED | N33: =DataSheet!DD82+B33 -> 5.4073228 | O33: =G33 -> V | P33: =H33 -> 5.4954 | Q33: =O33 -> V | R33: =IF(AND(N33<=H33,N33>=J33),"PASSED","FAILED") -> PASSED | T33: =-DataSheet!DD82+B33 -> 5.3926772 | U33: =O33 -> V | V33: =IF(AND(T33<=H33,T33>=J33),"PASSED","FAILED") -> PASSED | X33: =IF(AND(L33="PASSED",R33="PASSED",V33="PASSED"),"PASSED",IF(L33="FAILED","FAILED","UNDETERMINED")) -> PASSED
B34: =DataSheet!AM83 -> 5.4 | C34: =DataSheet!P83 -> V | D34: =ABS((DataSheet!AM83*1.6%)+(9*DataSheet!CK83)) -> 0.0954 | E34: =C34 -> V | F34: =DataSheet!DD83 -> 0.0073227955 | G34: =E34 -> V | H34: =DataSheet!L83+D34 -> 5.4954 | J34: =DataSheet!L83-D34 -> 5.3046 | L34: =IF(AND(B34<=H34,B34>=J34),"PASSED","FAILED") -> PASSED | N34: =DataSheet!DD83+B34 -> 5.4073228 | O34: =G34 -> V | P34: =H34 -> 5.4954 | Q34: =O34 -> V | R34: =IF(AND(N34<=H34,N34>=J34),"PASSED","FAILED") -> PASSED | T34: =-DataSheet!DD83+B34 -> 5.3926772 | U34: =O34 -> V | V34: =IF(AND(T34<=H34,T34>=J34),"PASSED","FAILED") -> PASSED | X34: =IF(AND(L34="PASSED",R34="PASSED",V34="PASSED"),"PASSED",IF(L34="FAILED","FAILED","UNDETERMINED")) -> PASSED
B35: =DataSheet!AM84 -> 6 | C35: =DataSheet!P84 -> V | D35: =ABS((DataSheet!AM84*1.6%)+(9*DataSheet!CK84)) -> 0.186 | E35: =C35 -> V | F35: =DataSheet!DD84 -> 0.0093071657 | G35: =E35 -> V | H35: =DataSheet!L84+D35 -> 6.186 | J35: =DataSheet!L84-D35 -> 5.814 | L35: =IF(AND(B35<=H35,B35>=J35),"PASSED","FAILED") -> PASSED | N35: =DataSheet!DD84+B35 -> 6.0093072 | O35: =G35 -> V | P35: =H35 -> 6.186 | Q35: =O35 -> V | R35: =IF(AND(N35<=H35,N35>=J35),"PASSED","FAILED") -> PASSED | T35: =-F35+B35 -> 5.9906928 | U35: =O35 -> V | V35: =IF(AND(T35<=H35,T35>=J35),"PASSED","FAILED") -> PASSED | X35: =IF(AND(L35="PASSED",R35="PASSED",V35="PASSED"),"PASSED",IF(L35="FAILED","FAILED","UNDETERMINED")) -> PASSED
B36: =DataSheet!AM85 -> 6 | C36: =DataSheet!P85 -> V | D36: =ABS((DataSheet!AM85*1.6%)+(9*DataSheet!CK85)) -> 0.186 | E36: =C36 -> V | F36: =DataSheet!DD85 -> 0.0093071657 | G36: =E36 -> V | H36: =DataSheet!L85+D36 -> 6.186 | J36: =DataSheet!L85-D36 -> 5.814 | L36: =IF(AND(B36<=H36,B36>=J36),"PASSED","FAILED") -> PASSED | N36: =DataSheet!DD85+B36 -> 6.0093072 | O36: =G36 -> V | P36: =H36 -> 6.186 | Q36: =O36 -> V | R36: =IF(AND(N36<=H36,N36>=J36),"PASSED","FAILED") -> PASSED | T36: =-F36+B36 -> 5.9906928 | U36: =O36 -> V | V36: =IF(AND(T36<=H36,T36>=J36),"PASSED","FAILED") -> PASSED | X36: =IF(AND(L36="PASSED",R36="PASSED",V36="PASSED"),"PASSED",IF(L36="FAILED","FAILED","UNDETERMINED")) -> PASSED
B37: =DataSheet!AM86 -> 30 | C37: =DataSheet!P86 -> V | D37: =ABS((DataSheet!AM86*1.6%)+(9*DataSheet!CK86)) -> 0.57 | E37: =C37 -> V | F37: =DataSheet!DD86 -> 0.0093071657 | G37: =E37 -> V | H37: =DataSheet!L86+D37 -> 30.57 | J37: =DataSheet!L86-D37 -> 29.43 | L37: =IF(AND(B37<=H37,B37>=J37),"PASSED","FAILED") -> PASSED | N37: =DataSheet!DD86+B37 -> 30.009307 | O37: =G37 -> V | P37: =H37 -> 30.57 | Q37: =O37 -> V | R37: =IF(AND(N37<=H37,N37>=J37),"PASSED","FAILED") -> PASSED | T37: =-F37+B37 -> 29.990693 | U37: =O37 -> V | V37: =IF(AND(T37<=H37,T37>=J37),"PASSED","FAILED") -> PASSED | X37: =IF(AND(L37="PASSED",R37="PASSED",V37="PASSED"),"PASSED",IF(L37="FAILED","FAILED","UNDETERMINED")) -> PASSED
B38: =DataSheet!AM87 -> 30 | C38: =DataSheet!P87 -> V | D38: =ABS((DataSheet!AM87*1.6%)+(9*DataSheet!CK87)) -> 0.57 | E38: =C38 -> V | F38: =DataSheet!DD87 -> 0.0093071657 | G38: =E38 -> V | H38: =DataSheet!L87+D38 -> 30.57 | J38: =DataSheet!L87-D38 -> 29.43 | L38: =IF(AND(B38<=H38,B38>=J38),"PASSED","FAILED") -> PASSED | N38: =DataSheet!DD87+B38 -> 30.009307 | O38: =G38 -> V | P38: =H38 -> 30.57 | Q38: =O38 -> V | R38: =IF(AND(N38<=H38,N38>=J38),"PASSED","FAILED") -> PASSED | T38: =-F38+B38 -> 29.990693 | U38: =O38 -> V | V38: =IF(AND(T38<=H38,T38>=J38),"PASSED","FAILED") -> PASSED | X38: =IF(AND(L38="PASSED",R38="PASSED",V38="PASSED"),"PASSED",IF(L38="FAILED","FAILED","UNDETERMINED")) -> PASSED
B39: =DataSheet!AM88 -> 54 | C39: =DataSheet!P88 -> V | D39: =ABS((DataSheet!AM88*1.6%)+(9*DataSheet!CK88)) -> 0.954 | E39: =C39 -> V | F39: =DataSheet!DD88 -> 0.071234355 | G39: =E39 -> V | H39: =DataSheet!L88+D39 -> 54.954 | J39: =DataSheet!L88-D39 -> 53.046 | L39: =IF(AND(B39<=H39,B39>=J39),"PASSED","FAILED") -> PASSED | N39: =DataSheet!DD88+B39 -> 54.071234 | O39: =G39 -> V | P39: =H39 -> 54.954 | Q39: =O39 -> V | R39: =IF(AND(N39<=H39,N39>=J39),"PASSED","FAILED") -> PASSED | T39: =-F39+B39 -> 53.928766 | U39: =O39 -> V | V39: =IF(AND(T39<=H39,T39>=J39),"PASSED","FAILED") -> PASSED | X39: =IF(AND(L39="PASSED",R39="PASSED",V39="PASSED"),"PASSED",IF(L39="FAILED","FAILED","UNDETERMINED")) -> PASSED
B40: =DataSheet!AM89 -> 54 | C40: =DataSheet!P89 -> V | D40: =ABS((DataSheet!AM89*1.6%)+(9*DataSheet!CK89)) -> 0.954 | E40: =C40 -> V | F40: =DataSheet!DD89 -> 0.071234355 | G40: =E40 -> V | H40: =DataSheet!L89+D40 -> 54.954 | J40: =DataSheet!L89-D40 -> 53.046 | L40: =IF(AND(B40<=H40,B40>=J40),"PASSED","FAILED") -> PASSED | N40: =DataSheet!DD89+B40 -> 54.071234 | O40: =G40 -> V | P40: =H40 -> 54.954 | Q40: =O40 -> V | R40: =IF(AND(N40<=H40,N40>=J40),"PASSED","FAILED") -> PASSED | T40: =-F40+B40 -> 53.928766 | U40: =O40 -> V | V40: =IF(AND(T40<=H40,T40>=J40),"PASSED","FAILED") -> PASSED | X40: =IF(AND(L40="PASSED",R40="PASSED",V40="PASSED"),"PASSED",IF(L40="FAILED","FAILED","UNDETERMINED")) -> PASSED
B41: =DataSheet!#REF! -> #REF! | C41: =DataSheet!#REF! -> #REF! | D41: =ABS((DataSheet!#REF!*1.6%)+(9*DataSheet!#REF!)) -> #REF! | E41: =C41 -> #REF! | F41: =DataSheet!#REF! -> #REF! | G41: =E41 -> #REF! | H41: =DataSheet!#REF!+D41 -> #REF! | J41: =DataSheet!#REF!-D41 -> #REF! | L41: =IF(AND(B41<=H41,B41>=J41),"PASSED","FAILED") -> #REF! | N41: =DataSheet!#REF!+B41 -> #REF! | O41: =G41 -> #REF! | P41: =H41 -> #REF! | Q41: =O41 -> #REF! | R41: =IF(AND(N41<=H41,N41>=J41),"PASSED","FAILED") -> #REF! | T41: =-F41+B41 -> #REF! | U41: =O41 -> #REF! | V41: =IF(AND(T41<=H41,T41>=J41),"PASSED","FAILED") -> #REF! | X41: =IF(AND(L41="PASSED",R41="PASSED",V41="PASSED"),"PASSED",IF(L41="FAILED","FAILED","UNDETERMINED")) -> #REF!
B42: =DataSheet!#REF! -> #REF! | C42: =DataSheet!#REF! -> #REF! | D42: =ABS((DataSheet!#REF!*1.6%)+(9*DataSheet!#REF!)) -> #REF! | E42: =C42 -> #REF! | F42: =DataSheet!#REF! -> #REF! | G42: =E42 -> #REF! | H42: =DataSheet!#REF!+D42 -> #REF! | J42: =DataSheet!#REF!-D42 -> #REF! | L42: =IF(AND(B42<=H42,B42>=J42),"PASSED","FAILED") -> #REF! | N42: =DataSheet!#REF!+B42 -> #REF! | O42: =G42 -> #REF! | P42: =H42 -> #REF! | Q42: =O42 -> #REF! | R42: =IF(AND(N42<=H42,N42>=J42),"PASSED","FAILED") -> #REF! | T42: =-F42+B42 -> #REF! | U42: =O42 -> #REF! | V42: =IF(AND(T42<=H42,T42>=J42),"PASSED","FAILED") -> #REF! | X42: =IF(AND(L42="PASSED",R42="PASSED",V42="PASSED"),"PASSED",IF(L42="FAILED","FAILED","UNDETERMINED")) -> #REF!
B43: =DataSheet!#REF! -> #REF! | C43: =DataSheet!#REF! -> #REF! | D43: =ABS((DataSheet!#REF!*1.6%)+(9*DataSheet!#REF!)) -> #REF! | E43: =C43 -> #REF! | F43: =DataSheet!#REF! -> #REF! | G43: =E43 -> #REF! | H43: =DataSheet!#REF!+D43 -> #REF! | J43: =DataSheet!#REF!-D43 -> #REF! | L43: =IF(AND(B43<=H43,B43>=J43),"PASSED","FAILED") -> #REF! | N43: =DataSheet!#REF!+B43 -> #REF! | O43: =G43 -> #REF! | P43: =H43 -> #REF! | Q43: =O43 -> #REF! | R43: =IF(AND(N43<=H43,N43>=J43),"PASSED","FAILED") -> #REF! | T43: =-F43+B43 -> #REF! | U43: =O43 -> #REF! | V43: =IF(AND(T43<=H43,T43>=J43),"PASSED","FAILED") -> #REF! | X43: =IF(AND(L43="PASSED",R43="PASSED",V43="PASSED"),"PASSED",IF(L43="FAILED","FAILED","UNDETERMINED")) -> #REF!
B44: =DataSheet!#REF! -> #REF! | C44: =DataSheet!#REF! -> #REF! | D44: =ABS((DataSheet!#REF!*1.6%)+(9*DataSheet!#REF!)) -> #REF! | E44: =C44 -> #REF! | F44: =DataSheet!#REF! -> #REF! | G44: =E44 -> #REF! | H44: =DataSheet!#REF!+D44 -> #REF! | J44: =DataSheet!#REF!-D44 -> #REF! | L44: =IF(AND(B44<=H44,B44>=J44),"PASSED","FAILED") -> #REF! | N44: =DataSheet!#REF!+B44 -> #REF! | O44: =G44 -> #REF! | P44: =H44 -> #REF! | Q44: =O44 -> #REF! | R44: =IF(AND(N44<=H44,N44>=J44),"PASSED","FAILED") -> #REF! | T44: =-F44+B44 -> #REF! | U44: =O44 -> #REF! | V44: =IF(AND(T44<=H44,T44>=J44),"PASSED","FAILED") -> #REF! | X44: =IF(AND(L44="PASSED",R44="PASSED",V44="PASSED"),"PASSED",IF(L44="FAILED","FAILED","UNDETERMINED")) -> #REF!
B45: =DataSheet!AM90 -> 60 | C45: =DataSheet!P90 -> V | D45: =ABS((DataSheet!AM90*1.6%)+(9*DataSheet!CK90)) -> 1.86 | E45: =C45 -> V | F45: =DataSheet!DD90 -> 0.091511384 | G45: =E45 -> V | H45: =DataSheet!L90+D45 -> 61.86 | J45: =DataSheet!L90-D45 -> 58.14 | L45: =IF(AND(B45<=H45,B45>=J45),"PASSED","FAILED") -> PASSED | N45: =DataSheet!DD90+B45 -> 60.091511 | O45: =G45 -> V | P45: =H45 -> 61.86 | Q45: =O45 -> V | R45: =IF(AND(N45<=H45,N45>=J45),"PASSED","FAILED") -> PASSED | T45: =-F45+B45 -> 59.908489 | U45: =O45 -> V | V45: =IF(AND(T45<=H45,T45>=J45),"PASSED","FAILED") -> PASSED | X45: =IF(AND(L45="PASSED",R45="PASSED",V45="PASSED"),"PASSED",IF(L45="FAILED","FAILED","UNDETERMINED")) -> PASSED
B46: =DataSheet!AM91 -> 60 | C46: =DataSheet!P91 -> V | D46: =ABS((DataSheet!AM91*1.6%)+(9*DataSheet!CK91)) -> 1.86 | E46: =C46 -> V | F46: =DataSheet!DD91 -> 0.091511384 | G46: =E46 -> V | H46: =DataSheet!L91+D46 -> 61.86 | J46: =DataSheet!L91-D46 -> 58.14 | L46: =IF(AND(B46<=H46,B46>=J46),"PASSED","FAILED") -> PASSED | N46: =DataSheet!DD91+B46 -> 60.091511 | O46: =G46 -> V | P46: =H46 -> 61.86 | Q46: =O46 -> V | R46: =IF(AND(N46<=H46,N46>=J46),"PASSED","FAILED") -> PASSED | T46: =-F46+B46 -> 59.908489 | U46: =O46 -> V | V46: =IF(AND(T46<=H46,T46>=J46),"PASSED","FAILED") -> PASSED | X46: =IF(AND(L46="PASSED",R46="PASSED",V46="PASSED"),"PASSED",IF(L46="FAILED","FAILED","UNDETERMINED")) -> PASSED
B47: =DataSheet!AM92 -> 540 | C47: =DataSheet!P92 -> V | D47: =ABS((DataSheet!AM92*1.6%)+(9*DataSheet!CK92)) -> 9.54 | E47: =C47 -> V | F47: =DataSheet!DD92 -> 0.091511384 | G47: =E47 -> V | H47: =DataSheet!L92+D47 -> 549.54 | J47: =DataSheet!L92-D47 -> 530.46 | L47: =IF(AND(B47<=H47,B47>=J47),"PASSED","FAILED") -> PASSED | N47: =DataSheet!DD92+B47 -> 540.09151 | O47: =G47 -> V | P47: =H47 -> 549.54 | Q47: =O47 -> V | R47: =IF(AND(N47<=H47,N47>=J47),"PASSED","FAILED") -> PASSED | T47: =-F47+B47 -> 539.90849 | U47: =O47 -> V | V47: =IF(AND(T47<=H47,T47>=J47),"PASSED","FAILED") -> PASSED | X47: =IF(AND(L47="PASSED",R47="PASSED",V47="PASSED"),"PASSED",IF(L47="FAILED","FAILED","UNDETERMINED")) -> PASSED
B48: =DataSheet!AM93 -> 540 | C48: =DataSheet!P93 -> V | D48: =ABS((DataSheet!AM93*1.6%)+(9*DataSheet!CK93)) -> 9.54 | E48: =C48 -> V | F48: =DataSheet!DD93 -> 0.091511384 | G48: =E48 -> V | H48: =DataSheet!L93+D48 -> 549.54 | J48: =DataSheet!L93-D48 -> 530.46 | L48: =IF(AND(B48<=H48,B48>=J48),"PASSED","FAILED") -> PASSED | N48: =DataSheet!DD93+B48 -> 540.09151 | O48: =G48 -> V | P48: =H48 -> 549.54 | Q48: =O48 -> V | R48: =IF(AND(N48<=H48,N48>=J48),"PASSED","FAILED") -> PASSED | T48: =-F48+B48 -> 539.90849 | U48: =O48 -> V | V48: =IF(AND(T48<=H48,T48>=J48),"PASSED","FAILED") -> PASSED | X48: =IF(AND(L48="PASSED",R48="PASSED",V48="PASSED"),"PASSED",IF(L48="FAILED","FAILED","UNDETERMINED")) -> PASSED
B49: =DataSheet!F99 -> Resistance Test | X49: FINAL REMARKS
B51: Measured Value | D51: Tolerance | F51: Uncertainty | H51: Upper Limit | J51: Lower Limit | L51: Remarks | N51: Measured + Upper UNC | P51: Upper Limit | R51: Remarks | T51: Measured + Lower UNC | V51: Remarks
B53: =DataSheet!AM102 -> 0 | C53: =DataSheet!P102 -> Ω | D53: =ABS((DataSheet!AM102*1.5%)+(5*DataSheet!CK102)) -> 0.5 | E53: =C53 -> Ω | F53: =DataSheet!DD102 -> 0.057735078 | G53: =C53 -> Ω | H53: =DataSheet!L102+D53 -> 0.5 | J53: =DataSheet!L102-D53 -> -0.5 | L53: =IF(AND(B53<=H53,B53>=J53),"PASSED","FAILED") -> PASSED | N53: =DataSheet!DD102+B53 -> 0.057735078 | O53: =G53 -> Ω | P53: =H53 -> 0.5 | Q53: =O53 -> Ω | R53: =IF(AND(N53<=H53,N53>=J53),"PASSED","FAILED") -> PASSED | T53: =-F53+B53 -> -0.057735078 | U53: =O53 -> Ω | V53: =IF(AND(T53<=H53,T53>=J53),"PASSED","FAILED") -> PASSED | X53: =IF(AND(L53="PASSED",R53="PASSED",V53="PASSED"),"PASSED",IF(L53="FAILED","FAILED","UNDETERMINED")) -> PASSED
B54: =DataSheet!AM103 -> 540 | C54: =DataSheet!P103 -> Ω | D54: =ABS((DataSheet!AM103*1.5%)+(5*DataSheet!CK103)) -> 8.6 | E54: =C54 -> Ω | F54: =DataSheet!DD103 -> 0.057812917 | G54: =C54 -> Ω | H54: =DataSheet!L103+D54 -> 548.6 | J54: =DataSheet!L103-D54 -> 531.4 | L54: =IF(AND(B54<=H54,B54>=J54),"PASSED","FAILED") -> PASSED | N54: =DataSheet!DD103+B54 -> 540.05781 | O54: =G54 -> Ω | P54: =H54 -> 548.6 | Q54: =O54 -> Ω | R54: =IF(AND(N54<=H54,N54>=J54),"PASSED","FAILED") -> PASSED | T54: =-F54+B54 -> 539.94219 | U54: =O54 -> Ω | V54: =IF(AND(T54<=H54,T54>=J54),"PASSED","FAILED") -> PASSED | X54: =IF(AND(L54="PASSED",R54="PASSED",V54="PASSED"),"PASSED",IF(L54="FAILED","FAILED","UNDETERMINED")) -> PASSED
B55: =DataSheet!AM104 -> 5.4 | C55: =DataSheet!P104 -> kΩ | D55: =ABS((DataSheet!AM104*1.5%)+(5*DataSheet!CK104)) -> 0.086 | E55: =C55 -> kΩ | F55: =DataSheet!DD104 -> 0.00057996408 | G55: =C55 -> kΩ | H55: =DataSheet!L104+D55 -> 5.486 | J55: =DataSheet!L104-D55 -> 5.314 | L55: =IF(AND(B55<=H55,B55>=J55),"PASSED","FAILED") -> PASSED | N55: =DataSheet!DD104+B55 -> 5.40058 | O55: =G55 -> kΩ | P55: =H55 -> 5.486 | Q55: =O55 -> kΩ | R55: =IF(AND(N55<=H55,N55>=J55),"PASSED","FAILED") -> PASSED | T55: =-DataSheet!DD104+B55 -> 5.39942 | U55: =O55 -> kΩ | V55: =IF(AND(T55<=H55,T55>=J55),"PASSED","FAILED") -> PASSED | X55: =IF(AND(L55="PASSED",R55="PASSED",V55="PASSED"),"PASSED",IF(L55="FAILED","FAILED","UNDETERMINED")) -> PASSED
B56: =DataSheet!AM105 -> 54 | C56: =DataSheet!P105 -> kΩ | D56: =ABS((DataSheet!AM105*1.5%)+(5*DataSheet!CK105)) -> 0.86 | E56: =C56 -> kΩ | F56: =DataSheet!DD105 -> 0.0058300457 | G56: =C56 -> kΩ | H56: =DataSheet!L105+D56 -> 54.86 | J56: =DataSheet!L105-D56 -> 53.14 | L56: =IF(AND(B56<=H56,B56>=J56),"PASSED","FAILED") -> PASSED | N56: =DataSheet!DD105+B56 -> 54.00583 | O56: =G56 -> kΩ | P56: =H56 -> 54.86 | Q56: =O56 -> kΩ | R56: =IF(AND(N56<=H56,N56>=J56),"PASSED","FAILED") -> PASSED | T56: =-F56+B56 -> 53.99417 | U56: =O56 -> kΩ | V56: =IF(AND(T56<=H56,T56>=J56),"PASSED","FAILED") -> PASSED | X56: =IF(AND(L56="PASSED",R56="PASSED",V56="PASSED"),"PASSED",IF(L56="FAILED","FAILED","UNDETERMINED")) -> PASSED
B57: =DataSheet!AM106 -> 540 | C57: =DataSheet!P106 -> kΩ | D57: =ABS((DataSheet!AM106*1.5%)+(5*DataSheet!CK106)) -> 8.6 | E57: =C57 -> kΩ | F57: =DataSheet!DD106 -> 0.058111043 | G57: =C57 -> kΩ | H57: =DataSheet!L106+D57 -> 548.6 | J57: =DataSheet!L106-D57 -> 531.4 | L57: =IF(AND(B57<=H57,B57>=J57),"PASSED","FAILED") -> PASSED | N57: =DataSheet!DD106+B57 -> 540.05811 | O57: =G57 -> kΩ | P57: =H57 -> 548.6 | Q57: =O57 -> kΩ | R57: =IF(AND(N57<=H57,N57>=J57),"PASSED","FAILED") -> PASSED | T57: =-F57+B57 -> 539.94189 | U57: =O57 -> kΩ | V57: =IF(AND(T57<=H57,T57>=J57),"PASSED","FAILED") -> PASSED | X57: =IF(AND(L57="PASSED",R57="PASSED",V57="PASSED"),"PASSED",IF(L57="FAILED","FAILED","UNDETERMINED")) -> PASSED
B58: =DataSheet!#REF! -> #REF! | C58: =DataSheet!#REF! -> #REF! | D58: =ABS((DataSheet!#REF!*1.5%)+(5*DataSheet!#REF!)) -> #REF! | E58: =C58 -> #REF! | F58: =DataSheet!#REF! -> #REF! | G58: =C58 -> #REF! | H58: =DataSheet!#REF!+D58 -> #REF! | J58: =DataSheet!#REF!-D58 -> #REF! | L58: =IF(AND(B58<=H58,B58>=J58),"PASSED","FAILED") -> #REF! | N58: =DataSheet!#REF!+B58 -> #REF! | O58: =G58 -> #REF! | P58: =H58 -> #REF! | Q58: =O58 -> #REF! | R58: =IF(AND(N58<=H58,N58>=J58),"PASSED","FAILED") -> #REF! | T58: =-DataSheet!#REF!+B58 -> #REF! | U58: =O58 -> #REF! | V58: =IF(AND(T58<=H58,T58>=J58),"PASSED","FAILED") -> #REF! | X58: =IF(AND(L58="PASSED",R58="PASSED",V58="PASSED"),"PASSED",IF(L58="FAILED","FAILED","UNDETERMINED")) -> #REF!
B59: =DataSheet!AM108 -> 45 | C59: =DataSheet!P108 -> MΩ | D59: =ABS((DataSheet!AM108*1.5%)+(5*DataSheet!CK108)) -> 0.725 | E59: =C59 -> MΩ | F59: =DataSheet!DD108 -> 0.015 | G59: =C59 -> MΩ | H59: =DataSheet!L108+D59 -> 45.725 | J59: =DataSheet!L108-D59 -> 44.275 | L59: =IF(AND(B59<=H59,B59>=J59),"PASSED","FAILED") -> PASSED | N59: =DataSheet!DD108+B59 -> 45.015 | O59: =G59 -> MΩ | P59: =H59 -> 45.725 | Q59: =O59 -> MΩ | R59: =IF(AND(N59<=H59,N59>=J59),"PASSED","FAILED") -> PASSED | T59: =-F59+B59 -> 44.985 | U59: =O59 -> MΩ | V59: =IF(AND(T59<=H59,T59>=J59),"PASSED","FAILED") -> PASSED | X59: =IF(AND(L59="PASSED",R59="PASSED",V59="PASSED"),"PASSED",IF(L59="FAILED","FAILED","UNDETERMINED")) -> PASSED
B60: =DataSheet!F110 -> DC Current Test | X60: FINAL REMARKS
B62: Measured Value | D62: Tolerance | F62: Uncertainty | H62: Upper Limit | J62: Lower Limit | L62: Remarks | N62: Measured + Upper UNC | P62: Upper Limit | R62: Remarks | T62: Measured + Lower UNC | V62: Remarks
B64: =DataSheet!AM118 -> 3 | C64: =DataSheet!P118 -> A | D64: =ABS((DataSheet!AM118*2.2%)+(5*DataSheet!CK118)) -> 0.071 | E64: =C64 -> A | F64: =DataSheet!DD118 -> 0.0016 | G64: =C64 -> A | H64: =DataSheet!L118+D64 -> 3.071 | J64: =DataSheet!L118-D64 -> 2.929 | L64: =IF(AND(B64<=H64,B64>=J64),"PASSED","FAILED") -> PASSED | N64: =DataSheet!DD118+B64 -> 3.0016 | O64: =G64 -> A | P64: =H64 -> 3.071 | Q64: =O64 -> A | R64: =IF(AND(N64<=H64,N64>=J64),"PASSED","FAILED") -> PASSED | T64: =-F64+B64 -> 2.9984 | U64: =O64 -> A | V64: =IF(AND(T64<=H64,T64>=J64),"PASSED","FAILED") -> PASSED | X64: =IF(AND(L64="PASSED",R64="PASSED",V64="PASSED"),"PASSED",IF(L64="FAILED","FAILED","UNDETERMINED")) -> PASSED
B65: =DataSheet!AM119 -> 5.4 | C65: =DataSheet!P119 -> A | D65: =ABS((DataSheet!AM119*2.2%)-(5*DataSheet!CK119)) -> 0.1138 | E65: =C65 -> A | F65: =DataSheet!DD119 -> 0.0016 | G65: =C65 -> A | H65: =DataSheet!L119+D65 -> 5.5138 | J65: =DataSheet!L119-D65 -> 5.2862 | L65: =IF(AND(B65<=H65,B65>=J65),"PASSED","FAILED") -> PASSED | N65: =DataSheet!DD119+B65 -> 5.4016 | O65: =G65 -> A | P65: =H65 -> 5.5138 | Q65: =O65 -> A | R65: =IF(AND(N65<=H65,N65>=J65),"PASSED","FAILED") -> PASSED | T65: =-F65+B65 -> 5.3984 | U65: =O65 -> A | V65: =IF(AND(T65<=H65,T65>=J65),"PASSED","FAILED") -> PASSED | X65: =IF(AND(L65="PASSED",R65="PASSED",V65="PASSED"),"PASSED",IF(L65="FAILED","FAILED","UNDETERMINED")) -> PASSED
B66: =DataSheet!AM121 -> 9 | C66: =DataSheet!P121 -> A | D66: =ABS((DataSheet!AM121*2.2%)+(5*DataSheet!CK121)) -> 0.248 | E66: =C66 -> A | F66: =DataSheet!DD121 -> 0.0059408192 | G66: =C66 -> A | H66: =DataSheet!L121+D66 -> 9.248 | J66: =DataSheet!L121-D66 -> 8.752 | L66: =IF(AND(B66<=H66,B66>=J66),"PASSED","FAILED") -> PASSED | N66: =DataSheet!DD121+B66 -> 9.0059408 | O66: =G66 -> A | P66: =H66 -> 9.248 | Q66: =O66 -> A | R66: =IF(AND(N66<=H66,N66>=J66),"PASSED","FAILED") -> PASSED | T66: =-F66+B66 -> 8.9940592 | U66: =O66 -> A | V66: =IF(AND(T66<=H66,T66>=J66),"PASSED","FAILED") -> PASSED | X66: =IF(AND(L66="PASSED",R66="PASSED",V66="PASSED"),"PASSED",IF(L66="FAILED","FAILED","UNDETERMINED")) -> PASSED
B67: =DataSheet!F123 -> AC Current Test | X67: FINAL REMARKS
B69: Measured Value | D69: Tolerance | F69: Uncertainty | H69: Upper Limit | J69: Lower Limit | L69: Remarks | N69: Measured + Upper UNC | P69: Upper Limit | R69: Remarks | T69: Measured + Lower UNC | V69: Remarks
B71: =DataSheet!AM134 -> 5.4 | C71: =DataSheet!P134 -> A | D71: =ABS((DataSheet!AM134*2.8%)+(5*DataSheet!CK134)) -> 0.1562 | E71: =C71 -> A | F71: =DataSheet!DD134 -> 0.010016653 | G71: =C71 -> A | H71: =DataSheet!L134+D71 -> 5.5562 | J71: =DataSheet!L134-D71 -> 5.2438 | L71: =IF(AND(B71<=H71,B71>=J71),"PASSED","FAILED") -> PASSED | N71: =DataSheet!DD134+B71 -> 5.4100167 | O71: =G71 -> A | P71: =H71 -> 5.5562 | Q71: =O71 -> A | R71: =IF(AND(N71<=H71,N71>=J71),"PASSED","FAILED") -> PASSED | T71: =-F71+B71 -> 5.3899833 | U71: =O71 -> A | V71: =IF(AND(T71<=H71,T71>=J71),"PASSED","FAILED") -> PASSED | X71: =IF(AND(L71="PASSED",R71="PASSED",V71="PASSED"),"PASSED",IF(L71="FAILED","FAILED","UNDETERMINED")) -> PASSED
B72: =DataSheet!AM135 -> 5.4 | C72: =DataSheet!P135 -> A | D72: =ABS((DataSheet!AM135*2.8%)+(5*DataSheet!CK135)) -> 0.1562 | E72: =C72 -> A | F72: =DataSheet!DD135 -> 0.011015141 | G72: =C72 -> A | H72: =DataSheet!L135+D72 -> 5.5562 | J72: =DataSheet!L135-D72 -> 5.2438 | L72: =IF(AND(B72<=H72,B72>=J72),"PASSED","FAILED") -> PASSED | N72: =DataSheet!DD135+B72 -> 5.4110151 | O72: =G72 -> A | P72: =H72 -> 5.5562 | Q72: =O72 -> A | R72: =IF(AND(N72<=H72,N72>=J72),"PASSED","FAILED") -> PASSED | T72: =-F72+B72 -> 5.3889849 | U72: =O72 -> A | V72: =IF(AND(T72<=H72,T72>=J72),"PASSED","FAILED") -> PASSED | X72: =IF(AND(L72="PASSED",R72="PASSED",V72="PASSED"),"PASSED",IF(L72="FAILED","FAILED","UNDETERMINED")) -> PASSED
B73: =DataSheet!AM136 -> 9 | C73: =DataSheet!P136 -> A | D73: =ABS((DataSheet!AM136*2.8%)+(5*DataSheet!CK136)) -> 0.302 | E73: =C73 -> A | F73: =DataSheet!DD136 -> 0.011547005 | G73: =C73 -> A | H73: =DataSheet!L136+D73 -> 9.302 | J73: =DataSheet!L136-D73 -> 8.698 | L73: =IF(AND(B73<=H73,B73>=J73),"PASSED","FAILED") -> PASSED | N73: =DataSheet!DD136+B73 -> 9.011547 | O73: =G73 -> A | P73: =H73 -> 9.302 | Q73: =O73 -> A | R73: =IF(AND(N73<=H73,N73>=J73),"PASSED","FAILED") -> PASSED | T73: =-F73+B73 -> 8.988453 | U73: =O73 -> A | V73: =IF(AND(T73<=H73,T73>=J73),"PASSED","FAILED") -> PASSED | X73: =IF(AND(L73="PASSED",R73="PASSED",V73="PASSED"),"PASSED",IF(L73="FAILED","FAILED","UNDETERMINED")) -> PASSED
B74: =DataSheet!AM137 -> 9 | C74: =DataSheet!P137 -> A | D74: =ABS((DataSheet!AM137*2.8%)+(5*DataSheet!CK137)) -> 0.302 | E74: =C74 -> A | F74: =DataSheet!DD137 -> 0.012423097 | G74: =C74 -> A | H74: =DataSheet!L137+D74 -> 9.302 | J74: =DataSheet!L137-D74 -> 8.698 | L74: =IF(AND(B74<=H74,B74>=J74),"PASSED","FAILED") -> PASSED | N74: =DataSheet!DD137+B74 -> 9.0124231 | O74: =G74 -> A | P74: =H74 -> 9.302 | Q74: =O74 -> A | R74: =IF(AND(N74<=H74,N74>=J74),"PASSED","FAILED") -> PASSED | T74: =-F74+B74 -> 8.9875769 | U74: =O74 -> A | V74: =IF(AND(T74<=H74,T74>=J74),"PASSED","FAILED") -> PASSED | X74: =IF(AND(L74="PASSED",R74="PASSED",V74="PASSED"),"PASSED",IF(L74="FAILED","FAILED","UNDETERMINED")) -> PASSED

Sheet Specification
